fighter,height_cm,reach_cm,weight_kg,stance,age,slpm,str_acc,sapm,str_def,td_avg,td_acc,td_def,sub_avg
Tom Aaron,,,70.3,,48.2,0.0,0.0,0.0,0.0,0.0,0.0,0.0,0.0
Papy Abedi,180.3,,83.9,Southpaw,48.2,2.8,0.55,3.15,0.48,3.47,0.57,0.5,1.3
Shamil Abdurakhimov,190.5,193.0,106.6,Orthodox,45.1,2.45,0.44,2.45,0.58,1.23,0.24,0.47,0.2
Danny Abbadi,180.3,,70.3,Orthodox,43.2,3.29,0.38,4.41,0.57,0.0,0.0,0.77,0.0
Hiroyuki Abe,167.6,,65.8,Orthodox,,1.71,0.36,3.11,0.63,0.0,0.0,0.33,0.0
Ricardo Abreu,180.3,,83.9,Orthodox,42.4,3.79,0.31,3.98,0.68,2.13,0.42,1.0,0.7
Daichi Abe,180.3,180.3,77.1,Orthodox,34.8,3.8,0.33,4.49,0.56,0.33,0.5,0.0,0.0
David Abbott,182.9,,120.2,Switch,,1.35,0.3,3.55,0.38,1.07,0.33,0.66,0.0
Klidson Abreu,182.9,188.0,93.0,Orthodox,33.7,2.05,0.4,2.9,0.55,0.64,0.2,0.8,0.0
Daniel Acacio,172.7,,81.6,Orthodox,48.7,3.52,0.36,2.85,0.62,0.33,0.2,0.81,0.0
Scott Adams,182.9,,102.1,Southpaw,,0.0,0.0,0.0,0.0,0.0,0.0,0.0,0.0
Juan Adams,195.6,203.2,120.2,Orthodox,34.7,7.09,0.55,4.06,0.34,0.91,0.66,0.57,0.0
Anthony Adams,185.4,193.0,83.9,Orthodox,38.7,3.17,0.41,5.93,0.44,0.0,0.0,0.0,0.0
Sam Adkins,190.5,,102.1,Orthodox,61.4,0.0,0.0,0.0,0.0,0.0,0.0,0.0,0.0
Israel Adesanya,193.0,203.2,83.9,Switch,37.2,3.95,0.49,2.63,0.61,0.0,0.0,0.82,0.3
Zarrukh Adashev,165.1,165.1,56.7,Southpaw,34.2,1.93,0.23,3.35,0.6,0.0,0.0,0.0,0.0
Marcelo Aguiar,177.8,,77.1,Orthodox,,0.0,0.0,0.0,0.0,0.0,0.0,0.0,0.0
Nick Agallar,172.7,,70.3,Orthodox,47.7,0.69,0.11,4.56,0.42,0.0,0.0,0.0,0.0
Mariya Agapova,167.6,172.7,56.7,Southpaw,29.5,3.7,0.5,4.15,0.47,1.23,0.66,0.33,0.6
Edwin Aguilar,177.8,,83.9,,,0.0,0.0,0.0,0.0,0.0,0.0,0.0,0.0
Fabio Aguiar,182.9,,83.9,,38.6,0.0,0.0,0.0,0.0,0.0,0.0,0.0,0.0
Jessica Aguilar,160.0,160.0,52.2,Orthodox,44.4,4.93,0.5,7.19,0.53,0.94,0.25,0.5,0.2
Kevin Aguilar,170.2,185.4,70.3,Orthodox,38.0,3.69,0.37,4.47,0.53,0.19,0.25,0.87,0.0
Christian Aguilera,175.3,182.9,77.1,Switch,34.8,3.35,0.41,4.89,0.46,0.0,0.0,0.0,0.0
Hitomi Akano,162.6,,61.2,Southpaw,52.2,0.59,0.45,2.58,0.55,0.0,0.0,0.08,0.5
Mike Aina,175.3,,70.3,Orthodox,,2.87,0.33,6.33,0.59,0.0,0.0,0.71,0.0
Rostem Akman,177.8,182.9,77.1,Switch,34.8,1.8,0.25,3.97,0.57,1.0,0.4,0.87,0.0
Omari Akhmedov,182.9,185.4,83.9,Orthodox,38.9,2.95,0.35,2.59,0.57,2.63,0.49,0.65,0.3
Razak Al-Hassan,188.0,,93.0,Orthodox,44.4,3.27,0.39,3.14,0.6,0.65,0.14,0.57,0.0
Yoshihiro Akiyama,177.8,190.5,77.1,Orthodox,51.2,3.1,0.41,3.62,0.57,2.29,0.67,0.92,1.0
Herdem Alacabek,188.0,190.5,93.0,Orthodox,35.3,3.84,0.65,6.66,0.23,2.06,0.5,0.42,0.0
Mostapha Al-Turk,188.0,195.6,111.1,Orthodox,53.2,1.36,0.19,3.61,0.53,0.0,0.0,0.0,0.0
Javi Alanis,167.6,,61.2,,,0.0,0.0,0.0,0.0,0.0,0.0,0.0,0.0
Heili Alateng,165.1,167.6,61.2,Orthodox,34.8,2.87,0.32,5.82,0.57,2.33,0.35,1.0,0.0
Brett Albee,,,102.1,,,0.0,0.0,0.0,0.0,0.0,0.0,0.0,0.0
Amir Albazi,165.1,172.7,56.7,Orthodox,32.9,4.06,0.4,3.15,0.58,2.28,0.75,0.66,0.8
Wes Albritton,177.8,,85.3,Orthodox,,0.0,0.0,0.0,0.0,0.0,0.0,0.0,0.0
John Albert,172.7,172.7,61.2,Orthodox,39.9,3.05,0.49,2.82,0.35,0.0,0.0,0.5,6.1
Aleksandra Albu,157.5,160.0,52.2,Orthodox,36.2,4.83,0.47,5.56,0.38,2.27,0.5,0.77,0.4
Junior Albini,190.5,188.0,119.7,Orthodox,35.5,3.98,0.51,6.08,0.52,1.54,0.37,1.0,0.0
Israel Albuquerque,,,83.9,Orthodox,,0.32,0.13,3.34,0.25,0.0,0.0,0.0,0.0
Juan Alcain,,,,,,0.0,0.0,0.0,0.0,0.0,0.0,0.0,0.0
Ildemar Alcantara,188.0,198.1,83.9,Orthodox,43.8,1.93,0.38,2.63,0.5,2.0,0.68,0.81,0.9
Alfonso Alcarez,160.0,,65.8,,56.3,0.0,0.0,0.0,0.0,0.0,0.0,0.0,0.0
Iuri Alcantara,175.3,180.3,61.2,Southpaw,46.1,2.72,0.45,2.79,0.49,1.44,0.62,0.6,0.8
Gilbert Aldana,185.4,,113.4,Orthodox,49.1,2.91,0.54,6.26,0.26,2.57,0.4,0.33,0.0
Hector Aldana,180.3,182.9,77.1,Orthodox,38.1,3.59,0.38,5.08,0.59,0.93,1.0,0.0,0.0
Irene Aldana,175.3,172.7,61.2,Orthodox,38.5,5.52,0.38,5.97,0.61,0.23,0.5,0.84,0.1
JJ Aldrich,165.1,170.2,56.7,Southpaw,34.0,3.76,0.41,4.55,0.61,0.8,0.4,0.57,0.0
Jose Aldo,170.2,177.8,61.2,Orthodox,40.0,3.45,0.45,3.52,0.61,0.57,0.56,0.91,0.1
Kenneth Alexander,175.3,,70.3,Orthodox,49.0,0.88,0.19,2.2,0.66,4.71,0.26,0.0,0.0
Jim Alers,175.3,180.3,65.8,Orthodox,39.9,2.9,0.4,4.38,0.56,2.26,0.41,0.8,0.3
Houston Alexander,182.9,182.9,93.0,Orthodox,54.5,3.06,0.54,3.2,0.52,1.19,0.57,0.33,0.0
John Alessio,177.8,182.9,70.3,Orthodox,47.2,2.1,0.39,2.91,0.54,1.85,0.38,0.7,1.2
Marcio Alexandre Junior,182.9,190.5,83.9,Southpaw,37.4,1.61,0.45,2.89,0.42,0.35,0.2,0.66,0.7
Olaf Alfonso,188.0,,77.1,Orthodox,52.1,1.65,0.38,4.77,0.53,0.37,0.07,0.22,0.7
Pablo Alfonso,172.7,,65.8,,43.4,0.0,0.0,0.0,0.0,0.0,0.0,0.0,0.0
Levi Alford,,,,,,0.0,0.0,0.0,0.0,0.0,0.0,0.0,0.0
Bill Algeo,182.9,185.4,65.8,Switch,37.3,6.8,0.56,5.31,0.38,0.67,0.33,0.62,0.0
Royce Alger,177.8,,90.3,Orthodox,,0.0,0.0,0.0,0.0,0.0,0.0,0.0,0.0
Amir Aliakbari,190.5,,113.4,,42.3,0.0,0.0,0.0,0.0,0.0,0.0,0.0,0.0
Sultan Aliev,180.3,188.0,77.1,Orthodox,42.0,1.41,0.45,2.2,0.56,1.76,0.38,1.0,0.0
John Allan,185.4,190.5,93.0,Orthodox,33.6,2.95,0.43,4.01,0.52,1.94,0.71,0.5,1.2
Arnold Allen,172.7,177.8,65.8,Southpaw,32.7,3.19,0.41,2.0,0.67,1.36,0.52,0.76,0.5
George Allen,188.0,,93.0,Open Stance,59.7,0.8,0.38,3.1,0.43,0.0,0.0,0.5,0.0
Ben Alloway,180.3,193.0,77.1,Orthodox,45.6,1.28,0.49,1.9,0.59,0.62,0.5,0.26,0.0
Brendan Allen,188.0,190.5,83.9,Orthodox,30.7,3.55,0.59,4.57,0.39,1.17,0.37,0.5,2.0
Ricardo Almeida,182.9,188.0,77.1,Orthodox,49.8,2.02,0.49,1.2,0.61,3.74,0.38,0.31,1.2
Magno Almeida,182.9,,70.3,,41.3,1.67,0.36,2.6,0.41,0.0,0.0,0.4,5.0
Thomas Almeida,170.2,177.8,65.8,Southpaw,35.1,5.39,0.44,4.69,0.64,0.0,0.0,0.75,0.0
Ericka Almeida,167.6,,52.2,Orthodox,37.6,1.07,0.39,3.33,0.43,0.5,0.33,0.37,0.0
Mauricio Alonso,188.0,,77.1,,46.6,5.74,0.34,1.91,0.67,0.0,0.0,0.0,0.0
Estefani Almeida,162.6,,56.7,Orthodox,37.9,3.13,0.37,6.07,0.42,0.0,0.0,0.0,0.0
Sarah Alpar,162.6,160.0,61.2,Southpaw,35.3,2.11,0.54,4.76,0.32,2.69,0.28,0.5,0.7
Rico Altamirano,177.8,,77.1,,,0.0,0.0,0.0,0.0,0.0,0.0,0.0,0.0
Ali AlQaisi,167.6,172.7,61.2,Orthodox,36.0,2.43,0.42,1.97,0.56,3.5,0.29,0.6,1.0
Mike Altman,177.8,,83.9,Orthodox,,1.56,0.2,2.08,0.75,0.0,0.0,0.0,0.0
Sean Alvarez,182.9,,106.6,Orthodox,55.2,0.89,0.37,3.25,0.47,0.0,0.0,0.0,0.0
Jaime Alvarez,172.7,175.3,56.7,Orthodox,38.5,2.73,0.4,4.53,0.56,1.0,0.33,0.5,0.0
Joel Alvarez,190.5,195.6,70.3,Orthodox,32.6,2.84,0.37,3.31,0.53,0.0,0.0,0.0,1.6
Eddie Alvarez,175.3,175.3,70.3,Orthodox,42.7,4.32,0.41,4.39,0.55,2.92,0.36,0.92,0.5
Anthony Alves,,,,,,0.0,0.0,0.0,0.0,0.0,0.0,0.0,0.0
Amilcar Alves,182.9,,77.1,Southpaw,38.1,0.5,0.46,2.02,0.3,0.0,0.0,0.53,0.0
Thiago Alves,175.3,177.8,77.1,Orthodox,43.0,3.73,0.41,3.42,0.62,0.71,0.6,0.63,0.3
Rafael Alves,172.7,172.7,65.8,Orthodox,36.0,2.02,0.45,3.66,0.59,0.0,0.0,1.0,1.9
Warlley Alves,180.3,182.9,77.1,Orthodox,35.7,3.09,0.47,3.62,0.5,1.48,0.54,0.75,1.0
Andre Amado,182.9,,69.9,Orthodox,,2.27,0.24,5.91,0.63,0.0,0.0,0.2,0.0
Maiara Amanajas dos Santos,165.1,,52.2,Southpaw,39.2,5.53,0.35,24.47,0.33,0.0,0.0,1.0,0.0
Adlan Amagov,188.0,193.0,77.1,Orthodox,39.9,3.29,0.47,0.82,0.78,5.84,0.56,1.0,0.0
Sam Alvey,188.0,190.5,93.0,Southpaw,40.4,3.17,0.44,3.26,0.55,0.08,0.16,0.82,0.1
Jimmy Ambriz,188.0,,142.9,Southpaw,56.7,0.83,0.29,3.76,0.4,3.13,0.57,1.0,0.8
Chris Amarante,,,83.9,,,0.0,0.0,0.0,0.0,0.0,0.0,0.0,0.0
JJ Ambrose,177.8,,77.1,Orthodox,,3.16,0.69,6.32,0.33,0.0,0.0,0.5,0.0
Alen Amedovski,177.8,188.0,83.9,Orthodox,38.5,0.52,0.28,3.14,0.37,0.0,0.0,0.0,0.0
Makwan Amirkhani,177.8,182.9,65.8,Southpaw,37.9,1.42,0.44,2.63,0.51,3.37,0.37,0.57,1.4
Bertrand Amoussou,172.7,,86.2,Orthodox,,6.75,0.39,2.01,0.83,0.0,0.0,0.0,0.0
Eryk Anders,185.4,190.5,83.9,Southpaw,39.4,3.23,0.46,4.15,0.51,1.62,0.35,0.8,0.1
Andy Anderson,167.6,,108.9,,52.2,0.0,0.0,0.0,0.0,0.0,0.0,0.0,0.0
Karl Amoussou,180.3,,83.9,Orthodox,40.8,1.47,0.34,2.67,0.54,0.0,0.0,0.25,1.0
Matt Andersen,188.0,,104.3,Southpaw,55.3,0.0,0.0,0.0,0.0,0.0,0.0,0.0,0.0
Lowell Anderson,167.6,,72.6,Orthodox,,0.0,0.0,0.0,0.0,0.0,0.0,0.0,0.0
Derek Anderson,182.9,,70.3,,36.6,3.97,0.37,3.08,0.61,0.34,0.14,0.6,0.0
Corey Anderson,190.5,200.7,93.0,Orthodox,37.0,4.43,0.46,2.22,0.59,4.89,0.5,0.83,0.0
Megan Anderson,182.9,182.9,65.8,Orthodox,36.6,1.76,0.46,3.35,0.37,0.52,0.25,0.53,0.5
Viscardi Andrade,180.3,190.5,77.1,Orthodox,42.5,3.26,0.42,2.77,0.63,1.93,0.5,0.66,0.3
Alex Andrade,180.3,,90.7,Orthodox,52.4,0.2,0.36,2.6,0.53,0.0,0.0,0.25,0.8
Jermaine Andre,170.2,,90.7,Orthodox,,0.0,0.0,0.0,0.0,0.0,0.0,0.0,0.0
Jessica Andrade,154.9,157.5,52.2,Orthodox,35.0,6.38,0.49,5.26,0.53,3.11,0.57,0.76,0.4
Reese Andy,182.9,,93.0,Orthodox,53.5,2.87,0.5,3.5,0.58,0.67,0.2,0.4,0.0
Dylan Andrews,185.4,188.0,83.9,Switch,46.9,2.21,0.5,2.72,0.46,2.83,0.5,0.57,0.4
Julius Anglickas,190.5,,93.0,Orthodox,35.2,4.62,0.78,1.86,0.5,4.47,0.5,0.6,1.1
Collin Anglin,175.3,180.3,65.8,Orthodox,33.6,5.87,0.55,3.47,0.58,3.0,0.75,1.0,0.0
Magomed Ankalaev,190.5,190.5,93.0,Orthodox,34.3,3.41,0.53,1.78,0.65,1.18,0.33,0.85,0.0
Yoji Anjo,180.3,,93.0,Orthodox,59.5,0.0,0.0,3.13,0.25,0.0,0.0,0.0,0.0
Nina Ansaroff,165.1,162.6,52.2,Orthodox,40.8,4.81,0.47,3.55,0.54,0.29,0.4,0.77,0.6
Angelo Antonio,,,93.0,Orthodox,,1.09,0.5,7.64,0.5,0.0,0.0,0.0,0.0
Adam Antolin,165.1,160.0,56.7,Orthodox,44.6,5.73,0.52,5.0,0.69,0.0,0.0,1.0,0.0
Gadzhimurad Antigulov,180.3,177.8,93.0,Orthodox,39.6,2.08,0.55,4.21,0.4,5.08,0.36,0.0,1.4
Azunna Anyanwu,185.4,,113.9,Orthodox,45.1,2.47,0.42,2.47,0.69,0.65,1.0,0.0,0.0
Shinsho Anzai,170.2,177.8,77.1,Orthodox,40.8,3.23,0.58,3.75,0.45,1.83,0.16,0.75,0.0
Josh Appelt,177.8,,115.7,Southpaw,43.3,1.35,0.4,11.5,0.32,0.0,0.0,0.33,0.0
Aori Qileng,170.2,,56.7,,33.2,0.0,0.0,0.0,0.0,0.0,0.0,0.0,0.0
Kenji Arai,177.8,,65.8,Southpaw,47.0,8.79,0.27,10.29,0.39,0.0,0.0,0.0,0.0
Erik Apple,182.9,,77.1,Orthodox,49.1,0.0,0.0,0.54,0.81,0.0,0.0,0.0,8.1
Romie Aram,177.8,,77.1,Orthodox,48.8,1.8,0.35,2.83,0.5,2.5,0.62,0.83,0.0
Shinya Aoki,180.3,,69.9,Southpaw,43.4,0.97,0.58,1.25,0.58,2.54,0.41,0.6,4.0
Igor Araujo,185.4,195.6,77.1,Orthodox,45.8,1.52,0.42,2.86,0.49,0.86,0.15,0.22,0.6
Felipe Arantes,172.7,185.4,61.2,Orthodox,38.6,2.37,0.45,2.66,0.64,0.93,0.47,0.41,0.7
Julio Arce,170.2,177.8,65.8,Southpaw,36.9,4.25,0.36,2.87,0.67,0.58,0.3,0.93,0.6
Viviane Araujo,162.6,172.7,56.7,Orthodox,39.8,4.97,0.48,4.84,0.6,2.33,0.64,0.94,0.2
Art Arciniega,172.7,,65.8,,44.9,1.53,0.46,2.73,0.51,0.0,0.0,0.5,1.0
Tristan Arenal,,,70.3,,,0.0,0.0,0.0,0.0,0.0,0.0,0.0,0.0
Joey Armstrong,,,,,,0.0,0.0,0.0,0.0,0.0,0.0,0.0,0.0
Andrei Arlovski,190.5,195.6,108.9,Orthodox,47.6,3.48,0.44,2.83,0.57,0.47,0.36,0.78,0.3
Akbarh Arreola,177.8,180.3,70.3,Southpaw,43.7,2.32,0.45,4.01,0.56,1.07,1.0,0.33,0.4
Ricardo Arona,180.3,,93.0,Orthodox,48.2,1.66,0.48,1.15,0.57,2.41,0.48,0.58,1.2
Chalid Arrab,180.3,,93.0,Orthodox,51.3,1.56,0.34,1.63,0.56,3.05,0.75,0.37,1.0
Austin Arnett,182.9,182.9,65.8,Orthodox,34.9,4.52,0.41,6.38,0.62,0.44,0.18,0.57,0.2
Matt Arroyo,177.8,182.9,77.1,Orthodox,44.1,1.62,0.47,2.01,0.58,2.12,0.36,1.0,5.3
Antonio Arroyo,190.5,185.4,83.9,Orthodox,37.2,3.08,0.7,1.72,0.44,1.4,0.41,0.32,0.3
Gilles Arsene,175.3,,86.2,Southpaw,,0.06,0.1,2.45,0.32,0.0,0.0,0.0,0.0
Veta Arteaga,170.2,,56.7,,,3.2,0.36,1.92,0.65,0.0,0.0,0.4,0.0
Teddy Ash,185.4,185.4,83.9,Switch,36.7,7.27,0.61,6.8,0.28,0.0,0.0,1.0,0.0
Cesar Arzamendia,180.3,,70.3,Orthodox,35.6,5.37,0.45,5.2,0.56,7.32,0.75,0.0,2.4
Askar Askar,170.2,175.3,65.8,Orthodox,32.1,0.0,0.0,0.0,0.0,0.0,0.0,0.0,0.0
Arman Ashimov,167.6,,56.7,,34.7,0.0,0.0,0.0,0.0,0.0,0.0,0.0,0.0
Askar Askarov,167.6,170.2,56.7,Orthodox,34.0,3.37,0.55,2.65,0.56,2.75,0.28,0.64,0.0
Cyril Asker,182.9,188.0,112.0,Orthodox,40.7,3.35,0.39,5.82,0.35,4.41,0.62,1.0,0.9
Scott Askham,190.5,190.5,83.9,Southpaw,38.3,3.03,0.46,3.52,0.52,0.44,0.18,0.65,0.7
Ben Askren,180.3,185.4,77.1,Orthodox,42.2,3.64,0.49,5.66,0.36,4.33,0.55,0.0,0.9
Ibo Aslan,190.5,,93.0,,30.4,0.0,0.0,0.0,0.0,0.0,0.0,0.0,0.0
Tom Aspinall,195.6,198.1,116.1,Orthodox,33.5,7.43,0.66,3.06,0.65,3.54,1.0,0.0,1.8
Bruno Assis,188.0,,83.9,Orthodox,34.3,1.27,0.43,3.2,0.36,2.0,0.5,0.66,1.0
Junior Assuncao,175.3,182.9,65.8,Orthodox,45.2,3.31,0.62,2.06,0.44,2.43,0.24,0.66,0.7
Raphael Assuncao,165.1,167.6,61.2,Orthodox,44.2,3.26,0.4,2.33,0.68,1.48,0.38,0.8,0.3
Bazigit Atajev,185.4,,104.3,Orthodox,,0.87,0.41,3.14,0.49,1.0,0.33,0.0,0.0
Rich Attonito,177.8,182.9,77.1,Orthodox,49.3,2.28,0.47,2.13,0.59,0.74,0.37,0.75,0.0
Pat Audinwood,182.9,,70.3,Orthodox,40.4,1.17,0.12,4.31,0.41,0.8,0.5,0.0,0.0
Olivier Aubin-Mercier,175.3,177.8,70.3,Southpaw,37.6,2.48,0.51,2.97,0.55,2.36,0.33,0.7,0.5
Jose Augusto,190.5,,113.9,,34.5,0.0,0.0,0.0,0.0,0.0,0.0,0.0,0.0
Marcus Aurelio,177.8,188.0,70.3,Orthodox,53.1,1.42,0.33,2.27,0.59,1.69,0.27,0.27,1.3
David Avellan,175.3,,83.9,Orthodox,,3.33,0.25,10.0,0.57,0.0,0.0,0.0,0.0
Levi Avera,185.4,,77.1,,44.4,0.0,0.0,0.0,0.0,0.0,0.0,0.0,0.0
Blas Avena,182.9,188.0,77.1,Orthodox,43.2,2.34,0.47,3.36,0.43,2.37,0.8,0.5,1.8
Anthony Avila,170.2,,65.8,,37.7,0.0,0.0,0.0,0.0,0.0,0.0,0.0,0.0
Julia Avila,170.2,172.7,61.2,Orthodox,38.4,3.1,0.41,2.9,0.54,0.49,0.5,0.6,0.0
Chris Avila,177.8,,65.8,Orthodox,33.7,2.37,0.3,4.17,0.48,0.0,0.0,0.46,0.0
Saad Awad,180.3,,70.3,,43.3,2.13,0.26,1.87,0.6,0.5,0.16,1.0,0.5
Abu Azaitar,175.3,193.0,83.9,Orthodox,40.5,3.2,0.37,1.27,0.57,1.0,1.0,0.25,0.0
Javy Ayala,185.4,,120.2,,38.1,0.83,0.25,5.0,0.33,0.0,0.0,0.0,0.0
Jessin Ayari,182.9,185.4,70.3,Orthodox,34.3,3.53,0.37,3.59,0.58,0.0,0.0,0.5,0.3
Luiz Azeredo,175.3,,69.9,Orthodox,50.3,2.16,0.39,2.76,0.57,1.07,0.5,0.45,0.3
Ottman Azaitar,172.7,180.3,70.3,Switch,36.6,8.43,0.57,1.76,0.67,0.0,0.0,1.0,0.0
Luciano Azevedo,190.5,,73.0,Orthodox,45.2,0.76,0.45,1.97,0.27,2.28,0.11,0.0,0.0
Hunter Azure,172.7,175.3,65.8,Orthodox,34.6,4.17,0.52,1.99,0.62,2.52,0.45,0.76,1.4
Niklas Backstrom,185.4,,65.8,Orthodox,37.1,1.12,0.41,3.65,0.4,2.92,0.8,0.72,2.2
Izabela Badurek,165.1,,52.2,Orthodox,35.2,3.74,0.71,4.9,0.32,1.75,0.12,1.0,0.0
Miguel Baeza,188.0,188.0,77.1,Orthodox,34.1,4.64,0.55,3.89,0.5,0.8,0.4,1.0,1.2
Ali Bagautinov,162.6,165.1,56.7,Orthodox,41.3,2.85,0.42,3.09,0.52,2.51,0.36,0.65,0.3
Seth Baczynski,190.5,190.5,77.1,Orthodox,44.9,3.08,0.31,3.14,0.51,0.89,0.16,0.48,0.8
Ryan Bader,188.0,188.0,93.0,Orthodox,43.3,2.82,0.43,1.39,0.71,3.37,0.44,0.8,0.4
Mehdi Baghdad,185.4,,70.3,Orthodox,41.4,3.13,0.3,4.56,0.46,0.0,0.0,0.33,0.0
Melsik Baghdasaryan,175.3,177.8,65.8,Southpaw,34.7,6.8,0.64,3.8,0.53,0.0,0.0,0.75,0.0
Siyar Bahadurzada,180.3,185.4,77.1,Orthodox,42.4,2.91,0.4,3.23,0.49,1.32,0.61,0.62,0.3
Ignacio Bahamondes,190.5,190.5,77.1,Orthodox,29.1,8.78,0.54,2.66,0.67,0.0,0.0,1.0,0.0
Stephen Banaszak,182.9,,65.8,,35.8,4.2,0.47,1.15,0.66,0.0,0.0,1.0,1.9
Jordan Bailey,175.3,,65.8,,,1.74,0.4,0.29,0.0,4.35,1.0,0.0,4.3
Bryan Baker,190.5,,83.9,Orthodox,40.9,1.78,0.52,2.83,0.45,0.44,0.5,0.37,0.9
Oluwale Bamgbose,180.3,198.1,83.9,Switch,39.1,2.45,0.48,2.7,0.55,0.94,0.33,0.37,0.0
Shamar Bailey,175.3,190.5,70.3,Southpaw,44.0,1.56,0.2,3.91,0.69,1.5,0.33,0.37,0.0
Scott Baker,182.9,,95.3,,,0.0,0.0,0.0,0.0,0.0,0.0,0.0,0.0
Marcin Bandel,177.8,,70.3,Orthodox,37.0,0.79,0.5,5.26,0.23,0.0,0.0,0.0,0.0
Humberto Bandenay,180.3,180.3,65.8,Southpaw,32.1,2.22,0.41,4.79,0.41,2.9,0.46,0.62,0.5
Tae Hyun Bang,175.3,180.3,70.3,Switch,43.4,2.72,0.38,2.07,0.66,0.49,0.33,0.57,0.5
Maycee Barber,165.1,165.1,56.7,Switch,28.4,5.21,0.52,3.0,0.5,1.44,0.4,0.8,0.2
Yohan Banks,,,,,,0.0,0.0,0.0,0.0,0.0,0.0,0.0,0.0
Junior Barata,177.8,,77.1,Orthodox,44.7,4.03,0.33,8.46,0.34,0.0,0.0,0.0,0.0
Antonio Banuelos,165.1,160.0,61.2,Orthodox,47.0,2.69,0.33,3.15,0.58,1.62,0.62,0.86,0.4
Bryan Barberena,182.9,182.9,77.1,Southpaw,37.4,5.48,0.48,4.7,0.45,0.23,0.28,0.6,0.5
Renan Barao,167.6,177.8,65.8,Orthodox,39.6,3.78,0.36,3.9,0.57,1.49,0.41,0.91,0.5
Edson Barboza,180.3,190.5,65.8,Orthodox,40.7,3.98,0.43,4.03,0.6,0.44,0.44,0.78,0.1
Nick Barnes,180.3,,77.1,,,2.86,0.29,8.93,0.51,5.36,1.0,1.0,5.4
James Barnes,172.7,,65.8,,,0.0,0.0,0.0,0.0,0.0,0.0,0.0,0.0
Raoni Barcelos,170.2,170.2,61.2,Orthodox,39.4,5.59,0.52,4.17,0.67,2.23,0.56,0.85,0.7
Luke Barnatt,198.1,195.6,83.9,Orthodox,38.4,4.43,0.36,3.87,0.59,0.63,0.42,0.63,0.4
Chris Barnhizer,,,,,,0.0,0.0,0.0,0.0,0.0,0.0,0.0,0.0
David Baron,167.6,,70.3,Switch,53.6,1.17,0.3,2.1,0.56,0.0,0.0,0.14,0.7
Phil Baroni,175.3,182.9,77.1,Orthodox,50.4,2.77,0.45,3.93,0.4,1.46,0.47,0.6,0.5
Josh Barnett,190.5,198.1,113.4,Orthodox,48.9,3.2,0.5,2.11,0.57,1.26,0.55,0.55,1.4
Carlos Barreto,193.0,,104.3,Orthodox,,0.0,0.0,0.0,0.0,0.0,0.0,0.0,0.0
Jose Barreto,,,83.9,Southpaw,,0.0,0.0,0.0,0.0,0.0,0.0,0.0,0.0
Dan Barrera,175.3,,77.1,Orthodox,45.7,0.8,0.7,1.2,0.28,1.0,0.08,0.0,0.0
Peter Barrett,177.8,185.4,65.8,Southpaw,40.1,4.18,0.61,4.32,0.42,1.39,0.22,0.66,0.0
David Barrios,167.6,,65.8,,,0.0,0.0,0.0,0.0,0.0,0.0,0.0,0.0
Marc-Andre Barriault,185.4,188.0,83.9,Orthodox,36.6,4.25,0.46,4.12,0.57,0.55,0.28,0.69,0.0
Alexandre Barros,175.3,,77.1,Southpaw,49.8,0.98,0.4,4.05,0.36,1.84,0.5,1.0,0.0
Ricardo Barros,185.4,,93.0,,50.5,0.0,0.0,8.22,0.31,0.0,0.0,1.0,0.0
Francimar Barroso,185.4,190.5,93.0,Orthodox,46.6,2.77,0.52,3.07,0.59,2.22,0.24,0.83,0.0
Dean Barry,,,70.3,,34.5,0.0,0.0,0.0,0.0,0.0,0.0,0.0,0.0
Enrique Barzola,170.2,177.8,65.8,Orthodox,37.4,3.91,0.41,2.97,0.68,4.2,0.45,0.66,0.3
Stephen Bass,175.3,,65.8,Orthodox,43.9,4.87,0.52,5.87,0.55,0.0,0.0,0.0,0.0
Pat Barry,180.3,188.0,106.6,Orthodox,47.2,2.72,0.52,3.54,0.59,0.0,0.0,0.76,0.2
Sean Bassett,,,70.3,,,0.0,0.0,0.0,0.0,0.0,0.0,0.0,0.0
Ryan Bastianelli,165.1,,61.2,,,0.0,0.0,0.0,0.0,0.0,0.0,0.0,0.0
Shayna Baszler,170.2,,61.2,Orthodox,46.1,2.49,0.3,6.36,0.51,0.67,0.18,0.44,1.3
Batgerel Danaa,170.2,177.8,61.2,Orthodox,37.2,5.66,0.38,2.61,0.58,0.0,0.0,0.57,0.0
Michel Batista,190.5,,117.9,Orthodox,42.4,0.0,0.0,4.03,0.4,6.72,0.5,0.0,0.0
Alan Baudot,190.5,200.7,110.2,Orthodox,38.6,1.89,0.25,10.11,0.36,0.0,0.0,0.0,0.0
Mario Bautista,175.3,175.3,61.2,Switch,33.2,5.71,0.45,4.78,0.54,0.48,0.33,0.7,0.0
Chris Beal,170.2,175.3,56.7,Orthodox,41.1,3.45,0.35,3.18,0.61,1.6,0.58,0.78,0.2
Rudy Bears,180.3,,77.1,Southpaw,,1.27,0.29,2.53,0.5,0.0,0.0,0.0,0.0
Salvador Becerra,175.3,,70.3,,,4.57,0.31,3.83,0.58,0.0,0.0,0.66,0.0
Ariel Beck,167.6,167.6,56.7,Southpaw,36.0,4.44,0.34,4.31,0.64,0.0,0.0,0.0,0.0
Jeff Bedard,167.6,,65.8,Orthodox,56.6,0.8,0.51,0.0,1.0,3.43,0.66,1.0,2.6
Eric Bedard,188.0,,108.4,,42.0,6.37,0.35,8.54,0.52,0.0,0.0,0.0,0.0
Lyle Beerbohm,177.8,,70.3,Southpaw,47.6,1.98,0.55,1.61,0.54,2.1,0.23,0.64,0.3
Chase Beebe,170.2,170.2,61.2,Orthodox,41.5,2.17,0.38,1.64,0.69,2.49,0.42,0.41,0.9
Johnny Bedford,177.8,180.3,61.2,Orthodox,43.7,4.53,0.5,1.75,0.63,1.83,0.62,0.62,0.0
Mirsad Bektic,172.7,177.8,65.8,Orthodox,35.6,2.43,0.41,1.8,0.57,3.98,0.52,0.92,0.4
Diana Belbita,170.2,172.7,56.7,Orthodox,30.2,5.81,0.39,6.49,0.52,1.69,0.66,0.64,0.0
Alan Belcher,188.0,190.5,83.9,Orthodox,42.4,2.7,0.41,3.1,0.59,0.44,0.26,0.55,0.9
Danilo Belluardo,182.9,188.0,70.3,Southpaw,32.2,1.52,0.61,4.79,0.41,3.5,1.0,0.5,0.0
Vitor Belfort,182.9,188.0,83.9,Southpaw,49.5,1.59,0.46,2.83,0.5,1.02,0.6,0.53,0.6
Joey Beltran,185.4,190.5,83.9,Orthodox,44.8,4.92,0.36,5.27,0.54,0.48,0.18,0.75,0.0
Marco Beltran,172.7,175.3,56.7,Orthodox,40.4,2.07,0.37,1.93,0.63,0.7,0.5,0.46,0.2
Mike Bencic,182.9,,97.5,Orthodox,,0.0,0.0,3.32,0.53,0.0,0.0,0.0,0.0
Joseph Benavidez,162.6,165.1,56.7,Southpaw,42.1,3.52,0.34,2.67,0.61,1.41,0.3,0.62,0.6
Karla Benitez,160.0,,51.3,,,0.0,0.0,2.4,0.57,0.0,0.0,1.0,0.0
Dave Beneteau,188.0,,113.4,Orthodox,,0.0,0.0,0.0,0.0,0.0,0.0,0.0,0.0
Gabriel Benitez,172.7,180.3,70.3,Southpaw,38.3,4.38,0.38,3.26,0.7,0.17,0.5,0.56,1.2
DeAnna Bennett,162.6,172.7,56.7,Orthodox,41.8,3.13,0.58,3.27,0.58,0.0,0.0,0.0,1.0
Josh Bennett,193.0,,117.5,Orthodox,,2.9,0.4,5.8,0.43,1.5,1.0,1.0,0.0
Charles Bennett,172.7,,70.3,Orthodox,46.8,1.39,0.39,1.35,0.64,2.02,1.0,0.36,2.0
Lance Benoist,180.3,182.9,77.1,Southpaw,38.1,3.68,0.51,2.7,0.56,1.5,0.33,0.61,0.0
Joe Benoit,175.3,,77.1,Orthodox,44.5,0.0,0.0,0.0,1.0,0.0,0.0,0.0,0.0
Pat Benson,175.3,,70.3,,,0.0,0.0,0.0,0.0,0.0,0.0,0.0,0.0
Ryan Benoit,165.1,172.7,56.7,Orthodox,37.1,2.95,0.41,3.4,0.6,0.33,0.25,0.7,0.5
Len Bentley,175.3,,70.3,,43.8,0.0,0.0,0.0,0.0,0.0,0.0,0.0,0.0
Kenneth Bergh,188.0,188.0,93.0,Orthodox,37.2,4.56,0.75,1.27,0.28,0.0,0.0,0.0,0.0
Steve Berger,180.3,,77.1,Orthodox,53.3,1.0,0.27,3.26,0.36,0.84,0.4,0.16,1.7
Bret Bergmark,175.3,,77.1,,52.8,2.78,0.52,2.78,0.37,4.17,1.0,0.5,4.2
Keith Berish,182.9,,93.0,Orthodox,40.9,3.58,0.36,4.81,0.62,1.76,0.4,0.0,0.0
Dennis Bermudez,167.6,167.6,70.3,Orthodox,39.8,4.42,0.46,3.07,0.59,3.89,0.4,0.82,1.1
Dave Berry,,,,,,0.0,0.0,0.0,0.0,0.0,0.0,0.0,0.0
Talita Bernardo,162.6,172.7,61.2,Orthodox,39.6,3.12,0.42,4.04,0.55,1.62,0.22,0.28,0.5
Manny Bermudez,177.8,180.3,65.8,Orthodox,32.2,2.92,0.61,2.68,0.46,3.06,0.54,0.0,3.1
Keith Berry,185.4,,83.9,,38.9,0.27,0.12,6.27,0.28,0.0,0.0,0.0,0.0
Dieusel Berto,175.3,,90.7,,,0.0,0.0,0.0,0.0,0.0,0.0,0.0,0.0
Edson Berto,167.6,,70.3,Orthodox,43.2,1.76,0.36,4.62,0.47,5.47,0.4,0.0,2.7
Allen Berube,172.7,,70.3,Orthodox,52.1,0.92,0.8,0.92,0.33,6.87,1.0,0.0,3.4
Anton Berzin,188.0,,93.0,Orthodox,37.0,4.4,0.46,6.8,0.67,2.0,0.28,0.0,1.0
Khadzhi Bestaev,198.1,193.0,83.9,,38.2,6.15,0.29,10.0,0.43,0.0,0.0,0.0,0.0
Matt Bessette,177.8,177.8,65.8,Orthodox,41.7,4.36,0.41,4.45,0.58,0.64,0.28,0.61,0.3
Scott Bessac,193.0,,111.1,,,0.0,0.0,0.0,0.0,0.0,0.0,0.0,0.0
Fernando Bettega,,,77.1,,46.5,0.0,0.0,0.0,0.0,0.0,0.0,0.0,0.0
Arjan Bhullar,185.4,190.5,111.1,Orthodox,40.4,2.33,0.56,3.25,0.59,1.73,0.75,1.0,0.0
Bibulatov Magomed,165.1,165.1,56.7,Orthodox,38.1,3.6,0.51,1.83,0.52,2.85,0.4,0.75,0.0
KB Bhullar,193.0,198.1,83.9,Switch,34.9,1.18,0.13,10.0,0.37,0.0,0.0,0.0,0.0
David Bielkheden,177.8,180.3,70.3,Orthodox,47.3,1.11,0.57,1.64,0.54,2.65,0.63,0.14,0.0
Jeremiah Billington,175.3,,93.0,Orthodox,48.9,1.6,0.62,7.06,0.35,0.0,0.0,0.5,0.0
Scott Bills,177.8,,77.1,,,0.0,0.0,0.0,0.0,0.0,0.0,0.0,0.0
Anthony Birchak,172.7,175.3,61.2,Orthodox,40.4,4.23,0.36,3.06,0.6,0.6,0.16,0.73,0.0
Chris Birchler,190.5,,93.0,Switch,39.3,9.35,0.46,14.83,0.35,0.0,0.0,0.0,0.0
Simon Biyong,,,93.0,,35.5,0.0,0.0,0.0,0.0,0.0,0.0,0.0,0.0
Amaury Bitetti,175.3,,83.9,Orthodox,,0.0,0.0,0.0,0.0,0.0,0.0,0.0,0.0
Michael Bisping,185.4,190.5,83.9,Orthodox,47.6,4.33,0.38,2.71,0.65,1.05,0.43,0.63,0.3
Jan Blachowicz,188.0,198.1,93.0,Orthodox,43.6,3.59,0.49,2.79,0.53,1.18,0.53,0.65,0.2
Tom Blackledge,,,93.0,Orthodox,,2.91,0.61,2.55,0.46,0.0,0.0,0.75,0.0
Jason Black,172.7,,70.3,Orthodox,54.2,1.06,0.47,2.6,0.45,0.48,0.33,0.28,6.2
Brad Blackburn,177.8,185.4,77.1,Orthodox,49.3,4.55,0.35,3.59,0.65,0.93,0.5,0.76,0.7
Jason Blackford,,,,,,0.0,0.0,0.0,0.0,0.0,0.0,0.0,0.0
Maximo Blanco,172.7,180.3,65.8,Orthodox,42.9,4.11,0.44,3.19,0.66,1.85,0.36,0.63,0.3
Sherrard Blackledge,180.3,190.5,70.3,Orthodox,33.1,3.7,0.49,3.13,0.55,4.0,0.33,0.42,0.0
David Blanco,170.2,,65.8,,,0.0,0.0,0.0,0.0,0.0,0.0,0.0,0.0
Curtis Blaydes,193.0,203.2,120.2,Orthodox,35.6,3.59,0.53,1.7,0.57,6.64,0.54,0.33,0.0
Arlene Blencowe,165.1,,65.8,,43.5,2.31,0.43,2.1,0.43,0.0,0.0,0.55,0.6
Byron Bloodworth,172.7,,61.2,Orthodox,43.1,1.82,0.28,5.18,0.5,0.0,0.0,0.0,0.0
Dashawn Boatwright,182.9,,93.0,Orthodox,38.6,0.0,0.0,52.5,0.12,0.0,0.0,0.0,0.0
Dan Bobish,188.0,,156.5,Southpaw,56.7,2.06,0.44,1.74,0.34,2.44,0.42,0.0,1.6
Kyle Bochniak,170.2,177.8,65.8,Orthodox,39.6,2.63,0.31,5.11,0.58,1.14,0.15,0.62,0.0
Mark Bocek,172.7,190.5,70.3,Orthodox,44.9,2.34,0.43,2.32,0.6,3.65,0.36,0.31,1.3
James Bochnovic,193.0,205.7,93.0,Orthodox,37.6,0.65,0.26,3.64,0.21,0.0,0.0,0.0,0.0
Jeremy Boczulak,,,,,,0.0,0.0,0.0,0.0,0.0,0.0,0.0,0.0
Galore Bofando,180.3,182.9,77.1,Switch,44.3,3.63,0.45,3.63,0.54,2.37,1.0,0.5,0.0
Jay Bogan,,,65.8,,,0.0,0.0,0.0,0.0,0.0,0.0,0.0,0.0
Tim Boetsch,182.9,188.0,83.9,Orthodox,45.7,2.93,0.5,2.9,0.57,1.45,0.34,0.59,0.8
Roman Bogatov,172.7,185.4,70.3,Orthodox,35.8,3.33,0.42,4.4,0.44,1.0,0.09,0.5,0.0
Derek Bohi,193.0,,117.9,,,0.0,0.0,0.0,0.0,0.0,0.0,0.0,0.0
Jerry Bohlander,180.3,,90.3,Orthodox,52.6,0.0,0.0,0.0,0.0,0.0,0.0,0.0,0.0
Kotetsu Boku,175.3,,69.9,Orthodox,49.3,2.47,0.42,2.8,0.53,0.0,0.0,0.0,0.0
Kyle Bolt,188.0,,83.9,,,7.27,0.52,7.27,0.45,0.0,0.0,0.0,0.0
Denys Bondar,167.6,,56.7,Orthodox,34.2,0.0,0.0,0.0,0.0,0.0,0.0,0.0,0.0
Luc Bondole,188.0,,93.0,,,3.35,0.51,2.04,0.62,0.0,0.0,0.0,1.8
Tony Bonello,188.0,,83.9,,,0.62,0.33,12.62,0.1,0.0,0.0,0.0,0.0
Jesse Bongfeldt,182.9,,83.9,Orthodox,46.1,2.91,0.62,1.01,0.5,1.51,0.33,0.33,0.0
Marcos Bonilla,177.8,,65.8,,,0.47,0.12,0.47,0.94,0.0,0.0,0.0,0.0
Rogerio Bontorin,165.1,170.2,56.7,Orthodox,34.4,2.19,0.5,3.12,0.38,1.9,0.4,0.51,1.6
Stephan Bonnar,193.0,200.7,93.0,Orthodox,49.5,2.76,0.38,3.01,0.52,1.32,0.4,0.6,1.0
Ray Borg,162.6,160.0,61.2,Orthodox,33.1,1.52,0.52,1.93,0.48,3.89,0.5,0.46,1.0
Igor Borisov,182.9,,106.6,Orthodox,,0.0,0.0,0.0,0.0,0.0,0.0,0.0,0.0
Tanner Boser,188.0,190.5,115.7,Orthodox,35.1,4.54,0.55,2.7,0.63,0.0,0.0,1.0,0.0
Calen Born,172.7,182.9,77.1,Switch,38.3,0.0,0.0,0.0,0.0,0.0,0.0,0.0,0.0
Steve Bosse,180.3,182.9,93.0,Orthodox,45.2,5.99,0.52,5.38,0.5,0.92,0.33,1.0,0.0
Marcus Bossett,185.4,,97.5,Orthodox,,0.0,0.0,0.0,0.0,0.0,0.0,0.0,0.0
Chris Bostick,,,,,,0.0,0.0,0.0,0.0,0.0,0.0,0.0,0.0
Poliana Botelho,172.7,170.2,52.2,Orthodox,37.8,3.0,0.56,3.08,0.5,0.89,1.0,0.8,0.0
Francois Botha,188.0,,117.9,Orthodox,58.0,0.0,0.0,1.05,0.77,0.0,0.0,0.0,0.0
Rich Bouphanouvong,170.2,,77.1,,,0.0,0.0,0.0,0.0,0.0,0.0,0.0,0.0
Gregory Bouchelaghem,188.0,,83.0,Switch,,0.27,0.21,1.53,0.36,0.0,0.0,0.5,0.0
Roy Boughton,182.9,,93.0,,,0.0,0.0,0.0,0.0,0.0,0.0,0.0,0.0
Mike Bourke,182.9,,124.7,Orthodox,,0.0,0.0,0.0,0.0,0.0,0.0,0.0,0.0
Jess Bouscal,,,70.3,,,0.0,0.0,0.0,0.0,0.0,0.0,0.0,0.0
Tai Bowden,180.3,,104.3,,,0.0,0.0,0.0,0.0,0.0,0.0,0.0,0.0
Melton Bowen,182.9,,102.1,Orthodox,57.2,0.0,0.0,0.0,0.0,0.0,0.0,0.0,0.0
Kyron Bowen,190.5,185.4,83.9,Orthodox,32.8,2.73,0.57,2.05,0.4,0.0,0.0,0.0,0.0
Blake Bowman,188.0,,77.1,,,0.0,0.0,0.0,0.0,0.0,0.0,0.0,0.0
Brian Bowles,170.2,177.8,61.2,Orthodox,46.3,2.36,0.26,2.98,0.64,1.39,0.7,0.54,1.4
Roger Bowling,175.3,172.7,70.3,Orthodox,43.8,3.9,0.47,3.86,0.51,3.09,0.43,0.27,0.9
Ashe Bowman,175.3,,70.3,,49.8,2.43,0.42,4.86,0.57,0.0,0.0,0.0,0.0
Colley  Bradford,170.2,,65.8,,,0.43,0.25,1.73,0.5,19.42,0.5,1.0,0.0
Kyle Bradley,175.3,180.3,70.3,Orthodox,44.1,1.99,0.4,3.45,0.58,0.65,0.5,0.4,0.0
Paul Bradley,175.3,,77.1,Orthodox,43.3,2.26,0.32,4.13,0.56,1.12,0.16,1.0,0.0
Sean Brady,177.8,182.9,77.1,Orthodox,33.8,4.72,0.55,3.6,0.63,2.69,0.6,1.0,1.2
Ebenezer Fontes Braga,182.9,,90.3,Orthodox,57.4,2.42,0.5,0.42,0.71,0.0,0.0,0.9,0.6
Joe Brammer,172.7,,70.3,Orthodox,43.1,2.15,0.31,2.8,0.56,0.81,0.5,0.5,0.0
Ramiz Brahimaj,177.8,182.9,77.1,Orthodox,33.8,3.73,0.36,6.14,0.55,0.0,0.0,1.0,0.0
David Branch,185.4,198.1,83.9,Orthodox,45.0,1.66,0.39,1.91,0.56,2.55,0.32,0.43,0.0
Michael Bravo,,,70.3,,,0.0,0.0,0.0,0.0,0.0,0.0,0.0,0.0
Martin Bravo,172.7,180.3,65.8,Southpaw,33.0,7.66,0.39,5.72,0.51,2.6,0.35,0.85,0.0
Diego Brandao,170.2,162.6,65.8,Orthodox,39.3,2.94,0.47,3.38,0.62,3.21,0.68,0.8,0.6
Tom Breese,190.5,185.4,83.9,Southpaw,35.0,3.34,0.5,2.81,0.6,0.0,0.0,0.7,1.1
Mike Breeden,177.8,177.8,70.3,Orthodox,37.4,4.0,0.34,5.87,0.47,0.0,0.0,0.77,0.0
Chris Brennan,172.7,,77.1,Orthodox,54.9,0.6,0.4,0.97,0.5,0.0,0.0,0.25,2.1
Charlie Brenneman,177.8,177.8,70.3,Orthodox,45.6,1.52,0.56,1.55,0.46,4.23,0.42,0.72,0.0
Robert Breslin,180.3,,70.3,,,2.21,0.46,3.5,0.66,1.38,1.0,0.5,0.0
Marcos Brigagao,190.5,193.0,93.0,Southpaw,30.5,3.07,0.43,3.27,0.25,0.0,0.0,0.36,0.0
Mack Brewer,,,93.0,,,0.0,0.0,6.67,0.36,0.0,0.0,0.0,0.0
Jason Brilz,180.3,180.3,93.0,Orthodox,51.2,2.66,0.4,1.78,0.65,2.37,0.25,0.25,1.3
Marcus Brimage,162.6,180.3,61.2,Southpaw,41.5,3.97,0.35,3.64,0.56,0.56,1.0,0.8,0.0
Aaron Brink,190.5,,93.0,Orthodox,51.9,3.49,0.42,5.71,0.57,0.0,0.0,0.0,0.0
Marcelo Brito,185.4,,77.1,Orthodox,48.8,0.6,0.2,3.53,0.55,0.0,0.0,0.5,0.0
Henry Briones,172.7,175.3,61.2,Orthodox,45.9,3.47,0.42,4.68,0.53,0.0,0.0,0.52,0.6
Drew Brokenshire,,,,,,0.0,0.0,0.0,0.0,0.0,0.0,0.0,0.0
Antwain Britt,185.4,195.6,93.0,,48.4,1.46,0.39,2.81,0.44,1.56,0.4,0.5,0.0
Mike Bronzoulis,182.9,,70.3,,47.7,1.13,0.34,2.54,0.37,0.0,0.0,0.33,0.0
Jonathan Brookins,182.9,188.0,65.8,Southpaw,41.1,2.69,0.39,3.63,0.56,1.94,0.17,0.8,0.3
Will Brooks,177.8,182.9,70.3,Orthodox,40.0,4.26,0.59,2.54,0.56,2.08,0.51,0.82,0.3
Jarred Brooks,160.0,157.5,56.7,Switch,33.4,2.12,0.46,1.66,0.62,4.54,0.57,0.69,0.6
Rob Broughton,188.0,188.0,120.2,Orthodox,43.6,2.83,0.6,2.54,0.51,0.0,0.0,0.26,3.2
Terrell Brown,,,83.9,,43.4,0.0,0.0,0.0,0.0,0.0,0.0,0.0,0.0
Dominic Brown,180.3,,86.2,,44.3,0.0,0.0,0.0,0.0,0.0,0.0,0.0,0.0
Mike Brown,167.6,177.8,65.8,Orthodox,51.0,2.98,0.44,2.45,0.6,3.23,0.4,0.66,0.6
Chris Brown,,,77.1,,,0.0,0.0,0.0,0.0,0.0,0.0,0.0,0.0
Todd Brown,180.3,,93.0,Orthodox,49.8,2.15,0.45,3.85,0.48,0.0,0.0,0.5,0.0
Matt Brown,182.9,190.5,77.1,Orthodox,45.7,3.69,0.54,2.67,0.55,1.56,0.44,0.63,1.4
Frederick Brown,182.9,,106.6,,,0.0,0.0,0.0,0.0,0.0,0.0,0.0,0.0
TJ Brown,175.3,182.9,65.8,Switch,36.3,3.22,0.42,2.21,0.5,4.92,0.6,0.4,0.4
Damien Brown,177.8,172.7,70.3,Orthodox,41.7,3.66,0.38,4.86,0.5,0.68,0.27,0.53,0.7
Randy Brown,190.5,198.1,77.1,Orthodox,36.2,3.67,0.47,2.8,0.53,1.0,0.46,0.71,0.6
Junie Browning,175.3,,70.3,Orthodox,42.4,3.76,0.48,1.76,0.66,3.53,0.66,0.0,3.5
Humberto Brown Morrison,177.8,,65.8,,41.9,1.71,0.5,2.19,0.62,1.43,0.25,0.0,0.0
Travis Browne,198.1,200.7,115.7,Orthodox,44.2,2.93,0.41,4.31,0.42,1.21,0.68,0.75,0.2
Jules Bruchez,182.9,,93.0,Southpaw,49.1,0.69,0.5,5.52,0.46,0.0,0.0,0.0,0.0
Lee Brousseau,185.4,,93.0,,52.0,0.0,0.0,0.0,0.0,0.0,0.0,0.0,0.0
Justin Bruckmann,175.3,,77.1,Orthodox,,0.59,0.66,5.91,0.16,0.0,0.0,0.33,0.0
Cody Brundage,182.9,182.9,93.0,Orthodox,32.4,7.97,0.82,6.29,0.06,6.29,0.33,0.0,0.0
Steve Bruno,177.8,,77.1,Orthodox,44.9,0.96,0.52,3.38,0.36,1.94,0.25,0.46,0.4
Fernando Bruno,167.6,,65.8,,44.6,1.75,0.39,1.78,0.48,2.02,0.22,0.56,0.5
Derek Brunson,185.4,195.6,83.9,Southpaw,42.7,3.46,0.47,2.72,0.53,3.11,0.33,0.94,0.5
Josh Bryant,177.8,,83.9,Orthodox,46.4,1.1,0.2,6.1,0.43,0.0,0.0,0.0,0.0
Justin Buchholz,182.9,185.4,70.3,Orthodox,43.1,2.35,0.26,4.14,0.51,0.0,0.0,0.33,0.8
Dennis Bryant,182.9,,93.0,Orthodox,40.9,10.56,0.59,10.56,0.13,0.0,0.0,0.0,0.0
Zak Bucia,177.8,,77.1,,,0.0,0.0,0.0,0.0,0.0,0.0,0.0,0.0
Courtney Buck,177.8,,61.2,Orthodox,44.5,1.49,0.28,3.24,0.54,0.0,0.0,0.33,0.0
Julia Budd,170.2,170.2,65.8,,43.2,2.42,0.74,1.18,0.47,3.6,0.57,0.83,0.0
Joaquin Buckley,177.8,193.0,83.9,Southpaw,32.4,4.58,0.36,5.46,0.51,0.6,0.16,1.0,0.0
Mike Budnik,175.3,172.7,65.8,Orthodox,52.1,0.65,0.52,0.95,0.53,0.0,0.0,0.0,3.4
Francisco Bueno,175.3,,102.1,Orthodox,,0.0,0.0,0.0,0.0,0.0,0.0,0.0,0.0
Mayra Bueno Silva,167.6,167.6,61.2,Orthodox,35.1,4.06,0.57,4.89,0.47,0.0,0.0,0.73,1.6
Paul Buentello,188.0,195.6,111.1,Orthodox,52.7,3.29,0.45,3.83,0.52,0.19,0.33,0.39,0.4
Modestas Bukauskas,190.5,198.1,93.0,Switch,32.6,3.56,0.37,5.7,0.42,0.0,0.0,1.0,0.0
Lee Kwan Bum,188.0,,129.7,Orthodox,,0.71,0.14,0.0,1.0,0.0,0.0,0.0,0.0
Shawn Bunch,165.1,,61.2,,43.5,0.0,0.0,1.55,0.55,0.0,0.0,0.5,0.0
Josh Bumgarner,185.4,,77.1,,,0.0,0.0,0.0,0.0,0.0,0.0,0.0,0.0
Wuliji Buren,175.3,175.3,61.2,Orthodox,37.6,1.63,0.42,2.96,0.56,3.38,0.42,0.71,0.4
Shane Burgos,180.3,190.5,65.8,Orthodox,35.5,7.31,0.5,5.81,0.6,0.3,1.0,0.89,0.1
Joshua Burkman,177.8,182.9,77.1,Orthodox,46.5,2.69,0.43,3.13,0.51,2.53,0.36,0.72,0.3
Mads Burnell,172.7,175.3,65.8,Orthodox,32.6,1.28,0.41,2.71,0.51,3.45,0.47,0.22,0.4
Mikey Burnett,167.6,,77.1,Orthodox,52.4,0.0,0.0,0.0,0.0,0.0,0.0,0.0,0.0
Josh Burns,185.4,,110.7,,48.4,2.4,0.48,5.73,0.32,0.0,0.0,1.0,0.0
Kevin Burns,177.8,188.0,77.1,Orthodox,46.6,2.74,0.38,4.3,0.52,0.28,0.5,0.47,0.8
Herbert Burns,175.3,185.4,65.8,Orthodox,38.6,1.67,0.45,5.02,0.33,4.64,0.83,0.75,2.8
Gilbert Burns,177.8,180.3,77.1,Orthodox,40.2,3.22,0.45,3.04,0.54,2.08,0.35,0.5,0.7
Derrick Burnsed,,,70.3,,,0.0,0.0,0.0,0.0,0.0,0.0,0.0,0.0
Nah-Shon Burrell,180.3,,77.1,Orthodox,36.6,4.83,0.47,3.45,0.56,0.0,0.0,0.52,0.3
Martin Buschkamp,175.3,,65.8,Orthodox,35.7,0.0,0.0,0.0,0.0,0.0,0.0,0.0,0.0
Bubba Bush,182.9,,83.9,Orthodox,41.2,0.63,0.55,7.01,0.25,2.82,0.5,0.6,0.0
George Bush,185.4,,93.0,,,6.35,0.64,2.31,0.55,17.31,0.66,0.0,0.0
Nick Bustamante,175.3,,77.1,,,0.0,0.0,0.0,0.0,0.0,0.0,0.0,0.0
Murilo Bustamante,188.0,,83.0,Orthodox,60.2,1.33,0.32,1.9,0.6,2.46,0.33,0.54,1.2
Jason Butcher,190.5,,83.9,,41.9,1.82,0.4,2.73,0.25,13.64,0.5,0.0,0.0
Eduardo Bustillos,172.7,,61.2,,39.3,2.61,0.59,6.22,0.35,0.0,0.0,1.0,0.0
Todd Butler,185.4,,90.7,Southpaw,,0.0,0.0,0.0,0.0,0.0,0.0,0.0,0.0
Ian Butler,172.7,,70.3,,,2.09,0.14,6.69,0.36,0.0,0.0,0.5,0.0
Goldman Butler,,,,,,0.0,0.0,0.0,0.0,0.0,0.0,0.0,0.0
Cheyanne Buys,160.0,160.0,52.2,Switch,31.2,4.1,0.53,1.67,0.65,0.0,0.0,0.6,0.0
Raphael Butler,190.5,,118.4,,42.7,4.69,0.45,0.94,0.91,0.0,0.0,1.0,14.1
JP Buys,165.1,170.2,56.7,Orthodox,30.4,2.66,0.45,3.05,0.43,2.22,0.5,0.33,2.2
Dennis Buzukja,175.3,180.3,65.8,Switch,29.0,3.8,0.46,6.8,0.35,2.0,0.25,1.0,1.0
Charles Byrd,177.8,185.4,83.9,Orthodox,43.0,3.43,0.55,2.63,0.55,2.5,0.5,0.4,1.5
Steve Byrnes,182.9,,77.1,Orthodox,,1.2,0.51,2.67,0.27,3.0,0.6,0.0,4.0
Michael Byrnes,180.3,,70.3,,36.2,0.0,0.0,0.0,0.0,0.0,0.0,0.0,0.0
Alvin Cacdac,167.6,,56.7,Orthodox,,1.21,0.66,0.61,0.0,0.0,0.0,0.0,0.0
Yan Cabral,180.3,185.4,70.3,Orthodox,43.4,2.02,0.47,1.98,0.62,2.89,0.35,0.37,1.2
Alex Caceres,177.8,185.4,65.8,Southpaw,38.3,4.1,0.5,2.82,0.65,0.57,0.78,0.64,0.8
Vince Cachero,167.6,172.7,65.8,Orthodox,36.9,3.29,0.45,6.51,0.43,0.0,0.0,0.18,0.5
Priscila Cachoeira,170.2,165.1,61.2,Orthodox,38.1,3.84,0.37,7.93,0.42,0.0,0.0,0.69,0.0
Travis Calanoc,172.7,,65.8,Orthodox,,0.0,0.0,0.0,0.0,0.0,0.0,0.0,0.0
Ricky Calatayud,175.3,,56.7,,44.0,0.0,0.0,0.0,0.0,0.0,0.0,0.0,0.0
Darrion Caldwell,177.8,,61.2,,38.8,0.85,0.34,0.57,0.6,3.41,0.66,1.0,0.8
Joanne Calderwood,167.6,165.1,56.7,Orthodox,40.8,6.59,0.49,4.4,0.53,1.8,0.55,0.58,0.5
Taylor Callens,177.8,,70.3,,35.3,0.0,0.0,0.0,0.0,0.0,0.0,0.0,0.0
Joe Camacho,175.3,,70.3,Orthodox,54.5,0.31,0.17,5.0,0.42,0.0,0.0,0.0,0.0
Cynthia Calvillo,162.6,162.6,56.7,Orthodox,39.2,4.18,0.41,3.52,0.67,1.85,0.44,0.71,1.1
Frank Camacho,177.8,185.4,77.1,Orthodox,37.3,6.67,0.46,7.31,0.52,1.17,0.45,0.72,0.0
Fabricio Camoes,177.8,180.3,70.3,Orthodox,47.8,1.29,0.33,1.85,0.61,2.34,0.32,0.2,1.5
Chris Camozzi,188.0,190.5,83.9,Orthodox,39.8,3.57,0.44,2.96,0.56,0.27,0.19,0.57,0.5
Brian Camozzi,188.0,198.1,77.1,Orthodox,35.2,3.15,0.26,6.39,0.54,0.0,0.0,0.0,0.7
Thomas Campbell,,,,,,0.0,0.0,0.0,0.0,0.0,0.0,0.0,0.0
Mike Campbell,175.3,,70.3,Southpaw,,1.4,0.26,1.4,0.63,5.26,1.0,0.0,0.0
Shane Campbell,182.9,180.3,70.3,Orthodox,39.7,3.99,0.59,3.19,0.55,1.36,0.28,0.82,0.0
John Campetella,175.3,,106.6,Orthodox,,0.0,0.0,0.0,0.0,0.0,0.0,0.0,0.0
Wagner Campos,167.6,,65.8,Southpaw,45.1,1.54,0.41,2.53,0.51,2.71,1.0,0.0,0.0
Derek Campos,175.3,,70.3,,38.5,2.41,0.23,10.34,0.44,0.0,0.0,0.0,0.0
Will Campuzano,175.3,177.8,56.7,Orthodox,40.3,2.43,0.31,3.82,0.57,0.88,0.45,0.48,0.2
Chico Camus,167.6,167.6,56.7,Orthodox,41.7,2.58,0.41,2.46,0.64,0.77,0.4,0.72,0.4
Asbel Cancio,177.8,,102.1,,,0.0,0.0,0.0,0.0,0.0,0.0,0.0,0.0
Aleksa Camur,185.4,188.0,93.0,Orthodox,31.0,3.94,0.54,2.49,0.57,0.84,0.33,0.2,0.0
Carlos Candelario,172.7,170.2,56.7,Southpaw,35.3,3.87,0.47,1.67,0.57,0.0,0.0,0.46,0.0
Ronaldo Candido,167.6,,56.7,Southpaw,37.4,1.67,0.42,3.87,0.52,8.0,0.53,0.0,5.0
Guido Cannetti,167.6,172.7,61.2,Southpaw,46.8,2.85,0.51,2.17,0.5,2.64,0.5,0.75,0.3
Luiz Cane,188.0,195.6,83.9,Southpaw,45.4,4.79,0.41,5.0,0.6,0.56,0.28,1.0,0.3
Cody Canterbury,172.7,,70.3,,,0.0,0.0,0.0,0.0,0.0,0.0,0.0,0.0
Jose Canseco,193.0,,108.9,Orthodox,62.2,0.78,0.1,4.68,0.62,0.0,0.0,0.0,0.0
Jared Cannonier,180.3,195.6,83.9,Switch,42.5,3.7,0.52,3.09,0.64,0.16,0.33,0.54,0.0
Bo Cantrell,188.0,,106.6,Orthodox,57.6,3.16,0.16,12.63,0.0,0.0,0.0,0.0,0.0
Phil Caracappa,172.7,177.8,61.2,Orthodox,34.3,2.93,0.5,4.07,0.29,1.0,0.08,1.0,1.0
Steve Cantwell,188.0,190.5,83.9,Orthodox,39.8,3.63,0.34,5.76,0.55,0.65,0.3,0.8,0.7
Frank Caracci,,,,,,0.0,0.0,0.0,0.0,0.0,0.0,0.0,0.0
Gina Carano,172.7,,65.8,Orthodox,44.4,4.5,0.47,2.66,0.64,1.24,0.66,0.85,1.6
Phil Cardella,180.3,,70.3,,50.2,2.47,0.5,2.0,0.57,0.0,0.0,0.11,2.5
Dos Caras Jr.,193.0,,102.1,Orthodox,49.3,0.77,0.23,1.2,0.59,0.0,0.0,0.72,0.0
Remo Cardarelli,,,61.2,,,2.27,0.47,1.47,0.59,0.0,0.0,1.0,0.0
Bryan Caraway,172.7,172.7,61.2,Orthodox,42.1,2.53,0.34,3.61,0.54,2.57,0.25,0.8,0.8
Edgar Cardenas,,,65.8,,,0.0,0.0,0.0,0.0,0.0,0.0,0.0,0.0
Chris Cariaso,160.0,162.6,56.7,Southpaw,45.3,3.35,0.43,2.23,0.61,1.11,0.39,0.57,0.8
Ronald Carillo,,,56.7,,,0.0,0.0,0.0,0.0,0.0,0.0,0.0,0.0
Rafael Carino,203.2,,111.1,Orthodox,,0.0,0.0,0.0,0.0,0.0,0.0,0.0,0.0
Don Carlo-Clauss,,,77.1,,,1.44,0.3,7.68,0.43,0.0,0.0,0.66,0.0
Antonio Carlos Junior,188.0,200.7,83.9,Orthodox,36.5,1.95,0.42,2.14,0.52,3.42,0.39,0.53,0.8
Spike Carlyle,172.7,180.3,65.8,Switch,33.4,2.55,0.54,3.85,0.3,3.34,0.36,0.57,0.5
Francis Carmont,190.5,198.1,93.0,Orthodox,45.0,2.22,0.42,1.64,0.59,1.79,0.36,0.73,0.6
Liz Carmouche,167.6,167.6,56.7,Orthodox,42.6,2.78,0.54,2.51,0.61,2.57,0.51,0.65,0.3
Ariane Carnelossi,157.5,154.9,52.2,Orthodox,33.8,6.03,0.38,7.71,0.5,0.0,0.0,0.0,0.0
Roan Carneiro,180.3,193.0,77.1,Orthodox,48.3,1.46,0.46,1.82,0.62,3.05,0.42,0.83,1.4
Luana Carolina,167.6,175.3,56.7,Orthodox,33.3,6.29,0.5,3.75,0.47,0.0,0.0,1.0,2.4
Tim Caron,185.4,,83.9,Orthodox,39.2,0.59,0.5,6.9,0.12,0.0,0.0,0.0,0.0
Cody Carrillo,177.8,,70.3,,,0.0,0.0,0.0,0.0,0.0,0.0,0.0,0.0
Gabriel Carrasco,167.6,,61.2,,,4.15,0.37,1.53,0.8,0.0,0.0,1.0,0.0
Cain Carrizosa,172.7,,70.3,Orthodox,40.2,2.72,0.42,5.8,0.51,0.0,0.0,0.14,0.0
Roger Carroll,177.8,,77.1,,,7.62,0.61,10.48,0.43,0.0,0.0,1.0,0.0
Jonny Carson,177.8,,70.3,,,0.0,0.0,0.0,0.0,0.0,0.0,0.0,0.0
Scott Carson,188.0,,97.5,,,0.62,0.66,6.22,0.23,0.0,0.0,0.0,0.0
Shonie Carter,177.8,,77.1,Southpaw,54.4,1.62,0.36,2.32,0.47,0.75,0.66,0.75,0.0
Bruno Carvalho,172.7,,69.9,,44.3,0.6,0.45,0.93,0.53,0.0,0.0,0.66,4.0
Antonio Carvalho,175.3,177.8,65.8,Orthodox,47.3,3.03,0.29,3.62,0.64,0.0,0.0,1.0,0.0
Rafael Carvalho,190.5,,83.9,,40.2,1.94,0.5,1.84,0.54,2.77,0.4,0.7,0.0
Shane Carwin,188.0,203.2,120.2,Orthodox,51.7,4.38,0.47,3.53,0.53,1.42,0.33,0.42,0.0
Johnny Case,177.8,182.9,70.3,Orthodox,37.2,3.95,0.38,2.66,0.61,1.7,0.45,0.72,0.2
Kevin Casey,180.3,195.6,83.9,Southpaw,45.3,2.27,0.53,3.76,0.46,0.79,0.22,0.27,0.4
Cortney Casey,170.2,170.2,56.7,Orthodox,39.4,4.33,0.38,4.19,0.52,0.28,0.27,0.38,0.6
Bendy Casimir,165.1,,65.8,Southpaw,46.3,0.74,0.27,3.42,0.54,0.0,0.0,1.0,0.0
Brandon Cash,195.6,,115.7,Orthodox,,5.42,0.72,0.68,0.33,10.17,0.66,0.0,0.0
Dwayne Cason,177.8,,96.2,Orthodox,,0.0,0.0,0.0,0.0,0.0,0.0,0.0,0.0
Joe Cason,190.5,,93.0,,38.7,4.17,0.55,10.83,0.23,0.0,0.0,0.0,0.0
John Castaneda,167.6,180.3,61.2,Switch,34.8,4.17,0.49,5.07,0.55,0.86,0.25,0.6,0.0
Eric Castile,172.7,,65.8,,,0.0,0.0,0.0,0.0,0.0,0.0,0.0,0.0
Gil Castillo,175.3,,77.1,Southpaw,60.9,0.6,0.45,2.22,0.44,3.33,0.45,0.5,0.0
Raul Castillo,180.3,,83.9,Orthodox,,1.47,0.48,3.27,0.6,0.0,0.0,0.0,0.0
Jenna Castillo,157.5,,56.7,,44.4,3.24,0.56,2.01,0.57,1.68,1.0,1.0,0.0
Tim Catalfo,180.3,,106.6,Orthodox,,0.39,1.0,0.77,0.33,0.0,0.0,0.0,0.0
Danny Castillo,175.3,180.3,70.3,Orthodox,47.1,2.57,0.42,1.96,0.62,2.95,0.38,0.63,0.2
Nick Catone,182.9,182.9,83.9,Southpaw,45.1,2.11,0.44,2.32,0.63,3.71,0.44,0.83,0.5
Luke Caudillo,170.2,,70.3,Orthodox,45.8,1.97,0.28,5.07,0.55,0.44,0.2,0.85,0.0
Gesias Cavalcante,172.7,180.3,70.3,Orthodox,43.2,1.98,0.35,3.11,0.51,1.25,0.36,0.66,1.1
Rafael Cavalcante,185.4,188.0,93.0,Orthodox,46.4,2.71,0.53,3.62,0.49,0.6,0.4,0.63,0.1
Adam Cella,188.0,,77.1,,41.2,1.91,0.42,2.61,0.51,3.92,0.75,0.5,1.3
Henry Cejudo,162.6,162.6,61.2,Orthodox,39.6,3.92,0.45,2.77,0.65,2.12,0.33,0.93,0.2
Yosdenis Cedeno,172.7,175.3,70.3,Orthodox,41.6,1.64,0.29,1.6,0.67,0.0,0.0,0.31,0.3
Magnus Cedenblad,195.6,200.7,83.9,Orthodox,44.5,2.38,0.51,3.02,0.4,2.87,0.64,0.66,1.0
Jared Chaffee,177.8,,70.3,,41.8,0.0,0.0,0.0,0.0,0.0,0.0,0.0,0.0
Luan Chagas,182.9,190.5,77.1,Orthodox,33.3,4.16,0.47,3.19,0.62,0.32,0.12,0.85,0.3
Donald Cerrone,185.4,185.4,70.3,Orthodox,43.5,4.43,0.46,4.46,0.53,1.19,0.33,0.73,1.2
Ansar Chalangov,175.3,,77.1,Orthodox,46.9,0.68,0.66,1.69,0.54,0.0,0.0,0.0,7.6
Donnie Chappell,180.3,,80.7,Southpaw,,0.0,0.0,0.0,0.0,0.0,0.0,0.0,0.0
Alex Chambers,160.0,160.0,52.2,Southpaw,47.9,2.97,0.54,5.1,0.5,2.31,0.41,0.53,1.0
Joe Charles,185.4,,117.9,Southpaw,,0.0,0.0,0.0,0.0,0.0,0.0,0.0,0.0
Michael Chandler,172.7,180.3,70.3,Orthodox,40.4,4.29,0.49,3.76,0.52,2.37,0.41,0.8,1.4
Dan Charles,188.0,,103.4,,41.0,2.82,0.45,3.51,0.44,0.0,0.0,0.31,0.0
Emilio Chavez,175.3,,65.8,,,2.73,0.48,1.53,0.54,3.0,0.5,0.0,0.0
Ernest Chavez,172.7,177.8,65.8,Orthodox,43.2,2.79,0.4,3.89,0.59,0.89,0.33,0.5,0.0
Danny Chavez,172.7,170.2,65.8,Orthodox,39.5,2.93,0.39,4.17,0.53,2.5,1.0,0.84,0.0
Gabriel Checco,185.4,,83.9,Switch,40.5,0.0,0.0,0.0,0.0,0.0,0.0,0.0,0.0
Fabio Cherant,185.4,,93.0,Southpaw,31.8,1.21,0.31,7.59,0.33,0.0,0.0,0.0,0.0
Ion Cherdivara,,,93.0,,,0.0,0.0,0.0,0.0,0.0,0.0,0.0,0.0
Albert Cheng,180.3,,77.1,Orthodox,41.6,1.0,0.41,2.6,0.71,0.0,0.0,0.0,0.0
Mark Cherico,170.2,175.3,65.8,Orthodox,40.4,3.69,0.34,7.37,0.56,5.03,0.5,0.0,0.0
Macy Chiasson,180.3,182.9,61.2,Orthodox,35.2,4.16,0.49,2.17,0.46,0.98,0.21,0.64,0.5
Giga Chikadze,182.9,188.0,65.8,Orthodox,38.1,3.45,0.43,2.65,0.6,0.38,0.33,0.68,0.0
Michael Chiesa,185.4,190.5,77.1,Southpaw,38.8,1.89,0.4,1.71,0.54,3.6,0.52,0.68,0.9
Khamzat Chimaev,188.0,190.5,77.1,Orthodox,32.4,9.03,0.72,0.1,0.66,4.67,0.75,0.0,3.1
Mu Bae Choi,188.0,,104.3,Orthodox,56.2,1.55,0.49,3.65,0.44,3.12,0.75,0.6,1.0
Dooho Choi,177.8,177.8,65.8,Orthodox,35.5,5.32,0.51,6.38,0.53,0.41,0.2,0.5,0.0
Hong Man Choi,218.4,,149.7,Orthodox,45.9,1.32,0.26,1.46,0.36,0.71,1.0,0.84,0.0
Sako Chivitchian,180.3,,70.3,,42.5,2.4,0.27,4.8,0.46,0.0,0.0,1.0,0.0
SeungWoo Choi,182.9,188.0,65.8,Orthodox,33.9,3.17,0.41,2.45,0.46,1.03,0.57,0.66,0.0
John Cholish,180.3,188.0,70.3,Orthodox,42.8,2.65,0.49,2.29,0.73,1.82,0.31,0.78,0.4
Joachim Christensen,190.5,193.0,93.0,Orthodox,47.9,3.78,0.41,3.29,0.46,0.0,0.0,0.0,0.0
Will Chope,193.0,,65.8,Switch,36.0,4.43,0.27,9.93,0.46,0.0,0.0,0.0,0.0
Anthony Christodoulou,175.3,,70.3,Orthodox,39.2,2.19,0.26,5.9,0.45,0.0,0.0,0.4,0.0
Ryo Chonan,175.3,177.8,77.1,Orthodox,50.0,2.57,0.43,2.25,0.6,0.61,0.41,0.39,0.3
Dan Christison,203.2,,120.2,Orthodox,54.4,4.23,0.51,3.88,0.54,0.0,0.0,0.37,1.1
Katlyn Chookagian,175.3,172.7,56.7,Orthodox,37.7,4.22,0.34,4.23,0.63,0.27,0.15,0.51,0.5
Murad Chunkaiev,180.3,,83.9,Orthodox,,0.85,0.16,3.41,0.66,8.53,1.0,0.0,0.0
Mike Ciesnolevicz,182.9,,106.6,Orthodox,46.9,0.51,0.5,4.62,0.57,0.0,0.0,0.2,5.1
Steven Ciaccio,182.9,,77.1,,,0.0,0.0,0.0,0.0,0.0,0.0,0.0,0.0
Nikolajus Cilkinas,,,,Orthodox,,0.0,0.0,5.88,0.16,0.0,0.0,0.0,0.0
Cameron Church,180.3,182.9,70.3,Orthodox,36.0,4.0,0.4,4.93,0.5,0.0,0.0,0.6,1.0
Branko Cikatic,185.4,,97.5,Orthodox,72.0,0.0,0.0,0.0,0.0,0.0,0.0,0.0,0.0
Hannah Cifers,154.9,157.5,52.2,Orthodox,34.2,4.99,0.44,5.39,0.52,0.26,1.0,0.64,0.3
Misha Cirkunov,190.5,195.6,93.0,Orthodox,39.6,4.18,0.51,3.22,0.6,4.28,0.57,0.71,2.3
Johnny Cisneros,180.3,,77.1,,46.6,0.0,0.0,0.0,0.0,0.0,0.0,0.0,0.0
Dominic Clark,177.8,,70.3,,41.1,0.0,0.0,0.0,0.0,0.0,0.0,0.0,0.0
Logan Clark,188.0,,83.9,Orthodox,41.6,2.2,0.54,1.49,0.53,0.31,1.0,0.3,2.1
Mychal Clark,190.5,,101.6,Orthodox,,5.8,0.56,2.9,0.59,0.0,0.0,0.0,0.0
Laverne Clark,180.3,,77.1,Orthodox,52.8,0.0,0.0,0.0,0.0,0.0,0.0,0.0,0.0
Devin Clark,182.9,190.5,93.0,Orthodox,36.4,3.33,0.57,2.43,0.48,2.7,0.36,0.76,0.1
Jessica-Rose Clark,165.1,162.6,56.7,Orthodox,38.8,4.68,0.51,3.98,0.6,1.01,0.55,0.73,0.4
Heather Clark,167.6,162.6,52.2,Orthodox,46.0,3.69,0.49,5.62,0.5,0.33,0.04,0.8,0.3
John Clarke,,,77.1,,49.1,0.0,0.0,0.0,0.0,0.0,0.0,0.0,0.0
Rich Clementi,175.3,182.9,70.3,Southpaw,50.5,1.43,0.37,2.29,0.6,1.72,0.42,0.25,1.1
Chris Clements,177.8,177.8,77.1,Orthodox,50.6,3.2,0.49,2.37,0.44,0.0,0.0,0.32,0.3
Mitch Clarke,177.8,185.4,70.3,Orthodox,40.8,2.35,0.34,3.27,0.47,0.64,0.15,0.5,0.4
RJ Clifford,,,72.6,,,0.0,0.0,0.0,0.0,0.0,0.0,0.0,0.0
Brian Cobb,180.3,,70.3,Orthodox,,0.0,0.0,3.68,0.55,5.81,0.5,0.0,0.0
Josh Clopton,167.6,,65.8,Orthodox,45.2,1.6,0.64,2.87,0.5,2.0,0.66,0.75,0.0
Darryl Cobb,175.3,,83.9,,46.1,0.0,0.0,0.0,0.0,0.0,0.0,0.0,0.0
Dave Cochran,167.6,,70.3,,53.4,0.0,0.0,0.0,0.0,0.0,0.0,0.0,0.0
Dakota Cochrane,172.7,,70.3,,40.4,2.66,0.75,2.66,0.3,4.43,0.33,0.0,0.0
Marc Cofer,,,83.9,,54.6,0.0,0.0,0.0,0.0,0.0,0.0,0.0,0.0
Marloes Coenen,175.3,170.2,65.8,,45.5,2.15,0.51,1.9,0.67,0.82,0.3,0.41,2.5
John Cofer,175.3,,70.3,Southpaw,42.4,2.73,0.41,3.43,0.62,1.22,0.5,0.64,0.0
Felipe Colares,172.7,175.3,61.2,Orthodox,32.5,1.13,0.42,3.0,0.32,2.0,0.25,0.34,1.0
Chris Coggins,,,,,,0.0,0.0,0.0,0.0,0.0,0.0,0.0,0.0
Wayne Cole,185.4,,93.0,Orthodox,,0.57,0.2,8.33,0.27,4.31,0.25,0.0,4.3
Devin Cole,193.0,,108.9,Orthodox,50.0,3.5,0.55,2.14,0.48,2.18,0.42,0.66,0.0
Ivan Cole,175.3,,61.2,,35.8,2.68,0.36,4.69,0.46,0.0,0.0,0.0,0.0
Coltin Cole,,,83.9,,37.4,0.0,0.0,0.0,0.0,0.0,0.0,0.0,0.0
Cortez Coleman,185.4,,83.9,,44.7,0.0,0.0,0.0,0.0,0.0,0.0,0.0,0.0
Mark Coleman,185.4,190.5,93.0,Orthodox,61.8,1.88,0.52,2.62,0.4,3.89,0.4,0.5,0.8
Clay Collard,180.3,185.4,65.8,Orthodox,33.5,4.22,0.32,5.0,0.5,2.81,0.39,0.71,0.5
Jamie Colleen,160.0,165.1,52.2,Orthodox,40.9,3.11,0.61,5.66,0.33,0.52,0.33,0.5,1.6
Jake Collier,190.5,198.1,104.3,Orthodox,37.9,4.92,0.41,4.09,0.53,0.57,0.23,0.67,0.4
Christian Colombo,195.6,,120.2,Orthodox,46.2,2.76,0.44,4.02,0.42,0.0,0.0,0.33,0.0
Wes Combs,188.0,,93.0,Orthodox,53.3,2.14,0.48,4.73,0.45,0.0,0.0,0.0,0.0
Carlos Condit,188.0,190.5,77.1,Orthodox,42.4,3.63,0.39,2.49,0.56,0.62,0.54,0.39,1.0
Montserrat Conejo,152.4,154.9,52.2,Southpaw,33.6,1.0,0.36,2.07,0.52,4.0,0.8,0.0,2.0
Chris Condo,182.9,,152.0,Orthodox,,0.0,0.0,0.0,0.0,0.0,0.0,0.0,0.0
Tristan Connelly,177.8,172.7,77.1,Orthodox,40.8,4.27,0.51,2.13,0.57,0.0,0.0,0.6,1.0
Jeremiah Constant,185.4,,108.9,Orthodox,52.2,1.5,0.75,3.25,0.43,0.0,0.0,0.0,7.5
Marcos Conrado Jr.,188.0,,99.8,Orthodox,44.5,1.6,0.34,9.69,0.35,1.84,0.14,0.0,0.0
Jonathan Contrestano,,,70.3,,,0.0,0.0,0.0,0.0,0.0,0.0,0.0,0.0
TJ Cook,,,93.0,,44.0,2.3,0.47,3.18,0.54,1.01,0.5,0.0,0.0
Mike Cook,185.4,,93.0,Orthodox,,1.72,0.49,2.4,0.46,1.03,0.33,0.55,2.1
Dewey Cooper,,,93.0,,,0.0,0.0,0.0,0.0,0.0,0.0,0.0,0.0
Bob Cook,175.3,,77.1,Orthodox,,0.0,0.0,0.0,0.0,0.0,0.0,0.0,0.0
Brett Cooper,182.9,,77.1,Orthodox,39.2,0.0,0.0,0.0,0.0,0.0,0.0,0.0,0.0
Chad Cook,188.0,,93.0,,46.9,0.0,0.0,0.0,0.0,0.0,0.0,0.0,0.0
Bill Cooper,,,70.3,,42.4,0.0,0.0,0.0,0.0,0.0,0.0,0.0,0.0
Bobby Cooper,185.4,,70.3,,,2.87,0.25,3.4,0.59,0.0,0.0,0.4,1.0
Michael Cora,185.4,195.6,77.1,Southpaw,37.1,0.8,0.28,0.13,0.66,0.0,0.0,0.25,0.0
Amanda Cooper,160.0,162.6,52.2,Switch,34.9,3.55,0.44,3.2,0.51,1.53,0.38,0.28,1.8
Kit Cope,182.9,,77.1,Orthodox,49.5,1.18,0.52,2.12,0.35,0.0,0.0,0.5,3.5
Josh Copeland,185.4,,120.2,Orthodox,43.9,1.03,0.31,3.01,0.55,0.0,0.0,0.57,0.0
Akira Corassani,172.7,172.7,65.8,Orthodox,44.1,3.25,0.45,4.91,0.5,0.7,0.28,0.86,0.0
Chris Cope,182.9,182.9,77.1,Orthodox,43.6,3.96,0.26,4.82,0.5,0.0,0.0,0.8,0.0
Muhsin Corbbrey,177.8,,70.3,Orthodox,48.4,2.02,0.34,5.41,0.53,0.0,0.0,0.8,0.4
Daniel Cormier,180.3,182.9,106.6,Orthodox,47.5,4.25,0.52,2.92,0.54,1.83,0.44,0.8,0.4
Clint Coronel,,,70.3,,,4.93,0.32,5.6,0.66,0.0,0.0,0.66,0.0
Wesley Correira,190.5,,117.9,Orthodox,47.9,2.6,0.36,8.8,0.4,0.0,0.0,0.9,0.0
Henry Corrales,175.3,,65.8,,,4.12,0.41,5.84,0.55,0.0,0.0,0.69,0.0
Bethe Correia,165.1,162.6,61.2,Orthodox,43.3,4.39,0.44,4.56,0.58,0.44,0.2,0.84,0.0
Chad Corvin,195.6,,115.7,,,0.0,0.0,0.0,0.0,0.0,0.0,0.0,0.0
Louis Cosce,175.3,180.3,77.1,Orthodox,31.1,8.22,0.48,9.3,0.48,1.07,0.11,0.0,0.0
Tracy Cortez,165.1,165.1,61.2,Orthodox,32.8,3.67,0.53,1.98,0.62,3.0,0.42,0.85,0.0
Orion Cosce,180.3,180.3,77.1,Switch,32.2,4.56,0.62,1.97,0.56,1.02,1.0,0.7,0.0
Guilherme Costa,,,70.3,,,0.0,0.0,0.0,0.0,0.0,0.0,0.0,0.0
Jadson Costa,170.2,,70.3,Orthodox,,0.2,0.5,3.05,0.5,0.0,0.0,0.0,0.0
Miguel Cosio,193.0,,93.0,,,0.0,0.0,0.0,0.0,0.0,0.0,0.0,0.0
Randy Costa,175.3,185.4,61.2,Switch,32.2,7.88,0.47,5.26,0.58,0.0,0.0,1.0,0.0
Paulo Costa,185.4,182.9,83.9,Orthodox,35.4,7.03,0.57,6.7,0.5,0.0,0.0,0.8,0.0
Oscar Cota,182.9,182.9,104.3,Orthodox,41.9,0.33,0.41,2.47,0.41,0.0,0.0,0.6,1.0
Patrick Cote,180.3,190.5,77.1,Orthodox,46.6,2.81,0.48,3.21,0.48,0.68,0.2,0.43,0.2
JC Cottrell,175.3,,70.3,Orthodox,36.9,0.79,0.25,2.75,0.45,0.79,1.0,0.5,0.0
Rashad Coulter,180.3,193.0,93.0,Orthodox,44.8,4.82,0.56,6.68,0.5,0.0,0.0,0.62,0.0
JR Coughran,167.6,,65.8,Orthodox,32.4,12.29,0.57,6.8,0.45,0.0,0.0,0.75,0.0
Dave Courchaine,172.7,,77.1,,,0.0,0.0,0.0,0.0,0.0,0.0,0.0,0.0
Kim Couture,172.7,,61.2,Orthodox,50.8,12.12,0.8,2.31,0.69,0.0,0.0,0.0,0.0
Ryan Couture,177.8,185.4,70.3,Orthodox,44.1,3.54,0.45,2.87,0.54,1.55,0.29,0.46,1.3
Nikk Covert,172.7,,83.9,,57.1,0.0,0.0,0.0,0.0,0.0,0.0,0.0,0.0
Colby Covington,180.3,182.9,77.1,Orthodox,38.6,4.12,0.38,2.86,0.55,4.61,0.5,0.75,0.1
Jeff Cox,177.8,,70.3,Orthodox,58.1,0.56,0.25,1.69,0.33,4.23,0.5,0.8,0.0
Nathan Coy,177.8,175.3,77.1,Southpaw,48.2,3.88,0.52,2.4,0.61,3.17,0.47,0.5,0.0
Andrew Craig,185.4,193.0,77.1,Orthodox,40.7,2.39,0.4,3.01,0.5,0.53,0.37,0.72,0.0
Paul Craig,190.5,193.0,93.0,Orthodox,38.8,2.4,0.49,2.43,0.49,2.11,0.26,0.55,1.5
Dan Cramer,188.0,,77.1,Orthodox,40.9,0.97,0.3,2.1,0.31,0.0,0.0,0.66,0.5
Alberto Crane,165.1,,70.3,Orthodox,50.2,0.43,0.25,2.61,0.57,0.0,0.0,0.5,4.0
Alexander Crispim,,,65.8,,,0.0,0.0,0.0,0.0,0.0,0.0,0.0,0.0
Paul Creighton,167.6,,70.3,Southpaw,56.3,0.72,0.75,4.65,0.3,5.37,0.37,0.0,0.0
Tim Credeur,190.5,190.5,83.9,Orthodox,49.2,3.59,0.3,3.13,0.57,0.41,1.0,0.5,3.3
Alex Crispin,,,70.3,,,0.0,0.0,0.0,0.0,0.0,0.0,0.0,0.0
Randy Couture,185.4,190.5,93.0,Orthodox,63.3,2.85,0.57,1.53,0.59,2.78,0.46,0.58,0.5
Kevin Croom,180.3,185.4,70.3,Orthodox,39.2,1.35,0.36,3.22,0.31,0.97,0.06,0.5,1.0
Ken Cross,182.9,182.9,70.3,Southpaw,32.0,2.2,0.57,1.4,0.55,1.0,0.12,0.66,0.0
Jeff Crotty,,,70.3,,,0.93,0.35,3.33,0.54,5.0,0.38,0.0,1.0
Richard Crunkilton,170.2,,70.3,Orthodox,46.8,1.72,0.41,1.45,0.58,4.08,0.61,0.65,1.3
Marcio Cruz,193.0,,105.2,Orthodox,48.4,2.92,0.46,1.51,0.68,0.53,0.07,0.37,1.6
Jimmy Crute,188.0,188.0,93.0,Orthodox,30.6,4.36,0.57,2.31,0.54,4.33,0.75,0.6,2.4
Dominick Cruz,172.7,172.7,61.2,Orthodox,41.5,3.65,0.32,2.42,0.72,2.99,0.46,0.83,0.1
Aalon Cruz,182.9,198.1,65.8,Switch,37.0,7.58,0.39,8.88,0.58,0.0,0.0,0.0,0.0
Jay Cucciniello,170.2,,70.3,Orthodox,40.2,0.93,0.21,4.73,0.36,0.0,0.0,0.71,0.0
Chris Culley,,,65.8,,40.5,0.0,0.0,0.0,0.0,0.0,0.0,0.0,0.0
Abel Cullum,170.2,,63.0,Orthodox,39.4,1.82,0.4,1.23,0.46,4.01,0.52,0.0,2.8
Everett Cummings,,,93.0,,,0.43,0.6,4.34,0.45,0.0,0.0,0.0,2.2
Luke Cummo,182.9,188.0,77.1,Orthodox,46.4,1.74,0.43,1.5,0.59,0.89,0.55,0.42,1.4
Alton Cunningham,188.0,195.6,93.0,Orthodox,33.2,3.33,0.75,4.94,0.2,1.67,0.1,1.0,0.0
Allen Crowder,190.5,193.0,111.1,Orthodox,36.9,2.95,0.51,2.95,0.56,1.85,0.33,1.0,1.2
Josh Culibao,177.8,185.4,70.3,Orthodox,32.3,2.52,0.38,4.3,0.48,0.0,0.0,1.0,0.0
Patrick Cummins,188.0,193.0,93.0,Orthodox,45.9,4.26,0.5,3.35,0.55,4.49,0.41,0.28,0.1
Larry Cureton,188.0,,108.9,Orthodox,,0.0,0.0,0.0,0.0,0.0,0.0,0.0,0.0
Kailin Curran,162.6,165.1,52.2,Orthodox,35.5,3.89,0.43,4.75,0.53,2.0,0.57,0.61,0.6
Jeff Curran,167.6,175.3,61.2,Orthodox,49.1,1.54,0.31,2.48,0.6,0.35,0.12,0.35,1.2
Chris Curtis,177.8,,77.1,Orthodox,39.2,7.23,0.7,5.34,0.6,0.0,0.0,0.0,0.0
Pat Curran,175.3,,65.8,,39.1,4.7,0.58,4.4,0.63,2.5,0.62,0.66,0.0
Daron Cruickshank,172.7,182.9,70.3,Switch,41.3,2.88,0.38,2.98,0.57,2.04,0.41,0.6,0.2
Ion Cutelaba,185.4,190.5,93.0,Southpaw,32.8,5.1,0.39,3.37,0.48,2.41,0.71,0.8,0.0
Marcos da Matta,162.6,,65.8,,53.5,0.0,0.0,0.0,0.0,0.0,0.0,0.0,0.0
Gleidson Cutis,175.3,,70.3,Orthodox,37.6,2.99,0.52,8.28,0.59,0.0,0.0,0.0,0.0
Henrique da Silva,190.5,193.0,93.0,Orthodox,37.1,3.89,0.6,5.28,0.4,0.25,0.14,0.22,0.2
Sarah D'alelio,170.2,,65.8,,45.8,2.4,0.33,0.0,1.0,0.0,0.0,1.0,0.0
Alex Da Silva,172.7,185.4,70.3,Orthodox,30.6,2.07,0.46,2.65,0.55,2.75,0.43,0.77,0.4
Zak Cummings,182.9,190.5,83.9,Southpaw,42.1,2.58,0.32,2.83,0.55,0.68,0.28,0.65,0.7
Henrique Da Silva Lopes,190.5,,108.9,,41.5,0.0,0.0,0.0,0.0,0.0,0.0,0.0,0.0
Nicolas Dalby,180.3,188.0,77.1,Orthodox,41.9,3.2,0.37,3.57,0.55,1.45,0.33,0.63,0.0
Paul Daley,175.3,193.0,77.1,Orthodox,43.6,3.14,0.47,2.37,0.6,0.91,0.4,0.64,0.0
Dave Dalgliesh,188.0,,93.0,Orthodox,48.5,0.0,0.0,1.85,0.5,0.0,0.0,0.0,0.0
Richard Dalton,185.4,,93.0,Orthodox,,1.2,0.69,3.27,0.25,1.0,0.11,0.0,0.0
Marko Damiani,182.9,,77.1,,,0.0,0.0,0.0,0.0,0.0,0.0,0.0,0.0
Aisling Daly,157.5,162.6,52.2,Orthodox,38.7,2.92,0.52,1.4,0.55,2.15,0.41,0.33,0.9
Carina Damm,162.6,,61.2,,,0.0,0.0,0.0,0.0,0.0,0.0,0.0,0.0
Rodrigo Damm,170.2,180.3,70.3,Orthodox,46.6,3.5,0.36,5.61,0.57,0.44,0.16,0.8,0.3
Cindy Dandois,170.2,,61.2,Orthodox,41.9,3.13,0.32,3.4,0.58,5.0,0.55,0.0,0.0
Marques Daniels,,,70.3,,,0.0,0.0,0.0,0.0,0.0,0.0,0.0,0.0
Jarjis Danho,190.5,188.0,120.2,Orthodox,42.9,3.39,0.48,5.77,0.47,0.57,0.2,1.0,0.0
Alexandre Dantas,188.0,,108.0,Orthodox,47.6,0.21,0.25,1.87,0.6,0.0,0.0,0.0,3.1
Raymond Daniels,188.0,,83.9,Southpaw,,0.0,0.0,2.61,0.38,0.0,0.0,0.33,3.0
Mac Danzig,172.7,177.8,70.3,Orthodox,46.7,3.39,0.48,3.44,0.57,1.2,0.37,0.46,0.6
Eduardo Dantas,177.8,,61.2,,37.6,3.33,0.6,3.0,0.6,4.0,0.23,1.0,0.0
Karen Darabedyan,170.2,172.7,70.3,Orthodox,39.8,3.43,0.51,2.62,0.67,2.14,0.75,0.0,0.0
Beneil Dariush,177.8,182.9,70.3,Southpaw,37.4,4.0,0.49,2.72,0.59,2.03,0.32,0.81,1.0
Sean Daugherty,182.9,,79.4,,50.8,0.0,0.0,0.0,0.0,0.0,0.0,0.0,0.0
Kyle Daukaus,190.5,193.0,83.9,Southpaw,33.6,3.69,0.59,2.16,0.42,2.33,0.41,0.94,1.7
Chris Daukaus,190.5,193.0,113.4,Orthodox,37.0,11.78,0.61,3.22,0.65,0.0,0.0,1.0,0.0
Brian Davidson,167.6,,65.8,,,0.0,0.0,0.0,0.0,0.0,0.0,0.0,0.0
Rick Davis,175.3,,70.3,Orthodox,,3.09,0.5,6.19,0.64,0.0,0.0,0.0,0.0
Marcus Davis,177.8,177.8,77.1,Southpaw,53.1,2.72,0.39,2.79,0.65,1.6,0.48,0.47,1.4
LC Davis,172.7,175.3,61.2,Southpaw,45.9,2.04,0.3,2.1,0.59,2.27,0.46,0.66,0.2
Phil Davis,188.0,200.7,93.0,Orthodox,42.0,2.85,0.34,1.33,0.72,2.99,0.38,0.72,0.6
Mike Davis,182.9,182.9,65.8,Orthodox,34.0,6.24,0.53,6.76,0.57,1.39,0.33,0.69,0.0
Lemont Davis,172.7,,77.1,Orthodox,,0.87,0.54,1.27,0.55,1.0,0.5,0.0,1.0
Justin Davis,180.3,,93.0,,43.5,0.0,0.0,0.0,0.0,0.0,0.0,0.0,0.0
Alexis Davis,167.6,172.7,61.2,Orthodox,42.0,4.18,0.47,4.18,0.55,0.94,0.4,0.34,0.8
Danny Davis,188.0,,77.1,,44.2,0.0,0.0,0.0,0.0,0.0,0.0,0.0,0.0
Hakeem Dawodu,172.7,185.4,65.8,Orthodox,35.2,5.15,0.47,2.31,0.63,0.0,0.0,0.85,0.0
Brandon Davis,177.8,182.9,61.2,Orthodox,36.4,4.65,0.35,4.33,0.6,0.71,0.45,0.56,0.1
Grant Dawson,177.8,182.9,65.8,Switch,32.6,3.4,0.48,2.1,0.51,3.44,0.34,0.4,1.6
Jason Day,182.9,182.9,83.9,Orthodox,45.3,3.61,0.54,3.46,0.47,1.13,1.0,0.0,0.0
Martin Day,177.8,185.4,65.8,Orthodox,37.9,3.97,0.45,3.79,0.53,0.72,0.6,0.65,0.5
Angel De Anda,175.3,,102.1,Orthodox,41.3,5.68,0.46,6.32,0.47,0.0,0.0,0.0,0.0
Yorgan De Castro,182.9,188.0,113.4,Orthodox,39.8,2.61,0.44,3.9,0.55,0.0,0.0,0.75,0.0
Geraldo de Freitas,170.2,182.9,61.2,Orthodox,35.0,3.67,0.52,2.62,0.5,3.0,0.45,0.59,0.0
Philip De Fries,195.6,200.7,113.4,Orthodox,40.4,2.3,0.47,3.0,0.37,3.29,0.42,1.0,0.6
Chris de la Rocha,190.5,203.2,113.4,Orthodox,47.4,4.08,0.45,6.37,0.43,2.02,0.3,0.33,1.0
Montana De La Rosa,170.2,172.7,56.7,Orthodox,31.6,2.85,0.36,3.39,0.45,2.14,0.28,0.57,1.2
Mark De La Rosa,167.6,165.1,61.2,Orthodox,32.1,3.13,0.35,5.0,0.48,0.54,0.13,0.4,0.2
Rodrigo de Lima,170.2,,70.3,Orthodox,35.5,1.29,0.33,5.5,0.32,2.66,0.36,0.0,1.3
Mike de la Torre,180.3,180.3,65.8,Orthodox,40.0,3.21,0.39,4.75,0.51,0.36,0.16,0.83,0.0
Edilberto de Oliveira,182.9,,77.1,Orthodox,43.8,4.12,0.32,6.79,0.61,0.0,0.0,0.0,0.0
Maria De Oliveira Neta,165.1,,52.2,Orthodox,29.8,2.62,0.42,11.48,0.23,0.0,0.0,0.0,0.0
Jorge de Oliveira,172.7,,70.3,Orthodox,46.7,1.26,0.31,4.84,0.48,0.0,0.0,0.22,0.0
Isabela de Padua,160.0,162.6,56.7,Orthodox,35.1,1.0,0.35,2.07,0.5,2.0,0.66,0.0,1.0
Germaine de Randamie,175.3,180.3,61.2,Orthodox,42.4,2.72,0.46,2.14,0.65,0.0,0.0,0.69,0.4
Gloria de Paula,165.1,170.2,52.2,Orthodox,31.3,3.33,0.54,1.2,0.7,0.0,0.0,0.71,1.0
Tom DeBlass,182.9,,83.9,Orthodox,44.4,1.5,0.35,4.43,0.37,1.0,0.5,0.28,0.5
Crezio de Souza,,,77.1,Orthodox,,0.0,0.0,0.0,0.0,0.0,0.0,0.0,0.0
Issac DeJesus,,,65.8,,,0.0,0.0,0.0,0.0,0.0,0.0,0.0,0.0
Johil de Oliveira,167.6,,77.1,Orthodox,,0.51,0.34,0.73,0.58,1.1,0.5,0.44,0.6
Rafael  Del Real,180.3,,102.1,,,5.58,0.4,0.0,0.0,20.93,1.0,1.0,0.0
Humberto DeLeon,,,61.2,,36.9,0.0,0.0,0.0,0.0,0.0,0.0,0.0,0.0
Israel Delgado,177.8,,70.3,,,0.0,0.0,0.0,0.0,0.0,0.0,0.0,0.0
Rolando Delgado,190.5,195.6,70.3,Orthodox,44.8,1.56,0.4,1.83,0.62,1.17,0.22,0.0,3.5
Ante Delija,193.0,,111.1,Orthodox,36.1,0.0,0.0,0.0,0.0,0.0,0.0,0.0,0.0
Jon Delos Reyes,167.6,170.2,56.7,Orthodox,39.1,2.99,0.38,4.14,0.51,3.2,0.83,0.55,1.9
Roland Delorme,175.3,180.3,61.2,Orthodox,42.8,2.28,0.44,4.32,0.4,2.51,0.34,0.42,1.6
Jason DeLucia,180.3,,86.2,Southpaw,57.2,0.0,0.0,0.0,0.0,0.0,0.0,0.0,0.0
Vanessa Demopoulos,157.5,149.9,52.2,Orthodox,38.0,1.6,0.41,3.13,0.5,0.0,0.0,0.0,2.0
Nick Denis,170.2,,61.2,Orthodox,43.0,6.54,0.53,5.42,0.36,2.8,1.0,0.8,0.0
Justin DeMoney,,,77.1,,41.2,0.0,0.0,0.0,0.0,0.0,0.0,0.0,0.0
Chris Dempsey,177.8,182.9,83.9,Orthodox,39.0,2.25,0.32,2.82,0.65,2.64,0.23,0.16,0.0
Thomas Denny,177.8,,77.1,Orthodox,55.4,2.36,0.45,4.69,0.4,1.48,0.17,0.42,1.5
Robert Densley,175.3,,70.3,,,1.81,0.47,0.4,0.6,0.0,0.0,0.5,0.0
Shane del Rosario,193.0,,113.4,Southpaw,43.0,3.93,0.6,2.97,0.54,1.2,0.4,0.16,2.4
Jason Dent,177.8,180.3,70.3,Orthodox,46.3,2.01,0.39,3.7,0.62,0.0,0.0,0.26,1.4
Tony DeSouza,182.9,177.8,77.1,Southpaw,52.2,1.12,0.52,1.57,0.41,2.25,0.42,0.4,1.5
Booker DeRousse,188.0,,93.0,,45.5,0.0,0.0,0.0,0.0,0.0,0.0,0.0,0.0
Mackenzie Dern,162.6,160.0,52.2,Orthodox,33.5,3.74,0.38,3.81,0.61,0.28,0.05,0.0,2.2
Cory Devela,152.4,,83.9,Orthodox,,4.07,0.41,4.0,0.47,1.07,0.12,0.62,0.0
Alessio Di Chirico,182.9,188.0,83.9,Orthodox,36.8,3.3,0.41,3.24,0.62,1.62,0.45,0.83,0.0
John Devine,,,,,,1.52,0.18,2.28,0.57,0.0,0.0,0.0,0.0
Micol Di Segni,160.0,152.4,52.2,Orthodox,38.7,7.47,0.4,5.87,0.33,0.0,0.0,0.37,0.0
Cyrille Diabate,198.1,205.7,93.0,Southpaw,53.0,4.06,0.71,1.78,0.6,1.17,0.83,0.53,0.2
Edwin DeWees,185.4,,83.9,Orthodox,44.1,1.53,0.33,6.19,0.39,2.18,0.66,0.0,3.3
Tyler Diamond,170.2,175.3,65.8,Orthodox,35.5,3.4,0.47,2.53,0.44,3.0,0.75,0.7,0.0
Thomas Diagne,185.4,,69.9,,43.1,4.53,0.48,4.53,0.63,2.0,1.0,0.66,0.0
Eldo Xavier Dias,180.3,,81.6,,62.2,0.0,0.0,0.0,0.0,0.0,0.0,0.0,0.0
Rafael Dias,175.3,,65.8,Orthodox,46.9,1.13,0.27,2.19,0.6,3.17,0.47,1.0,1.2
Marc Diakiese,177.8,185.4,70.3,Orthodox,33.5,3.08,0.39,2.79,0.54,2.16,0.36,0.62,0.0
Hacran Dias,172.7,175.3,70.3,Orthodox,42.3,2.08,0.41,3.31,0.55,2.5,0.39,0.76,0.5
Nick Diaz,185.4,193.0,83.9,Southpaw,43.1,5.43,0.42,3.56,0.61,1.32,0.33,0.6,1.0
Nate Diaz,182.9,193.0,77.1,Southpaw,41.4,4.62,0.45,3.78,0.53,1.19,0.3,0.42,1.4
Adrian Diaz,177.8,,65.8,Southpaw,38.4,0.48,0.42,3.84,0.51,2.4,0.5,0.0,0.0
Mark Dickman,175.3,,65.8,,42.2,0.0,0.0,0.0,0.0,0.0,0.0,0.0,0.0
Michael Diaz,,,117.9,,,0.0,0.0,0.0,0.0,0.0,0.0,0.0,0.0
Josh Diekmann,162.6,,111.6,,50.0,0.28,0.05,8.17,0.25,0.0,0.0,0.0,0.0
Kyle Dietz,172.7,,61.2,Orthodox,40.4,1.82,0.45,2.08,0.62,0.0,0.0,0.0,0.0
Ryan Diaz,,,65.8,,,0.0,0.0,0.0,0.0,0.0,0.0,0.0,0.0
Seth Dikun,177.8,175.3,61.2,Orthodox,46.1,1.45,0.26,2.18,0.55,0.0,0.0,0.45,0.9
TJ Dillashaw,167.6,170.2,56.7,Orthodox,40.6,5.37,0.41,3.03,0.65,1.68,0.37,0.86,1.0
Matt Dixon,177.8,190.5,77.1,Switch,31.0,1.97,0.43,4.56,0.37,3.06,0.3,0.0,0.0
Rodolfo Marques Diniz,167.6,,61.2,,42.7,1.08,0.32,2.36,0.33,0.0,0.0,0.5,1.8
Ralph Dillon,188.0,,93.0,Orthodox,,0.34,0.14,0.69,0.6,0.0,0.0,0.0,0.0
Drew Dimanlig,,,83.9,,,3.7,0.73,3.17,0.2,0.0,0.0,0.0,0.0
Rico DiSciullo,172.7,,61.2,Orthodox,39.9,1.71,0.33,4.41,0.56,0.0,0.0,0.0,0.0
Helio Dipp,195.6,,83.9,Orthodox,,0.6,0.25,1.8,0.62,0.0,0.0,0.5,0.0
John Dixson,182.9,,124.7,Orthodox,,0.0,0.0,0.0,0.0,0.0,0.0,0.0,0.0
Anthony Do,162.6,,56.7,,,0.0,0.0,0.0,0.0,0.0,0.0,0.0,0.0
Russell Doane,170.2,177.8,61.2,Orthodox,40.1,1.75,0.4,1.68,0.53,2.11,0.45,0.52,0.8
David Dodd,188.0,,90.7,Orthodox,53.0,0.0,0.0,0.0,0.0,0.0,0.0,0.0,0.0
Drew Dober,172.7,177.8,70.3,Southpaw,37.9,4.33,0.4,3.87,0.54,0.8,0.17,0.55,0.1
Shana Dobson,167.6,175.3,56.7,Orthodox,37.5,3.34,0.37,5.2,0.5,0.84,0.5,0.14,0.0
Joe Doerksen,182.9,190.5,83.9,Orthodox,49.0,1.43,0.42,2.79,0.5,2.02,0.33,0.33,2.3
Mike Dolce,180.3,,83.9,,50.4,0.0,0.0,0.0,0.0,0.0,0.0,0.0,0.0
John Dodson,160.0,167.6,61.2,Orthodox,42.0,3.2,0.4,3.58,0.61,0.71,0.28,0.82,0.0
Cameron Dollar,180.3,,70.3,Orthodox,39.4,5.04,0.38,2.94,0.61,0.0,0.0,0.0,0.0
OJ Dominguez,,,,,,0.0,0.0,0.0,0.0,0.0,0.0,0.0,0.0
John Donaldson,172.7,,65.8,,34.2,1.21,0.23,4.22,0.51,0.0,0.0,0.0,0.0
CB Dollaway,188.0,193.0,83.9,Orthodox,43.1,2.65,0.47,2.58,0.54,3.55,0.54,0.62,1.2
Dennis Dombrow,,,65.8,,40.5,0.0,0.0,0.0,0.0,0.0,0.0,0.0,0.0
Cody Donovan,190.5,188.0,93.0,Orthodox,45.6,5.61,0.59,5.44,0.45,1.67,0.28,0.0,1.7
Houston Dorr,185.4,,95.3,Orthodox,,0.0,0.0,0.0,0.0,0.0,0.0,0.0,0.0
Roman Dolidze,188.0,193.0,93.0,Orthodox,38.2,2.98,0.51,1.75,0.61,1.75,0.5,0.33,2.2
Geronimo dos Santos,190.5,,119.7,Orthodox,46.1,1.09,0.33,8.73,0.41,0.0,0.0,0.33,0.0
Anderson Dos Santos,165.1,177.8,61.2,Orthodox,41.2,2.66,0.28,4.8,0.55,1.3,0.18,0.66,0.9
Antonio Dos Santos,177.8,,83.9,Orthodox,38.2,5.4,0.51,3.94,0.43,0.0,0.0,1.0,0.0
Oleksandr Doskalchuk,167.6,,56.7,Southpaw,36.5,0.0,0.0,0.0,0.0,0.0,0.0,0.0,0.0
Tiago dos Santos e Silva,175.3,177.8,65.8,Orthodox,39.4,3.69,0.35,4.23,0.59,0.63,0.11,0.33,0.3
Junior Dos Santos,193.0,195.6,108.0,Orthodox,42.6,4.49,0.47,3.33,0.56,0.3,0.5,0.81,0.1
Rafael Dos Anjos,172.7,177.8,70.3,Southpaw,41.9,3.49,0.46,3.22,0.61,1.93,0.37,0.58,0.6
David Douglas,180.3,,70.3,,45.1,0.0,0.0,0.0,0.0,0.0,0.0,0.0,0.0
Jordan Dowdy,,,77.1,,,2.11,0.44,2.63,0.5,0.0,0.0,0.0,0.0
Damion Douglas,,,77.1,,,0.0,0.0,0.0,0.0,0.0,0.0,0.0,0.0
Derek Downey,185.4,,83.9,Orthodox,46.4,0.32,1.0,3.36,0.12,2.4,0.16,0.0,0.0
John Dowdy,,,,,,0.0,0.0,0.0,0.0,0.0,0.0,0.0,0.0
John Doyle,180.3,,93.0,Orthodox,49.8,3.5,0.44,10.51,0.27,0.0,0.0,0.0,0.0
Kyle Driscoll,180.3,188.0,65.8,Orthodox,32.0,2.73,0.32,2.6,0.58,2.0,0.18,0.0,0.0
Edson Drago,193.0,,99.8,Orthodox,49.1,1.16,0.4,2.39,0.36,0.0,0.0,0.55,0.0
Danny Downes,182.9,182.9,70.3,Orthodox,40.5,1.66,0.34,3.53,0.37,0.0,0.0,0.37,0.5
Chris Drumm,172.7,,65.8,,,0.0,0.0,0.0,0.0,0.0,0.0,0.0,0.0
Hugo Duarte,182.9,,108.9,Orthodox,58.1,0.0,0.0,0.0,0.0,0.0,0.0,0.0,0.0
Tomasz Drwal,185.4,193.0,93.0,Orthodox,44.7,3.29,0.38,2.26,0.57,3.55,0.6,0.82,0.4
Robert Drysdale,190.5,,93.0,Orthodox,45.0,0.0,0.0,0.0,0.0,7.32,1.0,0.0,21.9
Dricus Du Plessis,185.4,193.0,83.9,Switch,32.7,7.72,0.44,4.16,0.67,0.0,0.0,0.0,0.0
Joe Duarte,,,70.3,,49.7,2.27,0.38,4.0,0.53,3.0,0.5,0.69,1.0
Antonio Duarte,170.2,,61.2,,,4.55,0.4,4.18,0.57,0.0,0.0,0.6,0.0
Norma Dumont,170.2,170.2,61.2,Orthodox,36.0,5.35,0.55,2.65,0.72,2.43,0.42,1.0,0.0
Jessamyn Duke,180.3,185.4,61.2,Orthodox,40.2,4.83,0.53,4.43,0.57,1.27,0.36,0.5,1.9
Adin Duenas,167.6,,65.8,,38.2,0.0,0.0,0.0,0.0,0.0,0.0,0.0,0.0
Joe Duffy,177.8,185.4,70.3,Orthodox,38.6,2.68,0.34,3.78,0.54,0.96,0.66,0.64,0.7
Milana Dudieva,160.0,,61.2,Orthodox,37.1,0.87,0.31,3.43,0.58,2.34,0.45,0.0,0.0
Todd Duffee,190.5,198.1,117.9,Orthodox,40.8,5.93,0.37,2.87,0.56,0.72,0.25,0.9,0.0
Alexis Dufresne,175.3,,61.2,Orthodox,36.1,1.33,0.27,3.33,0.6,1.5,0.5,0.5,0.0
Kelly Dullanty,172.7,,70.3,Orthodox,48.9,0.0,0.0,0.67,0.75,0.0,0.0,0.66,0.0
Alex Dunworth,172.7,,70.3,,,1.94,0.31,8.71,0.35,0.0,0.0,0.5,0.0
Cody Durden,170.2,170.2,56.7,Southpaw,35.5,3.11,0.48,3.93,0.41,3.28,0.26,0.5,0.8
Luiz Dutra,180.3,,77.1,Orthodox,44.4,3.92,0.5,4.8,0.41,0.0,0.0,1.0,0.0
Reuben Duran,170.2,180.3,61.2,Orthodox,43.2,3.19,0.49,2.61,0.5,0.98,0.23,0.25,0.7
Rilley Dutro,172.7,,56.7,Orthodox,39.1,4.74,0.54,5.95,0.33,0.0,0.0,0.83,0.0
Tom Duquesnoy,170.2,172.7,61.2,Orthodox,33.3,3.83,0.45,5.3,0.62,0.42,0.25,0.46,0.0
Evan Dunham,177.8,177.8,70.3,Southpaw,44.8,5.33,0.39,3.54,0.61,1.82,0.33,0.79,1.0
Bill Duvall,188.0,,83.9,Southpaw,,0.0,0.0,2.4,0.4,0.0,0.0,0.0,0.0
David Dvorak,165.1,172.7,56.7,Orthodox,34.3,4.5,0.48,3.17,0.63,0.0,0.0,0.75,0.0
Matt Dwyer,193.0,193.0,77.1,Orthodox,36.8,2.57,0.34,3.24,0.54,0.44,0.1,0.6,0.0
Merab Dvalishvili,167.6,172.7,61.2,Orthodox,35.7,3.91,0.39,2.08,0.61,7.71,0.43,0.8,0.3
Ben Earwood,172.7,,77.1,Orthodox,,0.5,0.55,0.2,0.33,3.0,1.0,0.0,0.0
Rolando Dy,172.7,175.3,65.8,Orthodox,36.1,3.04,0.37,4.47,0.52,0.3,0.2,0.68,0.0
Cody East,190.5,,111.1,Orthodox,38.2,4.15,0.43,7.32,0.4,3.97,1.0,0.16,0.0
Mike Easton,167.6,177.8,61.2,Southpaw,42.7,3.51,0.37,4.28,0.61,0.75,0.22,0.66,0.0
Marvin Eastman,175.3,185.4,83.9,Orthodox,55.3,2.21,0.35,3.92,0.42,1.38,0.33,0.81,0.0
Vincent Eazelle,180.3,,70.3,,45.8,0.0,0.0,0.0,0.0,0.0,0.0,0.0,0.0
Maurice Eazel,170.2,,61.2,,,0.0,0.0,0.0,0.0,0.0,0.0,0.0,0.0
Brian Ebersole,182.9,185.4,77.1,Southpaw,45.8,2.32,0.49,2.14,0.56,1.7,0.23,0.61,0.1
Ross Ebanez,175.3,,69.9,Southpaw,51.4,0.74,0.5,0.74,0.62,3.7,1.0,0.0,0.0
Mark Eddiva,172.7,172.7,65.8,Orthodox,40.6,3.37,0.45,2.98,0.54,1.45,0.22,0.63,0.0
Johnny Eduardo,170.2,180.3,61.2,Orthodox,48.1,2.89,0.38,3.34,0.63,0.0,0.0,0.62,0.5
Abdul-Kerim Edilov,188.0,,93.0,Orthodox,34.8,10.22,0.61,0.13,0.92,3.98,1.0,0.0,2.0
Frankie Edgar,167.6,172.7,61.2,Orthodox,44.9,3.7,0.39,2.71,0.66,2.28,0.31,0.65,0.3
Adli Edwards,,,65.8,,37.1,0.0,0.0,0.0,0.0,0.0,0.0,0.0,0.0
Stephanie Egger,167.6,172.7,61.2,Orthodox,38.1,0.67,0.31,1.33,0.52,1.0,0.16,0.4,0.0
Tom Egan,180.3,,77.1,Orthodox,,0.0,0.0,3.91,0.5,0.0,0.0,0.28,0.0
Joselyne Edwards,172.7,177.8,61.2,Orthodox,31.0,4.2,0.53,3.83,0.46,0.5,0.16,0.37,0.5
Te Edwards,172.7,182.9,70.3,Orthodox,36.0,1.5,0.41,4.15,0.44,0.72,1.0,0.44,0.0
Justin Edwards,177.8,177.8,70.3,Orthodox,43.7,2.68,0.42,3.32,0.51,2.14,0.26,0.27,1.0
Leon Edwards,188.0,188.0,77.1,Southpaw,35.1,2.56,0.47,2.03,0.55,1.35,0.3,0.7,0.4
Yves Edwards,175.3,185.4,70.3,Southpaw,50.0,2.91,0.42,2.34,0.66,0.76,0.53,0.69,0.7
John Elam,,,,,,0.0,0.0,0.0,0.0,0.0,0.0,0.0,0.0
Jon Olav Einemo,198.1,,114.8,Orthodox,50.8,2.15,0.52,3.05,0.52,1.73,0.55,0.43,0.0
John Paul Elias,193.0,,93.0,,,0.0,0.0,0.0,0.0,0.0,0.0,0.0,0.0
Per Eklund,177.8,182.9,70.3,Orthodox,,2.07,0.61,2.38,0.67,2.07,0.11,0.5,3.6
Saul Elizondo,170.2,,61.2,,41.2,2.07,0.3,4.93,0.48,2.0,1.0,0.66,1.0
Justin Eilers,185.4,,106.6,Orthodox,48.2,2.86,0.43,5.66,0.49,0.82,0.25,0.5,0.0
Jake Ellenberger,175.3,180.3,77.1,Orthodox,41.5,2.47,0.39,2.83,0.6,2.04,0.47,0.86,0.4
Darren Elkins,177.8,180.3,65.8,Orthodox,42.4,3.5,0.38,3.08,0.52,2.7,0.33,0.58,1.2
Joe Ellenberger,175.3,182.9,70.3,Orthodox,41.5,1.62,0.47,3.45,0.48,3.17,0.4,0.0,1.1
Eddy Ellis,175.3,,77.1,Orthodox,,3.4,0.69,1.53,0.68,4.0,0.66,0.5,2.0
Cameron Else,175.3,180.3,61.2,Switch,39.4,1.92,0.36,5.58,0.58,0.0,0.0,0.0,0.0
Lisa Ellis,162.6,,52.2,,43.9,1.68,0.48,2.32,0.57,4.19,0.63,0.5,0.6
Anna Elmose,160.0,,52.2,Orthodox,42.0,3.68,0.49,4.64,0.56,0.0,0.0,0.33,0.0
Tim Elliott,170.2,167.6,56.7,Southpaw,39.7,3.35,0.45,2.49,0.59,4.01,0.49,0.58,1.1
Aaron Ely,172.7,,61.2,,37.5,0.82,0.15,0.66,0.69,2.47,1.0,0.5,4.9
Sovannahry Em,162.6,,61.2,,34.2,0.0,0.0,0.0,0.0,0.0,0.0,0.0,0.0
Aleksander Emelianenko,198.1,,115.7,Orthodox,45.1,2.75,0.41,1.7,0.65,2.32,0.72,0.66,0.9
Rob Emerson,175.3,177.8,70.3,Orthodox,45.1,2.5,0.3,2.83,0.64,2.02,0.52,0.65,0.4
Ramazan Emeev,177.8,193.0,77.1,Southpaw,39.3,2.5,0.45,1.98,0.66,2.33,0.29,0.66,0.5
Josh Emmett,167.6,177.8,65.8,Orthodox,41.6,4.32,0.39,4.02,0.63,1.43,0.47,0.5,0.1
Jamall Emmers,177.8,188.0,65.8,Orthodox,37.2,5.75,0.52,4.65,0.54,2.9,0.53,1.0,0.0
Fedor Emelianenko,182.9,188.0,104.3,Orthodox,50.0,3.18,0.51,1.0,0.63,2.0,0.63,0.82,1.9
Kevin Engel,188.0,,77.1,,,0.0,0.0,0.0,0.0,0.0,0.0,0.0,0.0
Marius Enache,180.3,,70.3,,50.9,1.71,0.34,0.66,0.84,3.94,1.0,0.0,3.9
Oliver Enkamp,182.9,195.6,77.1,Switch,35.1,2.38,0.36,3.55,0.37,0.87,0.16,0.0,0.0
Alex Enlund,177.8,,65.8,Orthodox,39.3,0.0,0.0,0.0,0.0,0.0,0.0,0.0,0.0
Ian Entwistle,165.1,,61.2,Orthodox,39.8,0.11,0.07,7.36,0.31,0.0,0.0,0.0,12.1
Kenny Ento,188.0,,87.1,,,8.41,0.79,0.0,1.0,5.49,1.0,0.0,11.0
Won Jin Eoh,170.2,,72.6,Orthodox,,3.74,0.44,3.58,0.46,0.0,0.0,0.5,0.0
Andy Enz,190.5,198.1,83.9,Orthodox,35.1,3.51,0.23,5.32,0.57,0.0,0.0,0.58,0.0
Josh Epps,,,59.0,,40.1,0.0,0.0,0.0,0.0,0.0,0.0,0.0,0.0
Tom Erikson,190.5,,127.0,Orthodox,,0.94,0.47,1.87,0.25,4.68,0.6,1.0,6.2
Konstantin Erokhin,180.3,,104.3,Orthodox,43.6,1.07,0.36,1.83,0.47,0.0,0.0,0.7,0.0
Julian Erosa,185.4,188.0,65.8,Southpaw,37.1,5.07,0.47,5.72,0.5,1.32,0.54,0.58,0.9
Nick Ertl,175.3,,70.3,,,1.34,0.69,1.59,0.41,1.88,0.5,0.0,0.0
Chel Erwin-Davis,182.9,,77.1,,,4.06,0.54,1.13,0.61,4.25,1.0,0.5,1.4
Bobby Escalante,,,59.0,,,0.0,0.0,0.0,0.0,0.0,0.0,0.0,0.0
Eric Esch,180.3,,158.8,Orthodox,58.1,3.07,0.71,1.74,0.43,0.0,0.0,0.0,2.0
Pro Escobedo,,,93.0,,,0.0,0.0,0.0,0.0,0.0,0.0,0.0,0.0
Cole Escovedo,170.2,182.9,61.2,Orthodox,45.1,1.77,0.43,4.32,0.49,0.43,0.33,0.13,0.0
Evan Esguerra,,,65.8,,,0.0,0.0,0.0,0.0,0.0,0.0,0.0,0.0
Efrain Escudero,175.3,180.3,70.3,Orthodox,40.7,2.92,0.44,2.3,0.63,1.31,0.4,0.66,0.8
Carla Esparza,154.9,160.0,52.2,Orthodox,39.0,2.29,0.42,2.85,0.53,3.44,0.35,0.48,0.3
Juan Espino,190.5,203.2,113.4,,46.0,4.32,0.8,0.54,0.42,14.19,0.77,0.0,6.1
Jodie Esquibel,154.9,162.6,52.2,Orthodox,40.4,4.1,0.31,7.37,0.52,0.75,0.21,0.83,0.0
Jordan Espinosa,167.6,175.3,56.7,Orthodox,36.9,4.22,0.52,2.94,0.57,0.75,0.28,0.7,0.2
Fred Ettish,182.9,,81.6,Southpaw,,0.0,0.0,0.0,0.0,0.0,0.0,0.0,0.0
Terry Etim,185.4,185.4,70.3,Orthodox,40.7,2.16,0.35,2.53,0.67,0.43,0.3,0.39,1.4
Scott Ettling,,,61.2,,,0.0,0.0,0.54,0.83,8.04,1.0,0.0,0.0
Sijara Eubanks,162.6,170.2,61.2,Orthodox,41.4,4.52,0.43,3.69,0.57,1.88,0.46,0.65,0.4
Billy Evangelista,172.7,172.7,70.3,Orthodox,46.0,4.51,0.4,3.96,0.61,1.6,0.19,0.61,0.2
Rashad Evans,182.9,190.5,93.0,Orthodox,47.0,2.14,0.37,2.42,0.63,2.98,0.44,0.73,0.0
Doug Evans,175.3,,70.3,Orthodox,46.0,1.79,0.35,2.55,0.55,3.19,0.83,0.69,0.6
Ashlee Evans-Smith,172.7,170.2,61.2,Orthodox,39.2,4.54,0.34,4.69,0.55,1.1,0.23,0.66,0.0
Dan Evensen,190.5,,113.4,Orthodox,52.3,0.27,0.1,3.86,0.38,0.0,0.0,0.0,4.0
Tonya Evinger,170.2,177.8,61.2,Orthodox,45.3,1.16,0.42,4.02,0.38,0.93,0.3,0.33,0.9
Andre Ewell,172.7,190.5,61.2,Southpaw,38.7,4.42,0.41,4.25,0.52,0.29,0.66,0.7,0.1
Movsar Evloev,170.2,182.9,65.8,Orthodox,32.6,4.7,0.44,2.83,0.64,2.75,0.37,0.7,0.0
Neal Ewing,,,83.9,,41.0,2.27,0.6,1.93,0.48,5.0,0.62,0.0,0.0
Edward Faaloloto,,177.8,70.3,,42.2,2.28,0.32,6.25,0.44,1.01,0.25,0.33,0.0
Jessica Eye,167.6,167.6,56.7,Orthodox,40.2,3.76,0.37,4.01,0.55,0.45,0.4,0.57,0.5
Wagnney Fabiano,167.6,175.3,65.8,Southpaw,51.2,1.19,0.38,0.66,0.7,3.44,0.64,1.0,0.4
Melinda Fabian,167.6,167.6,56.7,,39.2,4.03,0.41,4.0,0.62,0.0,0.0,1.0,0.0
Urijah Faber,167.6,170.2,61.2,Orthodox,47.4,2.65,0.4,2.59,0.64,1.54,0.3,0.58,0.8
Ron Faircloth,175.3,,93.0,Orthodox,47.1,0.39,0.4,8.9,0.42,0.0,0.0,0.0,0.0
Jason Fairn,185.4,,104.3,,,0.0,0.0,0.0,0.0,0.0,0.0,0.0,0.0
Bartosz Fabinski,182.9,190.5,77.1,Orthodox,40.4,2.2,0.69,1.35,0.53,7.08,0.69,0.8,0.0
Rinat Fakhretdinov,182.9,,83.9,,35.0,0.0,0.0,0.0,0.0,0.0,0.0,0.0,0.0
Zarah Fairn,172.7,182.9,65.8,Orthodox,39.8,1.98,0.45,6.61,0.39,0.0,0.0,0.5,0.0
Maiquel Falcao,180.3,,83.9,Orthodox,45.5,1.67,0.55,0.53,0.86,1.0,1.0,0.71,3.0
Brodie Farber,185.4,,77.1,Orthodox,46.2,1.69,0.45,2.17,0.53,0.9,0.5,0.2,0.9
Joao Paulo Faria,175.3,,70.3,,,6.69,0.64,2.09,0.85,1.25,0.5,0.0,1.2
Chance Farrar,175.3,,65.8,Southpaw,51.0,0.81,0.22,2.21,0.67,3.02,1.0,0.0,0.0
Rico Farrington,193.0,200.7,77.1,Southpaw,37.3,6.33,0.41,7.2,0.51,0.0,0.0,0.2,0.0
Kalindra Faria,170.2,,56.7,Switch,40.2,2.23,0.56,1.44,0.45,1.31,0.66,0.2,0.7
Kelly Faszholz,172.7,,61.2,Orthodox,41.5,4.01,0.48,3.61,0.52,0.0,0.0,0.44,0.0
Rodney Faverus,182.9,,97.5,Southpaw,,2.3,0.53,1.6,0.54,4.5,1.0,0.25,0.0
Carlos Felipe,182.9,190.5,111.1,Orthodox,31.7,4.42,0.45,4.6,0.47,0.0,0.0,0.7,0.0
Paul Felder,180.3,177.8,70.3,Orthodox,42.4,3.7,0.44,3.44,0.48,0.29,0.28,0.64,0.2
Kevin Ferguson,188.0,195.6,106.6,Orthodox,52.6,2.3,0.5,3.41,0.38,3.1,0.72,0.36,1.2
JP Felty,,,77.1,,47.4,0.0,0.0,0.0,0.0,0.0,0.0,0.0,0.0
Josh Ferguson,165.1,,56.7,Orthodox,38.4,2.13,0.43,4.18,0.32,0.59,0.11,0.54,0.0
Rhadi Ferguson,170.2,,93.0,,,0.0,0.0,0.0,0.0,0.0,0.0,0.0,0.0
Tony Ferguson,180.3,193.0,70.3,Orthodox,42.6,5.46,0.45,3.94,0.59,0.45,0.42,0.7,1.1
CJ Fernandes,188.0,,77.1,,48.9,0.0,0.0,0.0,0.0,0.0,0.0,0.0,0.0
Bibiano Fernandes,170.2,,63.0,Orthodox,46.5,2.91,0.4,2.02,0.72,3.97,0.53,0.77,0.6
Alexandre Ferreira,170.2,,93.0,Orthodox,47.4,2.57,0.6,8.14,0.42,0.0,0.0,0.0,0.0
Cezar Ferreira,185.4,198.1,83.9,Southpaw,41.6,1.9,0.42,2.44,0.53,2.69,0.53,0.84,0.5
Diego Ferreira,175.3,188.0,70.3,Orthodox,41.7,4.85,0.37,3.26,0.58,0.89,0.26,0.68,0.9
Timo Feucht,190.5,200.7,93.0,Orthodox,30.7,0.0,0.0,0.0,0.0,0.0,0.0,0.0,0.0
Scott Ferrozzo,180.3,,146.5,Orthodox,61.4,0.0,0.0,0.0,0.0,0.0,0.0,0.0,0.0
Drew Fickett,177.8,177.8,70.3,Orthodox,46.8,2.33,0.41,2.29,0.57,1.3,0.35,0.3,2.2
Scott Fiedler,193.0,,106.6,Orthodox,,0.0,0.0,0.0,0.0,0.0,0.0,0.0,0.0
Ron Fields,188.0,,90.7,Orthodox,51.8,0.33,0.33,2.64,0.11,0.0,0.0,0.0,0.0
Deiveson Figueiredo,165.1,172.7,56.7,Orthodox,38.8,3.38,0.56,3.35,0.5,1.57,0.5,0.61,2.4
Francisco Figueiredo,167.6,175.3,61.2,Southpaw,36.9,1.93,0.54,2.07,0.76,4.0,0.66,1.0,0.0
Edwin Figueroa,170.2,175.3,61.2,Orthodox,42.1,2.57,0.39,3.06,0.51,0.2,1.0,0.37,0.6
Anthony Figueroa,162.6,,61.2,Orthodox,,2.37,0.48,3.77,0.49,0.0,0.0,0.58,0.0
Paulo Filho,172.7,,83.9,Southpaw,48.3,1.86,0.48,1.67,0.66,2.4,0.32,0.42,1.6
Andre Fili,180.3,188.0,65.8,Orthodox,36.2,3.73,0.36,3.9,0.52,2.5,0.49,0.64,0.2
Brady Fink,182.9,,83.0,Orthodox,,1.69,0.41,1.69,0.61,3.63,0.25,0.0,3.6
Jan Finney,172.7,,61.2,Orthodox,,2.16,0.28,8.75,0.42,0.77,0.11,0.25,0.0
Jesse Finney,182.9,,77.1,,52.2,0.0,0.0,0.0,0.0,0.0,0.0,0.0,0.0
Mirko Filipovic,188.0,185.4,104.3,Southpaw,52.0,2.11,0.5,1.89,0.63,0.19,0.4,0.78,0.3
Luigi Fioravanti,172.7,177.8,77.1,Orthodox,45.7,2.23,0.42,2.21,0.69,3.76,0.63,0.67,0.9
Manon Fiorot,170.2,,56.7,Orthodox,36.6,5.8,0.53,1.86,0.79,1.64,1.0,1.0,0.0
Luiz Firmino,167.6,,69.9,Orthodox,44.5,1.23,0.5,1.22,0.51,3.86,0.45,0.2,0.9
Spencer Fisher,170.2,172.7,70.3,Southpaw,50.4,3.17,0.43,3.03,0.64,0.67,0.3,0.6,0.8
Chris Fishgold,172.7,172.7,65.8,Orthodox,34.3,2.01,0.32,2.7,0.46,2.59,0.46,0.44,1.3
Bryanna Fissori,162.6,,65.8,,,1.4,0.46,1.2,0.57,2.0,0.25,0.5,0.0
Isi Fitikefu,177.8,,93.0,,,0.0,0.0,0.0,0.0,0.0,0.0,0.0,0.0
Jimmy Flick,170.2,172.7,56.7,Orthodox,36.0,1.99,0.58,2.3,0.5,1.81,0.5,0.0,7.2
Alejandro Flores,177.8,185.4,65.8,Orthodox,35.1,3.66,0.4,2.02,0.54,0.0,0.0,0.0,0.0
Colin Fletcher,188.0,,70.3,Orthodox,43.7,3.1,0.34,2.97,0.62,0.0,0.0,0.27,0.0
Ty Flores,190.5,185.4,93.0,Switch,32.8,2.0,0.37,7.8,0.25,1.0,0.09,0.0,0.0
Rafael Fiziev,172.7,180.3,70.3,Switch,33.6,4.67,0.57,4.17,0.55,0.84,0.5,1.0,0.0
Luke Flores,182.9,185.4,70.3,Southpaw,38.5,1.56,0.44,1.88,0.6,0.0,0.0,0.4,1.2
Jon Fitch,182.9,188.0,77.1,Orthodox,48.6,2.61,0.5,1.65,0.54,3.6,0.51,0.56,0.8
Cody Floyd,,,,,38.2,0.0,0.0,0.0,0.0,0.0,0.0,0.0,0.0
Mal Foki,170.2,,99.8,Orthodox,,2.86,0.14,14.29,0.54,0.0,0.0,0.0,0.0
Bobby Flynn,,,77.1,,,0.38,0.25,0.77,0.0,0.0,0.0,0.0,0.0
Kenny Florian,177.8,188.0,65.8,Southpaw,50.3,2.41,0.4,1.85,0.63,2.22,0.33,0.6,1.3
Caros Fodor,175.3,188.0,70.3,Orthodox,42.7,2.76,0.54,2.83,0.54,2.1,0.25,0.5,0.0
Matt Foki,170.2,,99.8,Orthodox,,0.0,0.0,3.37,0.56,0.0,0.0,0.0,0.0
AJ Fonseca,162.6,,65.8,,,0.0,0.0,0.0,0.0,0.0,0.0,0.0,0.0
Rob Font,172.7,180.3,61.2,Orthodox,39.2,5.21,0.42,3.83,0.62,1.2,0.36,0.48,0.8
Jesse Forbes,188.0,190.5,83.9,Southpaw,41.9,2.11,0.24,4.06,0.53,1.79,0.75,0.66,1.2
Claudionor Fontinelle,165.1,,83.9,Orthodox,,2.62,0.42,10.25,0.28,0.0,0.0,0.0,0.0
Sterling Ford,177.8,,70.3,,40.5,0.0,0.0,0.0,0.0,0.0,0.0,0.0,0.0
Codale Ford,175.3,,77.1,,47.4,0.0,0.0,0.0,0.0,0.0,0.0,0.0,0.0
Marcel Fortuna,185.4,188.0,93.0,Orthodox,40.9,3.83,0.46,4.52,0.64,0.45,0.08,0.75,0.5
Jussier Formiga,165.1,170.2,56.7,Orthodox,41.4,1.42,0.39,2.34,0.64,1.82,0.35,0.87,0.6
Renee Forte,170.2,180.3,70.3,Orthodox,39.5,2.08,0.32,2.12,0.63,2.32,0.58,0.66,0.0
Brian Foster,175.3,180.3,77.1,Orthodox,42.5,3.3,0.39,1.63,0.65,3.67,0.6,0.37,1.8
Francisco France,182.9,,93.0,,43.7,0.54,0.33,3.51,0.27,0.0,0.0,0.0,6.1
John Franchi,167.6,170.2,65.8,Orthodox,44.2,1.83,0.48,2.59,0.48,2.68,0.8,0.4,0.3
Brandon Foxworth,180.3,,65.8,Orthodox,47.4,1.33,0.32,4.59,0.5,0.0,0.0,0.0,0.0
Mason Fowler,180.3,,77.1,,,0.0,0.0,0.0,0.0,0.0,0.0,0.0,0.0
Hermes Franca,167.6,180.3,70.3,Orthodox,52.1,1.78,0.39,2.85,0.55,1.53,0.36,0.37,2.4
Glaico Franca Moreira,182.9,195.6,70.3,Orthodox,35.6,2.35,0.42,3.46,0.47,2.68,0.42,0.76,0.3
Xavier Foupa-Pokam,185.4,,83.9,Open Stance,44.2,1.47,0.43,2.5,0.49,0.0,0.0,0.16,0.0
Rich Franklin,185.4,193.0,83.9,Southpaw,52.0,4.1,0.44,2.07,0.62,1.31,0.66,0.63,0.7
Zane Frazier,195.6,,113.4,Orthodox,,0.0,0.0,0.0,0.0,0.0,0.0,0.0,0.0
Zoila Frausto,162.6,,61.2,Orthodox,,0.77,0.31,1.64,0.53,0.0,0.0,0.57,0.0
Justin Frazier,182.9,190.5,120.2,Southpaw,37.3,1.11,0.66,6.11,0.04,0.0,0.0,0.0,0.0
Gary Frazier,182.9,,111.1,Orthodox,,1.5,0.39,2.77,0.46,0.0,0.0,1.0,0.0
Stephanie Frausto,157.5,154.9,52.2,Orthodox,36.0,1.43,0.21,3.57,0.6,0.0,0.0,0.0,0.0
Ian Freeman,180.3,,102.1,Orthodox,59.9,2.54,0.48,3.11,0.44,1.44,0.4,0.8,0.7
Jason Freeman,188.0,,102.1,,50.1,0.0,0.0,0.0,0.0,0.0,0.0,0.0,0.0
Willamy Freire,172.7,,70.3,,39.2,1.53,0.37,0.93,0.62,0.5,1.0,0.73,0.0
Patricio Freire,165.1,165.1,65.8,,39.2,2.84,0.41,4.43,0.6,0.6,0.18,0.94,0.6
Patricky Freire,170.2,180.3,70.3,,40.3,3.06,0.44,3.34,0.69,1.26,0.33,1.0,0.0
Jeremy  Freitag,185.4,,93.0,,,0.0,0.0,8.37,0.19,0.0,0.0,0.33,1.9
Rafael Freitas,,,93.0,Orthodox,,2.0,0.29,8.0,0.51,11.25,0.5,0.0,0.0
Clay French,170.2,,73.0,Southpaw,46.0,1.52,0.5,1.27,0.16,0.0,0.0,1.0,0.0
Donavon Frelow,170.2,,61.2,Orthodox,41.7,2.4,0.27,3.2,0.52,1.0,1.0,0.26,0.0
Mike French,177.8,,65.8,,51.3,0.23,0.23,2.17,0.42,0.0,0.0,0.22,1.0
Matt Frevola,175.3,180.3,70.3,Orthodox,36.3,2.73,0.37,3.44,0.58,2.59,0.37,0.4,1.1
Jinh Yu Frey,160.0,165.1,52.2,Southpaw,41.3,1.79,0.4,3.35,0.44,1.06,0.42,0.83,0.7
Artem Frolov,177.8,,83.9,,35.0,0.0,0.0,0.0,0.0,0.0,0.0,0.0,0.0
Sarah Frota,167.6,175.3,56.7,Southpaw,39.4,4.52,0.52,2.57,0.55,0.0,0.0,0.53,0.0
Don Frye,185.4,,99.3,Orthodox,60.8,2.87,0.64,3.57,0.37,0.91,0.57,0.45,0.7
Katsuhisa Fujii,182.9,,93.0,Orthodox,54.1,4.0,0.5,4.43,0.64,2.14,0.25,0.5,2.1
Tony Fryklund,182.9,,83.9,Orthodox,55.5,3.49,0.39,6.5,0.43,0.0,0.0,0.66,0.5
Jesse Fujarczyk,193.0,,102.1,Southpaw,43.7,1.03,0.33,4.91,0.38,0.0,0.0,0.25,0.0
Keisuke Fujiwara,167.6,,63.0,Switch,,0.73,0.44,1.2,0.47,0.0,0.0,0.23,2.5
Megumi Fujii,160.0,,51.3,,52.4,2.4,0.42,0.0,1.0,0.0,0.0,0.0,12.0
Kazuyuki Fujita,182.9,,106.6,Orthodox,55.9,1.05,0.49,1.99,0.52,2.78,0.36,0.85,0.6
Riki Fukuda,182.9,185.4,83.9,Southpaw,45.7,4.24,0.43,3.71,0.64,2.17,0.43,0.7,0.0
Masio Fullen,177.8,177.8,65.8,Orthodox,40.0,2.46,0.32,3.5,0.54,0.47,0.33,0.69,0.0
Sam Fulton,,,,,,0.0,0.0,0.0,0.0,0.0,0.0,0.0,0.0
Masakatsu Funaki,182.9,,83.9,Southpaw,57.5,1.82,0.68,2.92,0.35,0.0,0.0,0.0,5.5
Travis Fulton,182.9,,108.9,Orthodox,49.3,0.0,0.0,0.0,0.0,0.0,0.0,0.0,0.0
Ricardo Funch,177.8,188.0,77.1,Southpaw,46.1,2.61,0.65,3.57,0.4,1.24,0.18,0.6,0.0
Katsuaki Furuki,182.9,,76.2,,45.9,0.27,0.1,2.67,0.39,0.0,0.0,0.0,3.0
Gustavo Gabriel,167.6,,56.7,Orthodox,32.5,4.06,0.65,4.26,0.46,0.0,0.0,0.5,0.0
James Gabert,,,80.7,,,0.0,0.0,0.0,0.0,0.0,0.0,0.0,0.0
Justin Gaethje,180.3,177.8,70.3,Orthodox,37.9,7.46,0.59,7.99,0.55,0.0,0.0,0.69,0.0
Alavutdin Gadjiev,188.0,,83.9,Orthodox,44.3,0.99,0.27,0.99,0.57,0.0,0.0,0.5,0.0
Claudia Gadelha,162.6,160.0,52.2,Orthodox,37.8,3.31,0.41,4.57,0.57,3.03,0.42,0.58,0.7
Sheila Gaff,165.1,,61.2,Orthodox,36.7,1.6,0.5,2.89,0.28,0.0,0.0,0.2,0.0
Muin Gafurov,170.2,,61.2,,30.4,0.0,0.0,0.0,0.0,0.0,0.0,0.0,0.0
Mitch Gagnon,165.1,165.1,61.2,Southpaw,42.0,2.76,0.46,2.21,0.61,1.16,0.25,0.65,1.9
Brandon Gaines,190.5,,83.9,,,0.0,0.0,0.0,0.0,0.0,0.0,0.0,0.0
Travis Galbraith,182.9,,77.1,Orthodox,45.3,2.21,0.4,3.45,0.48,1.33,0.25,0.0,1.3
Mickey Gall,188.0,188.0,77.1,Switch,34.7,2.55,0.46,3.65,0.42,1.15,0.26,0.4,2.1
Dave Galera,180.3,,61.2,Orthodox,48.7,1.67,0.69,0.53,0.33,0.0,0.0,0.14,2.0
Daniel Gallemore,195.6,,120.2,,,3.1,0.41,6.0,0.52,0.0,0.0,0.0,0.0
Tom Gallicchio,177.8,,77.1,Southpaw,40.0,3.53,0.26,7.07,0.43,1.0,0.11,0.0,0.0
Turrell Galloway,160.0,,65.8,,,0.0,0.0,0.0,0.0,0.0,0.0,0.0,0.0
Zelg Galesic,188.0,,83.9,Orthodox,47.6,4.86,0.62,0.61,0.66,1.3,1.0,0.2,1.3
Eric Galvan,,,70.3,,,0.0,0.0,0.0,0.0,0.0,0.0,0.0,0.0
Lucas Gamaza,,,77.1,,,7.57,0.31,6.99,0.45,0.0,0.0,0.0,0.0
Marcos Galvao,170.2,,61.2,Orthodox,45.3,1.97,0.32,3.86,0.61,2.27,0.28,0.88,1.1
Andre Galvao,170.2,,76.2,Orthodox,44.0,2.34,0.52,1.56,0.58,2.02,0.27,0.0,2.8
Joey Gambino,170.2,,65.8,Orthodox,37.9,2.47,0.35,2.53,0.51,0.0,0.0,0.42,0.8
Mateusz Gamrot,177.8,177.8,70.3,Southpaw,35.8,3.47,0.41,2.47,0.56,5.0,0.31,1.0,0.0
Shamil Gamzatov,188.0,193.0,93.0,Orthodox,36.1,4.27,0.46,2.13,0.58,0.0,0.0,0.5,0.0
Manvel Gamburyan,165.1,170.2,61.2,Orthodox,45.4,2.13,0.41,2.83,0.55,3.26,0.34,0.69,0.7
Ariel Gandulla,180.3,,93.0,Orthodox,58.4,1.95,0.23,2.07,0.72,1.88,0.66,0.0,0.0
Eduardo Garagorri,175.3,177.8,65.8,Orthodox,37.3,3.42,0.51,2.36,0.58,0.48,1.0,0.61,0.0
Sean Gannon,190.5,,120.2,Southpaw,,0.0,0.0,6.38,0.28,0.0,0.0,0.5,0.0
Ciryl Gane,193.0,205.7,111.1,Orthodox,36.4,5.04,0.55,1.85,0.69,1.13,0.26,1.0,0.5
Cody Garbrandt,172.7,165.1,61.2,Orthodox,35.2,3.35,0.37,3.33,0.65,0.84,0.33,1.0,0.0
Leonard Garcia,177.8,172.7,65.8,Orthodox,47.2,2.77,0.24,4.79,0.52,0.3,0.26,0.42,0.5
Alejandro Garcia,170.2,,65.8,,,1.22,0.62,1.14,0.65,8.55,0.87,0.66,0.0
Edgar Garcia,177.8,180.3,77.1,Orthodox,42.6,3.16,0.29,4.23,0.6,2.21,0.57,0.5,0.6
Nick Garcia,162.6,,56.7,,,0.67,0.25,3.03,0.5,0.0,0.0,0.83,5.1
Alex Garcia,175.3,182.9,77.1,Orthodox,39.2,1.81,0.31,3.03,0.59,3.72,0.52,0.66,0.1
Steve Garcia,182.9,190.5,70.3,Southpaw,34.3,4.31,0.55,2.52,0.36,0.61,0.25,1.0,0.6
Elias Garcia,165.1,170.2,56.7,Southpaw,34.0,1.59,0.27,5.05,0.5,0.68,0.14,0.33,1.4
Rafa Garcia,170.2,177.8,70.3,Orthodox,32.1,3.47,0.23,6.6,0.54,0.0,0.0,1.0,0.0
Rulon Gardner,190.5,,120.2,Orthodox,55.1,2.05,0.25,1.45,0.6,0.75,1.0,1.0,0.0
David Gardner,180.3,,70.3,Orthodox,49.4,0.17,1.0,0.34,0.0,0.0,0.0,0.66,0.0
Pablo Garza,185.4,185.4,65.8,Orthodox,43.0,3.37,0.44,2.7,0.5,0.94,0.25,0.15,1.3
Brian Gassaway,185.4,,77.1,Orthodox,54.1,0.34,0.26,3.65,0.44,0.0,0.0,0.42,0.0
Azamat Gashimov,167.6,,56.7,Orthodox,36.5,1.24,0.21,4.75,0.53,1.69,0.25,0.0,0.0
Willie Gates,172.7,182.9,56.7,Orthodox,39.7,1.8,0.38,4.28,0.38,0.0,0.0,0.67,0.4
Kelvin Gastelum,175.3,180.3,83.9,Southpaw,34.9,3.64,0.43,2.92,0.59,1.22,0.39,0.64,0.1
Louis Gaudinot,160.0,160.0,56.7,Orthodox,42.1,2.34,0.37,6.42,0.48,0.57,0.4,0.31,1.1
Melissa Gatto,165.1,,61.2,Orthodox,30.6,0.0,0.0,0.0,0.0,0.0,0.0,0.0,0.0
Charlene Gellner,157.5,,56.7,,,2.01,0.42,3.24,0.43,0.0,0.0,0.0,1.7
Chad George,167.6,172.7,61.2,Southpaw,44.4,1.26,0.5,1.11,0.65,3.08,0.46,0.0,1.3
Paul Georgieff,188.0,,77.1,Orthodox,44.0,2.55,0.4,2.34,0.35,0.0,0.0,0.0,0.0
Brian Geraghty,170.2,,70.3,Orthodox,45.9,0.47,0.25,9.77,0.36,0.0,0.0,0.5,0.0
Derek Getzel,182.9,,70.3,,,0.0,0.0,0.0,0.0,0.0,0.0,0.0,0.0
Karine Gevorgyan,162.6,160.0,56.7,,37.5,1.2,0.2,1.8,0.76,0.0,0.0,0.0,0.0
Christos Giagos,177.8,180.3,70.3,Orthodox,36.7,2.88,0.41,2.59,0.51,3.11,0.39,0.5,0.3
Darrel Gholar,172.7,,88.0,Orthodox,,0.0,0.0,0.0,0.0,0.0,0.0,0.0,0.0
Joe Giannetti,182.9,188.0,70.3,Southpaw,31.2,1.93,0.38,2.8,0.4,1.0,0.16,0.0,0.0
Tiki Ghosn,177.8,,77.1,Orthodox,49.6,2.78,0.46,2.94,0.58,0.41,0.5,0.61,0.0
Nick Gibbons,177.8,,70.3,,,0.0,0.0,0.0,0.0,0.0,0.0,0.0,0.0
James Giboo,180.3,,77.1,Orthodox,48.7,1.2,0.27,7.08,0.39,0.0,0.0,0.0,0.0
Lance Gibson,175.3,,83.9,Orthodox,55.8,1.21,0.75,6.44,0.2,0.0,0.0,0.0,0.0
Lee Gibson,170.2,,70.3,,,0.0,0.0,0.0,0.0,0.0,0.0,0.0,0.0
Chase Gibson,177.8,182.9,70.3,Orthodox,36.6,3.13,0.54,6.4,0.52,0.0,0.0,0.0,0.0
Cody Gibson,177.8,180.3,61.2,Orthodox,39.0,2.47,0.31,2.54,0.63,1.85,0.38,0.58,0.4
Kenny Giddens,180.3,,70.3,,,0.0,0.0,0.0,0.0,0.0,0.0,0.0,0.0
Thomas Gifford,185.4,190.5,70.3,Orthodox,34.2,3.97,0.37,6.45,0.37,0.5,0.33,0.33,0.0
Kultar Gill,182.9,,69.9,Orthodox,47.5,1.14,0.5,0.4,0.41,1.71,0.66,0.38,0.0
Trevin Giles,182.9,188.0,83.9,Orthodox,34.1,3.26,0.56,1.88,0.62,1.37,0.8,0.79,0.3
Joey Gilbert,180.3,,70.3,Orthodox,50.3,0.61,0.42,4.44,0.31,0.0,0.0,0.0,0.0
Gregor Gillespie,170.2,180.3,70.3,Orthodox,39.9,3.58,0.49,2.14,0.6,7.02,0.47,0.0,0.9
Jesse Gillespie,,,83.9,,,0.0,0.0,0.0,0.0,0.0,0.0,0.0,0.0
Jason Gilliam,182.9,,77.1,Orthodox,,0.79,0.33,3.14,0.42,0.0,0.0,0.0,0.0
Krishaun Gilmore,,,,,,0.0,0.0,0.0,0.0,0.0,0.0,0.0,0.0
Alex Gilpin,170.2,,65.8,Orthodox,34.5,6.8,0.54,12.29,0.42,2.17,0.25,0.0,2.2
Bob Gilstrap,190.5,,90.7,Orthodox,,0.0,0.0,0.0,0.0,0.0,0.0,0.0,0.0
Demetrius Gioulacos,180.3,,83.9,,,0.0,0.0,0.0,0.0,0.0,0.0,0.0,0.0
Billy Giovanella,172.7,,56.7,,41.1,1.27,0.4,2.02,0.52,0.87,0.12,1.0,1.7
He-Man Gipson,,,,,,0.0,0.0,0.0,0.0,0.0,0.0,0.0,0.0
Israel Giron,172.7,,70.3,,52.7,0.0,0.0,0.0,0.0,0.0,0.0,0.0,0.0
Jason Glaza,182.9,,104.3,,,4.34,0.54,0.43,0.4,4.34,1.0,0.0,4.3
Joseph Gigliotti,180.3,,83.9,Orthodox,33.1,1.04,0.39,2.92,0.45,1.56,1.0,0.5,0.8
Brandon Girtz,170.2,,70.3,,41.5,2.5,0.6,1.92,0.47,5.76,1.0,1.0,0.0
Mike Glenn,,,93.0,,49.0,0.0,0.0,0.0,0.0,0.0,0.0,0.0,0.0
Rick Glenn,182.9,177.8,65.8,Southpaw,37.4,4.31,0.42,4.29,0.53,0.67,0.13,0.66,0.3
Clint Godfrey,167.6,,61.2,Southpaw,43.9,0.57,0.31,0.96,0.65,0.85,0.25,0.5,0.0
Mark Godbeer,193.0,195.6,108.9,Orthodox,42.8,3.97,0.53,3.3,0.54,0.0,0.0,0.28,0.0
Jason Godsey,188.0,,104.3,Orthodox,,0.0,0.0,0.0,0.0,0.0,0.0,0.0,0.0
Jonny Goh,180.3,,70.3,,,0.0,0.0,0.0,0.0,0.0,0.0,0.0,0.0
Hannah Goldy,162.6,154.9,56.7,Orthodox,34.3,6.53,0.46,3.9,0.55,0.0,0.0,0.66,0.0
Allan Goes,182.9,,93.0,Orthodox,55.4,0.64,0.52,1.35,0.41,1.75,0.4,0.0,2.6
Marcelo Golm,190.5,190.5,112.9,Orthodox,34.0,4.27,0.58,4.3,0.45,0.45,0.5,0.87,0.5
Alan Gomez,,,70.3,,,0.0,0.0,0.0,0.0,0.0,0.0,0.0,0.0
Sergio Gomez,167.6,,70.3,Orthodox,44.4,1.5,0.42,1.16,0.56,2.57,0.66,0.31,0.0
Frank Gomez,177.8,170.2,61.2,Orthodox,40.5,1.52,0.48,0.79,0.66,1.14,0.6,0.7,0.8
David Gomez,,,70.3,,43.1,0.0,0.0,0.0,0.0,0.0,0.0,0.0,0.0
Ulysses Gomez,167.6,,56.7,Orthodox,43.3,2.72,0.25,3.57,0.68,0.0,0.0,0.0,0.0
Edson Gomez,172.7,175.3,77.1,Switch,35.6,2.66,0.32,8.78,0.45,0.0,0.0,0.0,0.0
Joey Gomez,177.8,180.3,70.3,Orthodox,37.1,3.73,0.49,3.33,0.5,2.0,0.28,0.0,0.0
Luis Gomez,170.2,172.7,65.8,Orthodox,31.7,1.57,0.33,4.03,0.55,4.48,0.5,0.33,0.0
Silvana Gomez Juarez,160.0,,56.7,Orthodox,42.3,0.0,0.0,0.0,0.0,0.0,0.0,0.0,0.0
Akihiro Gono,170.2,172.7,77.1,Switch,52.0,2.18,0.48,2.67,0.63,1.01,0.84,0.46,0.5
Takanori Gomi,170.2,177.8,70.3,Southpaw,48.0,3.81,0.41,3.52,0.6,1.23,0.65,0.63,0.8
Gabriel Gonzaga,188.0,193.0,109.8,Orthodox,47.4,2.12,0.45,2.94,0.57,2.8,0.39,0.66,1.1
Nick Gonzalez,167.6,,70.3,Orthodox,45.6,0.59,0.2,2.35,0.33,0.0,0.0,0.5,0.0
Justin Gonzales,175.3,182.9,65.8,Orthodox,35.4,6.67,0.8,0.87,0.43,14.0,0.73,1.0,0.0
Fabian Gonzalez,177.8,,61.2,,,3.9,0.48,4.39,0.51,0.0,0.0,0.66,0.0
Fernando Gonzalez,175.3,172.7,77.1,Southpaw,43.0,4.47,0.47,4.03,0.65,0.86,0.33,0.43,1.4
Lewis Gonzalez,177.8,,77.1,Orthodox,39.0,1.4,0.37,1.87,0.41,2.0,0.33,0.62,0.0
Jorge Gonzalez,188.0,193.0,93.0,Orthodox,42.6,0.0,0.0,0.0,0.0,0.0,0.0,0.0,0.0
Jason Gonzalez,188.0,188.0,70.3,Southpaw,36.6,3.06,0.39,3.13,0.58,0.0,0.0,0.3,1.0
Kier Gooch,,,70.3,,40.4,0.0,0.0,0.0,0.0,0.0,0.0,0.0,0.0
Pearl Gonzalez,162.6,,52.2,Orthodox,40.1,2.23,0.37,4.07,0.57,1.04,0.11,0.0,0.5
Mikey Gonzalez,180.3,188.0,70.3,Orthodox,41.1,0.91,0.16,14.55,0.11,0.0,0.0,0.0,0.0
Jared Gooden,182.9,195.6,77.1,Orthodox,32.8,6.67,0.47,11.2,0.49,1.0,1.0,1.0,0.0
Lyman Good,182.9,188.0,77.1,Orthodox,41.3,5.34,0.48,4.01,0.63,0.27,1.0,0.75,0.0
Jordan Goodwin,,,70.3,,,0.0,0.0,0.0,0.0,0.0,0.0,0.0,0.0
Gary Goodridge,190.5,,112.9,Orthodox,60.7,1.84,0.56,2.14,0.48,0.4,1.0,0.53,0.8
Tebaris Gordon,185.4,,120.2,Orthodox,38.2,3.53,0.16,49.41,0.22,0.0,0.0,0.0,0.0
Gerard Gordeau,195.6,,98.0,Orthodox,67.5,0.0,0.0,0.0,0.0,0.0,0.0,0.0,0.0
Eddie Gordon,182.9,193.0,83.9,Orthodox,43.2,2.03,0.32,2.57,0.6,1.93,0.83,0.63,0.0
Alex Gorgees,188.0,188.0,70.3,Switch,31.1,0.67,0.32,2.27,0.38,0.0,0.0,0.54,0.0
Malcolm Gordon,170.2,180.3,56.7,Switch,36.3,0.55,0.13,3.87,0.54,0.0,0.0,0.0,0.0
Jared Gordon,175.3,172.7,65.8,Orthodox,38.0,5.54,0.56,3.22,0.6,2.81,0.39,0.55,0.0
Tim Gorman,165.1,,61.2,Southpaw,43.4,2.73,0.31,5.57,0.46,1.0,0.09,0.33,0.0
Thibault Gouti,177.8,182.9,70.3,Orthodox,39.6,3.68,0.34,5.64,0.5,1.23,0.8,0.83,0.3
Jonathan Goulet,182.9,185.4,77.1,Orthodox,47.2,1.61,0.41,2.01,0.46,4.17,0.7,0.45,0.6
Chase Gormley,190.5,,120.2,Orthodox,,3.6,0.42,6.03,0.44,3.12,0.42,0.0,1.0
Todd Gouwenberg,185.4,,93.0,Orthodox,52.0,0.52,0.23,2.93,0.42,1.57,0.33,0.5,0.0
Wilson Gouveia,185.4,193.0,83.9,Orthodox,48.0,3.02,0.39,4.06,0.56,0.9,0.66,0.57,2.2
Justin Governale,,,65.8,,,0.0,0.0,0.0,0.0,0.0,0.0,0.0,0.0
Crosley Gracie,175.3,,86.2,Orthodox,47.2,1.69,0.37,1.54,0.6,3.46,0.85,0.5,0.6
Daniel Gracie,188.0,,102.1,Orthodox,,1.9,0.38,1.33,0.59,0.36,1.0,0.8,2.1
Hugo Govea,,,,,,0.0,0.0,0.0,0.0,0.0,0.0,0.0,0.0
Renzo Gracie,177.8,,83.9,Orthodox,59.5,1.71,0.41,1.67,0.55,1.13,0.2,0.4,0.8
Damian Grabowski,185.4,190.5,109.3,Orthodox,46.4,4.0,0.36,7.65,0.51,0.0,0.0,0.0,0.0
Ralph Gracie,175.3,,83.0,Orthodox,,0.86,0.37,1.72,0.31,0.0,0.0,0.25,4.0
Royce Gracie,185.4,,79.4,Southpaw,59.8,0.88,0.41,1.13,0.37,0.0,0.0,0.66,0.8
Rickson Gracie,177.8,,83.9,Switch,67.8,0.0,0.0,0.0,0.0,0.0,0.0,0.0,0.0
Ralek Gracie,188.0,,95.3,Orthodox,41.0,1.61,0.46,1.05,0.55,2.5,0.75,0.0,1.7
Ryan Gracie,175.3,,90.7,Orthodox,52.1,0.82,0.61,0.5,0.4,2.83,0.75,0.25,0.9
Royler Gracie,172.7,,68.0,Southpaw,60.8,0.0,0.0,0.0,0.0,0.0,0.0,0.0,0.0
Rodrigo Gracie,182.9,,83.0,Orthodox,51.5,1.34,0.51,0.86,0.46,1.49,0.5,0.75,0.4
Cesar Gracie,177.8,,82.1,Orthodox,,0.0,0.0,17.14,0.5,0.0,0.0,0.0,0.0
Rolles Gracie,193.0,,109.8,Orthodox,48.2,2.3,0.32,3.38,0.55,2.3,0.1,0.0,0.0
Roger Gracie,193.0,200.7,83.9,Orthodox,45.0,1.78,0.35,1.79,0.61,1.87,0.53,0.6,1.9
Igor Gracie,180.3,,77.1,,46.6,1.86,0.6,0.99,0.5,3.72,0.5,0.0,3.7
Kron Gracie,175.3,177.8,65.8,Southpaw,38.2,5.15,0.41,8.13,0.53,0.88,0.25,0.0,0.9
Steven Graham,185.4,,131.5,Orthodox,,0.0,0.0,0.0,0.0,0.0,0.0,0.0,0.0
Miranda Granger,170.2,172.7,56.7,Orthodox,34.4,2.91,0.48,2.64,0.59,0.0,0.0,0.4,0.0
Scott Graham,193.0,,83.9,Orthodox,,0.91,0.42,2.27,0.28,0.0,0.0,0.0,0.0
Neiman Gracie,182.9,,77.1,,,0.77,1.0,0.38,0.75,5.77,1.0,0.0,5.8
Davey Grant,172.7,175.3,61.2,Orthodox,40.8,3.93,0.47,2.47,0.63,2.3,0.45,0.66,0.2
TJ Grant,177.8,182.9,70.3,Orthodox,42.6,3.95,0.54,3.21,0.56,1.63,0.43,0.36,0.6
Tony Gravely,165.1,175.3,61.2,Orthodox,35.0,3.69,0.55,3.16,0.42,5.6,0.51,0.5,0.8
Alexa Grasso,165.1,167.6,56.7,Orthodox,33.1,4.96,0.43,3.61,0.64,0.28,0.4,0.6,0.6
Shelton Graves,188.0,193.0,115.7,Southpaw,40.9,2.19,0.69,0.81,0.33,4.86,0.57,0.0,0.0
Michael Graves,177.8,180.3,77.1,Orthodox,35.7,1.25,0.54,1.47,0.58,4.8,0.52,0.66,0.4
Kevin Gray,162.6,170.2,56.7,Orthodox,41.4,3.45,0.62,4.48,0.66,0.0,0.0,0.0,0.0
Dwight Grant,185.4,193.0,77.1,Switch,42.0,3.39,0.37,2.16,0.69,0.34,1.0,0.78,0.0
James Gray,175.3,,61.2,Orthodox,38.9,2.61,0.5,18.26,0.44,0.0,0.0,0.0,0.0
Sam Greco,188.0,,93.0,Orthodox,59.4,2.4,0.75,1.33,0.53,0.0,0.0,0.25,1.0
Max Griffin,180.3,193.0,77.1,Orthodox,40.8,4.14,0.48,3.94,0.56,1.7,0.51,0.66,0.5
Tyson Griffin,167.6,172.7,65.8,Orthodox,42.4,3.71,0.41,2.3,0.65,1.87,0.46,0.59,0.9
Gabe Green,177.8,185.4,77.1,Switch,33.4,6.57,0.46,7.23,0.49,1.0,1.0,0.57,0.5
Bobby Green,177.8,180.3,70.3,Orthodox,40.0,5.17,0.51,3.32,0.63,1.56,0.41,0.72,0.3
Matt Grice,172.7,177.8,65.8,Orthodox,45.2,4.09,0.53,2.69,0.56,2.19,0.37,0.82,0.5
Maurice Greene,200.7,203.2,117.0,Orthodox,40.2,4.12,0.44,4.37,0.45,0.0,0.0,0.28,0.6
Desmond Green,177.8,185.4,70.3,Southpaw,37.0,3.7,0.46,2.51,0.69,1.62,0.5,0.75,0.0
Forrest Griffin,190.5,195.6,93.0,Orthodox,47.5,4.38,0.36,2.81,0.61,1.05,0.48,0.57,0.7
Rodrigo Gripp de Sousa,180.3,,93.0,Orthodox,,0.48,0.23,4.81,0.52,0.0,0.0,0.0,9.6
Chuck Grigsby,198.1,,93.0,Orthodox,,0.71,0.16,3.29,0.46,0.0,0.0,0.66,0.0
Jordan Griffin,177.8,185.4,65.8,Southpaw,36.6,2.6,0.46,3.18,0.48,0.78,0.23,0.42,1.8
Chad Griggs,185.4,185.4,93.0,Orthodox,48.4,2.67,0.5,2.22,0.46,1.51,0.66,0.41,0.0
Maxim Grishin,190.5,198.1,99.8,Orthodox,42.4,2.95,0.44,2.33,0.56,0.38,0.33,0.66,0.0
Josh Grispi,180.3,188.0,65.8,Orthodox,37.9,1.44,0.41,3.71,0.5,1.97,0.36,0.16,2.2
Garrett Gross,175.3,,70.3,Orthodox,38.1,2.39,0.45,1.67,0.46,0.0,0.0,0.52,0.0
Kendall Grove,198.1,200.7,83.9,Orthodox,43.9,2.31,0.41,2.4,0.54,0.49,0.45,0.56,1.7
Neil Grove,198.1,,120.2,Orthodox,55.7,0.0,0.0,0.0,0.0,0.0,0.0,1.0,14.3
Wang Guan,175.3,180.3,65.8,Orthodox,40.5,4.73,0.43,3.27,0.6,0.0,0.0,0.0,0.0
Chris Gruetzemacher,172.7,172.7,70.3,Orthodox,40.3,7.02,0.57,5.54,0.55,0.0,0.0,0.62,0.0
Vik Grujic,180.3,185.4,77.1,Orthodox,49.6,2.24,0.48,3.39,0.41,1.18,0.33,0.26,0.4
Mike Grundy,170.2,182.9,65.8,Orthodox,39.7,2.15,0.43,4.09,0.58,4.25,0.38,1.0,0.6
Nandor Guelmino,190.5,,104.3,,50.8,3.62,0.56,3.16,0.33,0.0,0.0,0.42,0.0
Fabricio Guerreiro,177.8,,65.8,,36.2,1.87,0.31,2.2,0.67,2.0,0.5,0.0,0.0
Brad Gumm,180.3,,77.1,Orthodox,,0.0,0.0,0.0,0.0,0.0,0.0,0.0,0.0
Leonardo Guimaraes,182.9,,83.9,Orthodox,44.4,2.35,0.56,2.99,0.44,0.0,0.0,0.52,1.0
Jason Guida,177.8,,97.1,,49.1,1.87,0.4,3.33,0.52,1.0,0.14,0.5,1.0
Shannon Gugerty,177.8,180.3,70.3,Orthodox,44.7,1.25,0.39,1.88,0.58,2.13,0.27,0.5,3.4
Clay Guida,170.2,177.8,70.3,Orthodox,44.8,2.44,0.34,2.57,0.63,3.36,0.38,0.68,0.7
Melvin Guillard,175.3,180.3,70.3,Orthodox,43.5,2.96,0.4,1.85,0.66,1.3,0.63,0.61,0.2
Marcelo Guimaraes,182.9,185.4,83.9,Orthodox,43.2,4.67,0.51,4.41,0.62,1.99,0.13,0.0,0.0
Chris Guillen,182.9,,108.9,Orthodox,53.8,0.82,0.27,1.91,0.36,0.0,0.0,0.0,0.0
Fabio Gurgel,182.9,,93.0,Orthodox,,0.0,0.0,0.0,0.0,0.0,0.0,0.0,0.0
John Gunther,175.3,182.9,70.3,Orthodox,40.8,1.65,0.37,3.72,0.46,7.08,0.42,0.0,0.0
Jorge Gurgel,170.2,175.3,70.3,Orthodox,49.7,3.37,0.32,3.62,0.62,0.81,0.23,0.6,0.5
John Gunderson,175.3,175.3,70.3,Orthodox,47.7,1.04,0.27,1.71,0.58,1.67,0.33,0.11,2.0
Andre Gusmao,182.9,,93.0,Orthodox,49.3,2.79,0.43,3.28,0.6,0.0,0.0,0.6,0.0
Alexander Gustafsson,195.6,200.7,93.0,Orthodox,39.7,4.02,0.4,3.42,0.51,1.54,0.39,0.83,0.4
Justin Guthrie,185.4,,77.1,,45.7,0.16,0.33,3.74,0.14,2.44,0.25,0.0,4.9
Horacio Gutierrez,177.8,,65.8,,36.0,0.86,0.26,2.91,0.46,0.0,0.0,0.5,0.0
Chris Gutierrez,175.3,170.2,65.8,Orthodox,35.4,4.3,0.57,2.45,0.59,0.57,0.6,0.73,0.2
Tim Hague,193.0,193.0,117.9,Orthodox,43.4,2.79,0.47,4.14,0.46,1.72,0.33,0.85,0.9
Steve Hadsel,172.7,,77.1,,,0.0,0.0,0.0,0.0,0.0,0.0,0.0,0.0
Keith Hackney,180.3,,90.7,Sideways,,0.0,0.0,0.0,0.0,0.0,0.0,0.0,0.0
Chelsea Hackett,162.6,167.6,56.7,Switch,28.1,2.58,0.51,4.85,0.46,0.0,0.0,0.57,0.0
Mike Guymon,182.9,188.0,77.1,Orthodox,52.0,2.75,0.65,0.79,0.66,1.87,0.37,0.54,1.2
Damir Hadzovic,175.3,177.8,70.3,Orthodox,40.1,2.99,0.46,2.99,0.66,0.68,0.6,0.39,0.2
Yazan Hajeh,175.3,,65.8,Orthodox,34.1,1.54,0.25,17.44,0.44,0.0,0.0,1.0,0.0
Kevin Haley,188.0,,93.0,,,0.87,0.59,0.87,0.64,3.0,1.0,0.0,2.0
Stoney Hale,182.9,,,,46.9,0.0,0.0,0.0,0.0,0.0,0.0,0.0,0.0
Ryan Hall,177.8,177.8,65.8,Southpaw,41.6,2.32,0.43,0.96,0.75,0.31,0.16,0.0,0.9
Tony Halme,190.5,,136.1,Orthodox,63.7,0.0,0.0,0.0,0.0,0.0,0.0,0.0,0.0
Mark Hall,182.9,,86.2,Orthodox,,0.0,0.0,0.0,0.0,0.0,0.0,0.0,0.0
Dennis Hallman,175.3,182.9,70.3,Orthodox,50.8,1.12,0.44,1.96,0.43,1.79,0.3,0.25,2.1
Uriah Hall,182.9,200.7,83.9,Orthodox,42.1,3.34,0.51,3.54,0.53,0.67,0.38,0.69,0.2
Piotr Hallmann,175.3,180.3,70.3,Orthodox,39.1,3.98,0.45,3.17,0.58,2.55,0.44,0.7,0.4
Frank Hamaker,,,,,,0.0,0.0,0.0,0.0,0.0,0.0,0.0,0.0
Kazuhiro Hamanaka,182.9,,83.9,Southpaw,47.9,1.7,0.37,0.91,0.6,0.0,0.0,0.5,0.0
Brandon Halsey,182.9,,83.9,,40.0,1.74,0.47,0.87,0.65,4.98,0.53,1.0,1.2
Seo Hee Ham,157.5,157.5,52.2,Southpaw,39.5,4.2,0.39,5.15,0.61,0.0,0.0,0.66,0.2
John Halverson,175.3,,70.3,Southpaw,54.0,2.94,0.43,5.29,0.47,0.0,0.0,0.66,2.0
Jeremy Hamilton,,,83.9,,41.9,0.0,0.0,0.0,0.0,0.0,0.0,0.0,0.0
Anthony Hamilton,195.6,193.0,117.9,Orthodox,46.4,3.91,0.65,3.02,0.45,2.62,0.42,0.78,0.0
Matt Hamill,185.4,193.0,93.0,Orthodox,50.0,3.69,0.42,3.8,0.61,3.0,0.34,0.91,0.0
CJ Hamilton,170.2,172.7,56.7,Switch,40.0,2.47,0.31,3.93,0.58,0.0,0.0,0.62,0.0
James Hammortree,190.5,,83.9,Orthodox,42.8,1.93,0.3,4.13,0.44,2.0,0.5,1.0,1.0
Jared Hamman,190.5,190.5,83.9,Orthodox,44.5,5.15,0.42,3.93,0.55,1.57,0.46,0.3,0.0
Joachim Hansen,170.2,,68.0,Southpaw,47.3,2.01,0.43,2.04,0.58,2.21,0.58,0.34,1.9
Nasrat Haqparast,177.8,182.9,70.3,Southpaw,31.1,5.81,0.47,3.23,0.74,0.18,0.16,0.84,0.0
Dean Hancock,,,70.3,,,7.97,0.63,1.94,0.67,1.71,0.33,0.75,1.7
Kay Hansen,157.5,160.0,52.2,Orthodox,27.1,3.57,0.59,3.03,0.54,2.19,0.25,1.0,1.6
Janay Harding,,,61.2,,,0.0,0.0,0.0,0.0,0.0,0.0,0.0,0.0
Scott Harper,182.9,,83.9,Orthodox,54.4,1.3,0.54,4.98,0.47,3.25,1.0,0.0,0.0
Baru Harn,,,120.2,,,0.0,0.0,0.0,0.0,0.0,0.0,0.0,0.0
Antoni Hardonk,193.0,198.1,111.1,Orthodox,50.6,3.4,0.61,3.07,0.46,0.0,0.0,0.4,0.9
Dan Hardy,182.9,188.0,77.1,Orthodox,44.4,2.46,0.35,3.44,0.51,0.73,0.35,0.35,0.4
Greg Hardy,195.6,203.2,120.2,Orthodox,38.2,4.83,0.5,3.12,0.56,0.21,0.33,0.8,0.0
Gerry Harris,203.2,,122.5,Orthodox,,0.0,0.0,0.0,0.0,0.0,0.0,0.0,0.0
Phil Harris,162.6,165.1,56.7,Orthodox,43.1,2.34,0.26,3.16,0.68,1.76,0.21,0.6,0.0
Dhafir Harris,,,116.6,,49.1,0.0,0.0,0.0,0.0,0.0,0.0,0.0,0.0
Collin Hart,185.4,,83.9,Orthodox,36.9,6.33,0.44,7.53,0.51,2.0,0.16,0.5,0.0
Carlston Harris,182.9,,77.1,,39.2,0.0,0.0,0.0,0.0,0.0,0.0,0.0,0.0
Dale Hartt,177.8,175.3,70.3,Orthodox,47.5,1.14,0.35,1.55,0.66,1.22,1.0,0.25,2.5
Trevor Harris,167.6,,65.8,,,1.73,0.5,0.43,0.75,0.0,0.0,0.5,6.5
Walt Harris,195.6,195.6,113.4,Southpaw,43.3,2.95,0.38,3.43,0.54,0.3,0.28,0.72,0.1
Gerald Harris,180.3,195.6,83.9,Southpaw,46.8,1.41,0.29,1.58,0.62,2.96,0.54,0.72,0.0
Luke Hartwig,,,,,,0.0,0.0,0.0,0.0,0.0,0.0,0.0,0.0
Hidehiko Hasegawa,175.3,,77.1,,48.2,0.0,0.0,0.0,0.0,0.0,0.0,0.0,0.0
Justin Haskins,177.8,,77.1,Orthodox,47.1,1.51,0.33,2.65,0.54,1.62,0.4,0.52,0.8
Clay Harvison,185.4,188.0,77.1,Orthodox,46.0,3.29,0.48,3.91,0.58,0.66,1.0,0.68,1.3
Daiki Hata,167.6,,63.0,Orthodox,44.1,1.44,0.39,1.42,0.55,0.67,1.0,0.35,0.7
Chris Haseman,180.3,,93.0,Orthodox,57.3,0.93,0.7,4.67,0.28,0.0,0.0,0.4,2.0
Tomohiko Hashimoto,182.9,,113.4,Orthodox,,0.0,0.0,11.67,0.3,0.0,0.0,0.0,0.0
Takayo Hashi,162.6,,61.2,Orthodox,49.0,2.84,0.26,6.56,0.61,0.0,0.0,0.0,0.0
Hayder Hassan,177.8,,77.1,,43.9,2.11,0.46,3.16,0.48,0.0,0.0,0.25,0.0
Del Hawkins,165.1,,61.2,Orthodox,,1.15,0.27,2.01,0.46,0.0,0.0,0.0,0.0
John Hathaway,185.4,190.5,77.1,Orthodox,39.2,3.4,0.4,1.8,0.62,2.61,0.43,0.6,0.9
Justin Hawes,180.3,,93.0,,47.7,0.0,0.0,3.41,0.37,0.0,0.0,0.0,0.0
Chris Hawk,185.4,,93.0,,,0.0,0.0,0.0,0.0,0.0,0.0,0.0,0.0
Ryan Hayes,,,,,,0.0,0.0,0.0,0.0,0.0,0.0,0.0,0.0
Phil Hawes,182.9,195.6,83.9,Orthodox,37.7,2.84,0.52,4.18,0.47,3.13,0.35,0.0,0.0
Mike Hayes,193.0,,104.3,Orthodox,,4.87,0.55,1.47,0.77,0.0,0.0,0.75,4.0
Tommy Hayden,175.3,,65.8,Southpaw,40.5,1.48,0.27,2.05,0.55,3.42,0.33,0.66,0.0
Gerric Hayes,177.8,,,,,0.0,0.0,0.0,0.0,0.0,0.0,0.0,0.0
Josh Haynes,175.3,,77.1,Orthodox,49.1,1.25,0.22,4.03,0.52,0.94,0.18,0.42,0.0
Dustin Hazelett,185.4,193.0,77.1,Orthodox,40.4,2.24,0.4,3.51,0.46,0.55,0.5,0.25,4.1
James Head,185.4,185.4,77.1,Orthodox,42.6,2.75,0.48,3.11,0.49,0.41,1.0,0.66,0.8
Pat Healy,182.9,182.9,70.3,Orthodox,43.2,2.57,0.36,2.57,0.5,3.08,0.37,0.55,1.1
Ryan Healy,185.4,,70.3,Orthodox,43.2,1.67,0.35,3.0,0.38,3.0,0.5,0.4,1.0
Spencer Hearns,180.3,,83.9,,,0.0,0.0,0.0,0.0,0.0,0.0,0.0,0.0
David Heath,180.3,182.9,93.0,Orthodox,50.6,1.48,0.3,5.16,0.49,0.33,0.5,0.57,1.0
Marcin Held,175.3,180.3,70.3,Orthodox,34.7,1.41,0.34,2.02,0.47,2.46,0.46,0.37,1.3
Delson Heleno,180.3,,83.9,Orthodox,48.9,0.69,0.75,4.83,0.19,0.0,0.0,0.0,0.0
Chris Heatherly,175.3,,70.3,Orthodox,38.8,1.08,0.45,2.67,0.52,3.39,0.5,1.0,0.7
Nick Hein,167.6,167.6,70.3,Southpaw,42.4,2.65,0.35,3.61,0.59,0.86,0.33,0.83,0.0
Ian Heinisch,180.3,182.9,83.9,Orthodox,38.1,3.28,0.5,2.79,0.58,1.13,0.18,0.6,0.8
Jake Hecht,182.9,185.4,77.1,Orthodox,42.6,3.26,0.47,2.76,0.56,2.04,0.37,0.4,0.0
Elisha Helsper,167.6,,61.2,Orthodox,43.6,0.0,0.0,0.0,0.0,0.0,0.0,0.0,0.0
Josh Hendricks,188.0,,106.6,Southpaw,50.1,0.98,0.2,11.8,0.29,0.0,0.0,0.0,0.0
Ron Henderson,177.8,,56.7,,,2.53,0.25,3.6,0.48,1.0,0.2,0.0,0.0
Benson Henderson,175.3,177.8,77.1,Southpaw,42.9,2.93,0.45,1.79,0.63,2.4,0.45,0.63,0.8
Johny Hendricks,175.3,175.3,83.9,Southpaw,43.0,3.49,0.45,3.99,0.53,3.83,0.46,0.63,0.3
Dan Henderson,180.3,188.0,83.9,Orthodox,56.1,2.44,0.47,2.7,0.51,1.52,0.52,0.57,0.3
Matt Helm,,,70.3,,,0.0,0.0,0.0,0.0,0.0,0.0,0.0,0.0
Diego Henrique da Silva,188.0,,83.9,Orthodox,40.1,2.53,0.57,3.27,0.3,0.0,0.0,0.63,0.0
Luis Henrique,188.0,188.0,110.2,Orthodox,33.1,1.81,0.43,2.22,0.47,3.09,0.36,0.5,1.0
Danny Henry,182.9,185.4,65.8,Orthodox,38.2,5.2,0.51,4.16,0.45,0.74,0.33,0.5,2.2
TJ Hepburn,170.2,,70.3,,,0.73,0.37,0.13,0.81,2.0,0.4,0.6,0.0
Jai Herbert,185.4,195.6,70.3,Orthodox,38.4,1.83,0.3,2.61,0.48,0.0,0.0,0.33,0.0
Ed Herman,185.4,195.6,93.0,Orthodox,46.0,3.32,0.49,3.35,0.43,2.21,0.48,0.6,1.2
Dave Herman,193.0,195.6,109.8,Orthodox,42.0,4.98,0.6,3.78,0.48,1.49,1.0,0.58,0.0
Noe Hernandez,,,,Orthodox,,0.0,0.0,0.0,0.0,0.0,0.0,0.0,0.0
Jack Hermansson,185.4,195.6,83.9,Orthodox,38.3,5.03,0.44,3.46,0.54,1.96,0.34,0.75,0.7
Cory Hendricks,190.5,,93.0,,38.4,3.13,0.39,4.07,0.42,0.0,0.0,1.0,0.0
Joe Hernandez,,,,,,0.0,0.0,0.0,0.0,0.0,0.0,0.0,0.0
Alexander Hernandez,175.3,182.9,70.3,Orthodox,34.0,3.57,0.35,3.81,0.59,1.6,0.38,0.62,0.0
Anthony Hernandez,182.9,190.5,83.9,Orthodox,32.9,4.92,0.55,5.09,0.47,3.76,0.66,0.7,1.9
Nohelin Hernandez,177.8,180.3,61.2,Orthodox,32.6,1.32,0.34,2.63,0.52,0.71,0.5,0.37,0.0
Paul Herrera,177.8,,83.9,Orthodox,,0.0,0.0,0.0,0.0,0.0,0.0,0.0,0.0
Chris Herrera,177.8,,83.9,,,2.04,0.37,3.35,0.48,1.8,1.0,1.0,0.0
Alvaro Herrera Mendoza,182.9,188.0,70.3,Orthodox,36.4,1.89,0.38,3.4,0.55,0.0,0.0,0.33,1.1
Geane Herrera,165.1,167.6,56.7,Orthodox,36.3,1.51,0.31,5.07,0.52,0.83,0.37,0.38,0.6
Ramiro Hernandez,175.3,,61.2,Orthodox,40.2,2.72,0.28,5.51,0.64,0.0,0.0,0.0,0.0
Felice Herrig,162.6,165.1,52.2,Orthodox,42.0,3.63,0.36,4.84,0.49,1.18,0.3,0.72,0.9
Jon Hess,200.7,,133.8,,,0.0,0.0,0.0,0.0,0.0,0.0,0.0,0.0
Heath Herring,193.0,198.1,113.4,Orthodox,48.6,2.37,0.5,1.77,0.54,1.22,0.5,0.32,0.7
Clint Hester,188.0,195.6,93.0,Orthodox,39.8,3.36,0.42,3.44,0.56,1.02,0.35,0.6,0.0
Brandon Hester,185.4,,93.0,,,3.53,0.53,0.4,0.68,4.0,0.8,0.0,0.0
Conor Heun,177.8,,70.3,Orthodox,47.6,2.92,0.36,3.66,0.54,2.45,0.31,0.33,0.3
Marcus Hicks,167.6,162.6,70.3,Southpaw,50.8,1.42,0.43,3.06,0.61,2.7,0.53,0.25,4.0
Jimy Hettes,175.3,180.3,65.8,Southpaw,39.3,3.47,0.57,3.5,0.57,5.2,0.44,0.61,1.4
Lee Higgins,,,70.3,,46.2,1.02,0.26,3.68,0.4,0.0,0.0,0.0,0.0
Jay Hieron,182.9,190.5,77.1,Orthodox,50.2,1.66,0.32,1.89,0.61,4.05,0.6,0.66,1.0
Jason High,172.7,185.4,70.3,Southpaw,44.9,1.28,0.42,1.56,0.48,2.36,0.63,0.37,2.8
Richie Hightower,172.7,,77.1,Orthodox,51.8,4.62,0.35,6.92,0.21,3.46,1.0,1.0,0.0
Isaiah Hill,177.8,,70.3,,,4.84,0.5,0.97,0.8,0.0,0.0,0.66,14.5
Alex Higley,177.8,,65.8,,,0.29,1.0,1.74,0.6,0.0,0.0,0.0,0.0
Jamahal Hill,193.0,200.7,93.0,Southpaw,35.3,7.9,0.52,3.15,0.49,0.0,0.0,0.53,0.0
Kailan Hill,185.4,195.6,83.9,Southpaw,31.8,2.6,0.53,4.8,0.37,3.0,0.42,0.0,0.0
Angela Hill,160.0,162.6,52.2,Orthodox,41.7,5.66,0.5,4.98,0.64,0.45,0.36,0.76,0.1
Branden Lee Hinkle,190.5,,106.6,Orthodox,53.2,2.61,0.69,3.91,0.26,4.34,0.57,0.66,4.3
Hatsu Hioki,180.3,185.4,65.8,Orthodox,43.2,2.42,0.42,2.12,0.65,2.55,0.56,0.54,0.6
Tyler Hill,190.5,,77.1,Switch,35.1,3.64,0.39,5.33,0.47,0.0,0.0,0.0,0.0
Kuniyoshi Hironaka,177.8,177.8,76.2,Orthodox,50.3,1.98,0.4,3.01,0.54,1.91,0.3,0.25,0.6
Mizuto Hirota,170.2,170.2,70.3,Orthodox,45.4,3.36,0.4,3.5,0.54,1.36,0.5,0.58,0.1
Alan Hiro,165.1,,61.2,Orthodox,40.5,0.0,0.0,0.0,0.0,0.0,0.0,0.0,0.0
Corey Hill,193.0,203.2,70.3,Orthodox,48.0,3.57,0.46,1.61,0.7,3.02,0.8,1.0,0.0
Matt Hobar,177.8,177.8,61.2,Southpaw,39.7,3.23,0.42,4.27,0.52,3.66,0.44,0.5,0.0
Kwan Ho Kwak,165.1,,61.2,Switch,37.3,3.29,0.41,3.45,0.47,0.78,1.0,0.26,0.0
Yuji Hisamatsu,177.8,,83.9,,55.0,0.0,0.0,0.0,0.0,0.0,0.0,0.0,0.0
Sam Hoger,188.0,,93.0,Orthodox,46.2,1.07,0.25,2.25,0.57,1.12,0.38,0.29,1.3
Bobby Hoffman,188.0,,111.1,Orthodox,57.9,2.02,0.7,1.32,0.19,1.17,0.5,0.0,1.2
Kevin Holland,190.5,205.7,83.9,Orthodox,33.9,4.14,0.56,2.58,0.56,1.08,0.45,0.51,0.7
Andrew Holbrook,180.3,177.8,70.3,Southpaw,40.6,2.2,0.49,3.0,0.54,0.85,0.18,0.1,2.1
Sean Holden,177.8,,77.1,,42.0,2.4,0.59,0.6,0.59,5.0,0.83,0.0,2.0
Chris Holdsworth,180.3,,61.2,,38.9,1.85,0.29,1.94,0.58,3.38,0.62,1.0,2.0
Roger Hollett,180.3,,93.0,Orthodox,48.0,1.83,0.47,6.47,0.34,1.0,0.28,0.3,0.0
Jeremie Holloway,182.9,,77.1,,42.0,0.81,0.5,0.51,0.79,0.0,0.0,0.0,0.0
Gabrielle Holloway,160.0,,65.8,,36.4,0.7,0.42,3.07,0.34,3.0,0.35,0.16,1.0
Max Holloway,180.3,175.3,65.8,Orthodox,34.8,7.26,0.46,4.58,0.6,0.21,0.71,0.84,0.3
Holly Holm,172.7,175.3,61.2,Southpaw,44.9,3.16,0.38,2.8,0.57,0.81,0.3,0.76,0.1
Rex Holman,190.5,,93.0,Southpaw,,2.75,0.34,7.25,0.4,0.0,0.0,1.0,0.0
Kurt Holobaugh,180.3,177.8,70.3,Orthodox,40.0,4.51,0.42,4.28,0.46,0.97,0.36,0.45,0.7
Paddy Holohan,177.8,175.3,56.7,Orthodox,38.4,2.13,0.46,2.81,0.46,2.88,0.47,0.71,1.3
Ben Holscher,180.3,,70.3,,,0.0,0.0,0.0,0.0,0.0,0.0,0.0,0.0
Mark Holst,182.9,,70.3,Orthodox,41.1,0.25,0.19,1.67,0.47,0.76,1.0,0.6,2.3
Scott Holtzman,175.3,175.3,70.3,Orthodox,43.0,4.44,0.49,3.47,0.54,2.16,0.58,0.66,0.2
Sabah Homasi,182.9,182.9,77.1,Orthodox,37.9,4.98,0.48,6.91,0.47,2.8,0.5,0.66,0.0
Barb Honchak,162.6,165.1,56.7,Orthodox,47.1,4.04,0.3,4.67,0.66,0.0,0.0,0.0,1.3
Mark Hominick,172.7,172.7,65.8,Orthodox,44.2,4.08,0.42,4.18,0.69,0.25,0.66,0.71,0.9
Chris Honeycutt,177.8,185.4,77.1,,38.2,2.99,0.44,1.41,0.66,3.4,0.45,0.75,0.0
Satoshi Honma,185.4,,93.0,Orthodox,58.3,0.0,0.0,0.0,0.0,0.0,0.0,0.0,0.0
David Hood,182.9,,90.7,,,0.0,0.0,0.0,0.0,0.0,0.0,0.0,0.0
Lorenzo Hood,190.5,,120.2,,,0.0,0.0,0.0,0.0,0.0,0.0,0.0,0.0
Chase Hooper,185.4,188.0,65.8,Southpaw,27.0,4.43,0.45,3.95,0.38,0.32,0.07,0.66,2.2
Dan Hooker,182.9,190.5,70.3,Switch,36.6,4.95,0.48,4.92,0.51,0.72,0.34,0.79,0.3
Moti Horenstein,193.0,,104.3,Orthodox,,0.0,0.0,0.0,0.0,0.0,0.0,0.0,0.0
Yoshinori Horie,172.7,177.8,65.8,Orthodox,31.4,2.76,0.49,5.65,0.48,0.0,0.0,0.0,0.0
Kyoji Horiguchi,165.1,167.6,56.7,Orthodox,35.9,3.6,0.45,2.45,0.62,2.0,0.44,0.55,0.0
Matt Horning,162.6,,56.7,,,0.0,0.0,0.0,0.0,0.0,0.0,0.0,0.0
Chris Horodecki,175.3,175.3,70.3,Orthodox,39.0,4.59,0.41,3.16,0.65,1.52,0.55,0.37,0.9
Jeremy Horn,185.4,188.0,83.9,Orthodox,51.1,1.19,0.39,1.99,0.55,1.83,0.38,0.29,1.1
Jamey-Lyn Horth,170.2,,56.7,,36.5,0.0,0.0,0.0,0.0,0.0,0.0,0.0,0.0
Matt Horwich,185.4,,83.9,Orthodox,48.0,1.11,0.62,2.16,0.38,0.33,0.09,0.28,2.7
John Hosman,177.8,,61.2,Southpaw,45.9,1.11,0.38,1.52,0.45,0.0,0.0,0.46,0.0
Saeed Hosseini,,,,,,0.0,0.0,0.0,0.0,0.0,0.0,0.0,0.0
Jeff Hougland,170.2,172.7,61.2,Orthodox,48.1,1.86,0.48,3.46,0.47,0.86,0.18,0.0,1.1
Trey Houston,180.3,,83.9,,,0.0,0.0,0.0,0.0,0.0,0.0,0.0,0.0
Jamie Houston,,,83.9,,,0.0,0.0,0.0,0.0,0.0,0.0,0.0,0.0
Darrell Horcher,177.8,177.8,70.3,Southpaw,39.2,2.05,0.44,4.21,0.39,0.35,0.5,0.47,0.7
Brian Houston,188.0,,83.9,Orthodox,45.4,1.9,0.35,3.67,0.53,0.95,1.0,0.87,0.0
John Howard,170.2,182.9,77.1,Orthodox,43.6,2.15,0.5,3.08,0.51,2.7,0.49,0.53,0.4
Carlos Huachin,162.6,170.2,61.2,Southpaw,30.3,2.1,0.21,4.8,0.5,0.0,0.0,0.66,0.0
Harold Howard,188.0,,108.9,Orthodox,,0.0,0.0,0.0,0.0,0.0,0.0,0.0,0.0
Shane Howell,172.7,,56.7,Orthodox,42.8,1.27,0.32,2.55,0.42,0.0,0.0,0.2,0.0
Brady Huang,175.3,175.3,61.2,Orthodox,33.8,4.62,0.37,10.77,0.3,0.0,0.0,0.0,0.0
Alex Huddleston,200.7,,115.2,,40.1,2.47,0.42,2.59,0.67,0.0,0.0,0.0,0.9
Collin Huckbody,190.5,193.0,83.9,Orthodox,32.0,2.05,0.6,2.73,0.42,10.23,1.0,0.0,20.4
Austin Hubbard,177.8,180.3,70.3,Orthodox,34.8,3.45,0.48,2.58,0.58,0.76,0.6,0.53,0.0
Jeff Hughes,188.0,195.6,113.4,Orthodox,38.4,3.95,0.51,3.67,0.6,0.71,0.5,0.45,0.0
Mark Hughes,175.3,,93.0,Southpaw,52.9,0.9,0.47,0.4,0.42,3.0,0.5,0.0,4.5
Matt Hughes,175.3,185.4,77.1,Switch,52.9,2.14,0.53,1.36,0.53,2.95,0.5,0.35,1.2
Roger Huerta,175.3,177.8,70.3,Orthodox,43.3,3.64,0.36,2.33,0.56,2.13,0.46,0.52,0.5
Casey Huffman,190.5,,83.9,,,0.0,0.0,0.0,0.0,0.0,0.0,0.0,0.0
Sam Hughes,165.1,162.6,52.2,Orthodox,34.2,4.0,0.37,10.4,0.49,0.0,0.0,0.0,0.0
Bryan Humes,,,120.2,,,0.0,0.0,0.0,0.0,0.0,0.0,0.0,0.0
Abongo Humphrey,180.3,,93.0,Orthodox,,1.45,0.4,3.83,0.46,1.41,0.37,0.33,3.8
Harry Hunsucker,188.0,190.5,109.3,Orthodox,37.7,4.33,0.51,8.44,0.41,0.0,0.0,0.0,0.0
Adam Hunter,185.4,,83.9,Orthodox,42.9,0.0,0.0,0.0,0.0,0.0,0.0,0.0,0.0
Mark Hunt,177.8,182.9,120.2,Orthodox,52.5,2.81,0.43,2.9,0.51,0.51,0.55,0.64,0.2
Alex Hunter,175.3,,102.5,Orthodox,,0.0,0.0,0.0,0.0,0.0,0.0,0.0,0.0
Joe Hurley,172.7,,70.3,,48.2,1.12,0.45,3.35,0.56,0.0,0.0,0.2,0.0
Khadis Ibragimov,190.5,198.1,93.0,Orthodox,31.3,3.55,0.49,4.26,0.47,0.97,0.3,0.8,0.3
Al Iaquinta,177.8,177.8,70.3,Orthodox,39.4,4.06,0.4,4.44,0.61,0.64,0.18,0.74,0.2
David Hulett,177.8,,77.1,,46.0,0.0,0.0,0.0,0.0,0.0,0.0,0.0,0.0
Valeri Ignatov,175.3,,77.1,Orthodox,,0.0,0.0,0.0,0.0,0.0,0.0,0.0,0.0
Minoki Ichihara,170.2,,80.7,Orthodox,,0.0,0.0,0.0,0.0,0.0,0.0,0.0,0.0
Sergey Ignatov,175.3,,95.3,Orthodox,,0.35,0.5,3.25,0.42,0.0,0.0,0.0,0.0
Dan Ige,170.2,180.3,65.8,Orthodox,35.1,3.95,0.46,3.36,0.58,1.68,0.27,0.59,0.5
Fabiano Iha,172.7,,70.3,Orthodox,56.2,1.73,0.47,2.49,0.42,2.88,0.4,0.5,2.9
Seichi Ikemoto,180.3,,76.2,Orthodox,51.1,2.59,0.32,3.74,0.57,1.23,0.26,0.6,0.0
Mikhail Iloukhine,175.3,,93.0,Orthodox,59.8,0.16,0.2,2.95,0.26,0.0,0.0,0.0,7.0
Zelim Imadaev,182.9,193.0,77.1,Orthodox,31.7,2.91,0.36,4.35,0.43,0.38,0.5,0.6,0.0
Yusuke Imamura,172.7,,99.8,Orthodox,,0.18,0.5,1.83,0.52,2.75,0.5,0.0,0.0
Masakazu Imanari,162.6,,63.0,Southpaw,50.6,0.55,0.3,1.74,0.57,0.0,0.0,0.0,2.1
Nassourdine Imavov,190.5,190.5,83.9,Orthodox,31.6,4.17,0.61,2.03,0.59,0.5,0.12,0.6,2.0
Solomon Hutcherson,180.3,,83.9,Southpaw,54.1,2.59,0.39,2.59,0.64,3.53,1.0,0.0,0.0
Brad Imes,200.7,,120.2,Orthodox,49.5,2.73,0.31,4.24,0.49,1.72,0.71,0.0,1.0
Chris Inman,,,,,,0.0,0.0,0.0,0.0,0.0,0.0,0.0,0.0
Chris Indich,177.8,,77.1,,39.4,1.31,0.3,4.32,0.43,0.75,0.5,0.5,1.5
Guto Inocente,190.5,,93.0,Orthodox,40.3,4.13,0.66,2.92,0.54,0.67,0.33,0.66,0.7
Enson Inoue,177.8,,95.3,Orthodox,59.4,1.7,0.63,1.88,0.3,0.0,0.0,0.33,0.0
Egan Inoue,175.3,,86.2,Southpaw,61.2,1.66,0.36,3.31,0.57,0.0,0.0,0.0,0.0
Katsuya Inoue,175.3,,76.2,Southpaw,47.1,3.41,0.24,12.89,0.51,0.0,0.0,0.66,0.0
Takeshi Inoue,172.7,,65.8,,46.5,2.54,0.44,3.32,0.61,0.0,0.0,0.47,0.0
Naoki Inoue,175.3,180.3,56.7,Orthodox,29.3,3.67,0.35,3.37,0.6,0.0,0.0,0.6,2.5
Inoue Mizuki,160.0,165.1,56.7,Orthodox,32.1,5.0,0.5,6.87,0.48,0.0,0.0,0.66,0.0
Jorge Interiano,185.4,,93.0,,,0.0,0.0,0.0,0.0,0.0,0.0,0.0,0.0
Jason Ireland,175.3,,73.0,Southpaw,46.7,1.2,0.25,2.07,0.51,3.59,0.75,0.0,1.2
Eric Irvin,172.7,,70.3,,40.7,3.27,0.42,4.47,0.36,4.0,0.3,0.33,0.0
James Irvin,188.0,190.5,93.0,Orthodox,48.0,2.03,0.48,3.86,0.35,0.0,0.0,0.36,0.5
Mitsuhiro Ishida,167.6,,69.9,Southpaw,47.7,1.46,0.41,1.13,0.61,4.76,0.53,0.33,0.7
Teruto Ishihara,170.2,175.3,61.2,Southpaw,35.2,3.26,0.44,3.63,0.53,0.5,0.16,0.3,0.0
Yuki Ishikawa,180.3,,93.0,Orthodox,,1.07,0.28,8.57,0.11,0.0,0.0,0.5,0.0
Eiji Ishikawa,177.8,,77.1,,46.9,1.2,0.29,4.07,0.6,1.0,0.09,0.0,0.0
Satoshi Ishii,180.3,,108.9,Orthodox,39.8,1.41,0.36,1.58,0.63,3.47,0.52,1.0,1.6
Damir Ismagulov,175.3,177.8,70.3,Orthodox,35.6,3.76,0.43,1.87,0.69,1.67,0.31,1.0,0.0
Tokimitsu Ishizawa,182.9,,83.9,Orthodox,58.1,1.34,0.3,2.99,0.59,2.74,0.18,0.0,0.0
Wallid Ismail,170.2,,93.0,Orthodox,58.6,0.92,0.31,0.83,0.44,1.85,0.28,0.0,0.5
Leandro Issa,170.2,175.3,61.2,Orthodox,43.0,2.08,0.37,3.17,0.58,2.38,0.22,0.5,1.2
Tatsuya Iwasaki,175.3,,93.0,Orthodox,,0.79,1.0,8.68,0.38,0.0,0.0,0.0,0.0
Tomomi Iwama,160.0,,70.3,Orthodox,,1.0,0.2,3.0,0.7,0.0,0.0,0.0,0.0
Anthony Ivy,188.0,188.0,83.9,Orthodox,36.7,2.5,0.42,4.57,0.51,4.69,0.2,1.0,0.0
Blagoy Ivanov,180.3,185.4,113.4,Southpaw,40.0,3.32,0.4,4.15,0.54,1.06,0.54,0.75,0.2
Yoislandy Izquierdo,180.3,,70.3,Southpaw,42.7,2.93,0.52,1.4,0.26,0.0,0.0,0.5,0.0
Hiroshi Izumi,,,93.0,Orthodox,44.3,1.95,0.37,2.65,0.66,3.35,0.7,1.0,0.5
Yves Jabouin,170.2,172.7,61.2,Orthodox,47.3,3.06,0.41,2.93,0.62,1.94,0.6,0.82,0.1
Kevin Jackson,177.8,,90.3,Switch,,0.0,0.0,0.0,0.0,0.0,0.0,0.0,0.0
Eugene Jackson,172.7,,83.9,Orthodox,60.0,2.19,0.33,3.44,0.32,1.91,0.71,0.16,2.3
Jeremy Jackson,177.8,,77.1,Orthodox,44.0,0.71,0.27,2.03,0.25,1.52,0.4,0.58,0.0
Kenyon Jackson,182.9,,83.9,,,0.0,0.0,0.0,0.0,0.0,0.0,0.0,0.0
Quinton Jackson,185.4,185.4,93.0,Orthodox,48.3,3.25,0.54,2.51,0.55,1.52,0.56,0.73,0.1
Mike Jackson,188.0,,77.1,Orthodox,41.5,4.25,0.58,1.33,0.75,0.95,1.0,0.88,0.0
Jason Jackson,185.4,198.1,77.1,Orthodox,35.9,2.24,0.48,1.31,0.56,0.0,0.0,0.0,0.0
Damon Jackson,180.3,180.3,65.8,Switch,38.1,2.46,0.35,3.63,0.45,1.14,0.2,0.35,2.7
Eric Jacob,,,70.3,,,0.0,0.0,0.0,0.0,0.0,0.0,0.0,0.0
Montel Jackson,177.8,190.5,61.2,Southpaw,34.4,3.77,0.55,1.5,0.56,4.15,0.77,0.66,0.2
Dustin Jacoby,190.5,193.0,93.0,Orthodox,38.5,3.68,0.46,2.94,0.61,0.22,1.0,0.7,0.0
Justin James,177.8,,70.3,Orthodox,49.9,1.34,0.36,2.68,0.5,0.0,0.0,0.5,1.6
Nate James,182.9,,83.9,,48.3,1.33,0.42,2.67,0.28,0.0,0.0,0.44,0.0
Ryan Janes,190.5,193.0,83.9,Orthodox,45.1,7.69,0.48,5.53,0.59,0.35,1.0,0.58,0.0
Virna Jandiroba,160.0,162.6,52.2,Orthodox,38.3,2.39,0.46,3.08,0.54,3.16,0.53,0.73,2.0
Josh Janousek,180.3,,83.9,Orthodox,46.0,0.0,0.0,0.0,0.0,0.0,0.0,0.0,0.0
Jaime Jara,185.4,,93.0,Southpaw,57.1,2.2,0.6,1.47,0.56,0.0,0.0,0.25,0.0
Dave Jansen,175.3,185.4,70.3,Orthodox,47.1,2.94,0.33,3.67,0.58,2.79,0.28,0.38,0.9
Gigo Jara,175.3,,65.8,,,2.26,0.57,2.71,0.51,0.0,0.0,0.66,0.0
Keith Jardine,188.0,193.0,83.9,Orthodox,50.9,3.25,0.36,2.98,0.59,1.18,0.45,0.62,0.7
Josh Jarvis,,,,,,0.0,0.0,0.0,0.0,0.0,0.0,0.0,0.0
Brock Jardine,180.3,,77.1,Orthodox,41.2,1.06,0.3,3.34,0.56,0.0,0.0,0.14,0.8
Justin Jaynes,170.2,172.7,70.3,Orthodox,37.1,3.58,0.42,6.49,0.58,0.0,0.0,0.33,0.6
Louis Jauregui,170.2,,77.1,,,0.0,0.0,0.0,0.0,0.0,0.0,0.0,0.0
Rony Jason,170.2,185.4,65.8,Orthodox,42.5,2.04,0.44,3.14,0.53,0.59,0.3,0.36,0.8
Joanna Jedrzejczyk,167.6,165.1,52.2,Orthodox,39.1,6.3,0.48,3.08,0.64,0.28,0.62,0.81,0.1
Aaron Jeffery,188.0,188.0,83.9,Orthodox,33.9,6.21,0.84,4.14,0.39,0.0,0.0,0.75,0.0
Trent Jenkins,188.0,,83.9,,,0.0,0.0,0.0,0.0,0.0,0.0,0.0,0.0
Bubba Jenkins,170.2,,65.8,,38.6,2.41,0.37,1.58,0.67,7.23,0.68,1.0,0.0
Adrienna Jenkins,172.7,,65.8,,45.2,0.0,0.0,0.0,0.0,0.0,0.0,0.0,0.0
Steve Jennum,177.8,,97.5,Orthodox,,0.0,0.0,0.0,0.0,0.0,0.0,0.0,0.0
Ryan Jensen,185.4,193.0,83.9,Orthodox,49.0,2.84,0.39,2.99,0.59,1.55,0.5,0.31,1.9
Kyle Jensen,175.3,,77.1,Orthodox,47.2,0.0,0.0,0.92,0.6,6.92,1.0,0.0,6.9
Maciej Jewtuszko,182.9,,70.3,Southpaw,45.6,2.29,0.45,1.39,0.66,0.0,0.0,0.42,0.9
Chan-Mi Jeon,165.1,,52.2,Orthodox,29.1,6.23,0.31,7.77,0.55,0.0,0.0,0.0,0.0
Ronald Jhun,180.3,,77.1,Orthodox,56.0,1.45,0.57,3.01,0.5,1.81,1.0,1.0,0.0
Gilbert Jimenez,,,70.3,,,0.0,0.0,0.0,0.0,0.0,0.0,0.0,0.0
Art Jimmerson,185.4,,88.9,Orthodox,63.1,0.0,0.0,0.0,0.0,0.0,0.0,0.0,0.0
Carls John De Tomas,165.1,180.3,56.7,Southpaw,30.1,1.74,0.37,3.93,0.44,1.37,0.33,0.66,0.0
Sung Bin Jo,182.9,182.9,65.8,Orthodox,34.2,1.4,0.33,2.67,0.51,1.0,0.33,0.83,1.0
Phil Johns,157.5,,77.1,Southpaw,57.9,1.2,0.66,1.8,0.5,0.0,0.0,0.5,0.0
Brett Johns,170.2,180.3,61.2,Orthodox,34.6,2.86,0.49,3.84,0.53,4.92,0.49,0.58,1.0
Miles Johns,170.2,167.6,61.2,Orthodox,32.5,3.33,0.48,2.42,0.68,1.21,0.3,0.87,0.0
Travis Johnson,,,93.0,,,0.0,0.0,0.0,0.0,0.0,0.0,0.0,0.0
Devin Johnson,,,,,,0.0,0.0,0.0,0.0,0.0,0.0,0.0,0.0
Tony Johnson,185.4,,120.2,,,2.0,0.53,4.73,0.31,2.0,0.22,0.0,0.0
DaMarques Johnson,185.4,190.5,77.1,Orthodox,44.2,2.11,0.37,3.75,0.51,1.18,0.55,0.19,0.7
Ricky Johnson,172.7,,65.8,Orthodox,,1.83,0.25,6.3,0.36,0.0,0.0,0.0,0.0
Lavar Johnson,193.0,208.3,108.9,Orthodox,49.3,5.39,0.55,2.54,0.55,0.61,0.66,0.54,0.6
Ryan Jimmo,185.4,185.4,93.0,Orthodox,44.8,3.12,0.66,2.77,0.46,0.45,0.28,0.87,0.0
Kajan Johnson,180.3,190.5,70.3,Orthodox,42.4,2.47,0.42,1.59,0.64,1.54,0.37,0.62,0.2
Deshaun Johnson,,,75.7,,,2.27,0.41,6.67,0.43,0.0,0.0,0.0,0.0
Demetrious Johnson,160.0,167.6,56.7,Orthodox,40.1,3.43,0.54,1.66,0.67,3.35,0.56,0.65,0.5
Michael Johnson,177.8,185.4,70.3,Southpaw,40.3,4.21,0.38,3.82,0.58,0.49,0.45,0.77,0.1
Dashon Johnson,170.2,,65.8,Orthodox,38.7,1.01,0.69,3.83,0.35,0.85,0.33,0.63,0.8
Timothy Johnson,190.5,195.6,120.2,Southpaw,41.5,3.43,0.45,3.08,0.44,1.09,0.24,0.69,0.0
Jordan Johnson,188.0,200.7,93.0,Orthodox,37.8,3.45,0.47,2.64,0.53,3.25,0.42,1.0,1.2
Taylor Johnson,182.9,188.0,83.9,Switch,35.9,5.09,0.6,1.13,0.33,8.49,1.0,1.0,0.0
Anthony Johnson,188.0,198.1,93.0,Orthodox,42.5,3.25,0.47,1.83,0.6,2.43,0.57,0.77,0.6
Jose Johnson,182.9,182.9,61.2,Orthodox,31.3,1.0,0.46,1.87,0.51,0.0,0.0,0.29,0.0
Chad Johnson,188.0,203.2,104.3,Orthodox,40.2,5.92,0.68,7.8,0.4,0.0,0.0,0.0,0.0
Brian Johnston,190.5,,104.3,Orthodox,,0.0,0.0,0.0,0.0,0.0,0.0,0.0,0.0
Daniel Jolly,185.4,190.5,93.0,Orthodox,42.1,1.32,0.46,3.39,0.44,2.83,0.33,0.5,0.0
Liana Jojua,162.6,157.5,56.7,Orthodox,31.5,2.53,0.39,4.86,0.48,1.49,0.66,0.5,2.2
Paul Jones,175.3,,90.3,Orthodox,63.3,0.0,0.0,0.0,0.0,0.0,0.0,0.0,0.0
Nathan Jones,210.8,,156.5,Orthodox,56.1,0.0,0.0,0.0,0.0,0.0,0.0,0.0,0.0
Marcus Jones,198.1,,120.2,Orthodox,53.1,1.94,0.52,2.71,0.58,8.71,0.75,0.0,2.9
Tito Jones,172.7,,65.8,Southpaw,45.1,0.0,0.0,0.0,0.0,0.0,0.0,0.0,0.0
Carlton Jones,185.4,,102.1,Orthodox,,2.32,0.41,3.58,0.56,4.02,0.5,0.57,2.7
Jesse Jones,175.3,,77.1,,,0.0,0.0,0.0,0.0,0.0,0.0,0.0,0.0
Jon Jones,193.0,213.4,93.0,Orthodox,39.2,4.3,0.57,2.22,0.64,1.85,0.44,0.95,0.4
Roy Jones,,,93.0,,42.9,0.0,0.0,0.0,0.0,0.0,0.0,0.0,0.0
Justin Jones,180.3,,83.9,Orthodox,39.0,1.7,0.36,3.17,0.45,1.0,0.15,0.46,0.5
Ben Jones,,,83.9,,,0.0,0.0,0.0,0.0,0.0,0.0,0.0,0.0
Victor Jones,,,65.8,,,0.0,0.0,0.0,0.0,0.0,0.0,0.0,0.0
Chris Jones,175.3,,67.6,,44.9,0.0,0.0,0.0,0.0,0.0,0.0,0.0,0.0
Roshaun Jones,172.7,,61.2,,,0.0,0.0,0.0,0.0,0.0,0.0,0.0,0.0
Antonio Jones,180.3,,83.9,Orthodox,41.4,7.5,0.55,30.0,0.42,0.0,0.0,0.0,0.0
Jamelle Jones,182.9,190.5,93.0,Orthodox,38.6,1.78,0.8,3.11,0.65,0.0,0.0,0.0,0.0
Trevin Jones,170.2,177.8,63.5,Southpaw,36.1,3.84,0.61,6.81,0.35,1.17,0.2,0.0,0.0
Mason Jones,177.8,,70.3,Orthodox,31.4,7.8,0.37,7.2,0.47,1.0,0.25,0.66,0.0
Jocelyn Jones-Lybarger,170.2,162.6,52.2,Orthodox,41.0,2.96,0.31,4.83,0.56,0.34,0.25,0.81,0.0
Joe Jordan,167.6,,70.3,Orthodox,48.2,1.85,0.25,4.27,0.59,0.0,0.0,0.66,0.0
Kevin Jordan,190.5,,111.1,Orthodox,55.7,2.0,0.4,1.91,0.55,0.0,0.0,0.77,0.6
Shawn Jordan,182.9,190.5,117.9,Southpaw,41.9,2.87,0.5,3.3,0.47,1.97,0.38,0.76,0.1
Ivan Jorge,175.3,185.4,70.3,Orthodox,45.9,3.41,0.49,2.91,0.59,1.56,0.16,0.75,0.6
Gareth Joseph,,,93.0,,,0.0,0.0,0.0,0.0,0.0,0.0,0.0,0.0
Scott Jorgensen,165.1,167.6,61.2,Orthodox,44.0,3.37,0.4,3.41,0.65,2.61,0.45,0.59,0.7
Dwight Joseph,167.6,,61.2,Switch,37.1,2.6,0.52,2.87,0.55,1.0,0.2,0.2,1.0
Jeff Joslin,182.9,,77.1,Orthodox,51.4,2.17,0.39,1.57,0.65,0.5,0.33,0.64,0.5
Krzysztof Jotko,185.4,195.6,83.9,Southpaw,37.1,2.98,0.45,1.9,0.58,1.27,0.35,0.87,0.1
Alan Jouban,182.9,185.4,77.1,Southpaw,44.8,5.67,0.5,3.77,0.6,0.51,0.44,0.58,0.3
Charles Jourdain,175.3,175.3,65.8,Switch,30.8,4.79,0.45,4.11,0.61,0.0,0.0,0.47,0.7
Mike Joy,167.6,,70.3,Southpaw,41.2,0.57,0.33,1.71,0.47,0.78,0.33,0.0,2.3
Dustin Joynson,198.1,198.1,110.7,Orthodox,40.9,3.28,0.53,5.63,0.47,0.0,0.0,0.0,0.0
Tony Juarez,,,70.3,,,0.89,0.25,10.34,0.38,4.43,1.0,0.66,0.0
Jesse Juarez,185.4,,77.1,Orthodox,45.4,1.71,0.48,2.87,0.52,2.69,0.33,0.5,0.0
Steve Judson,180.3,,104.3,Orthodox,,0.0,0.0,0.0,0.0,0.0,0.0,0.0,0.0
Bu-Kyung Jung,170.2,,69.9,Orthodox,48.3,0.63,0.36,1.85,0.56,1.1,0.75,0.0,1.5
Luke Jumeau,180.3,182.9,77.1,Orthodox,38.6,2.93,0.43,3.17,0.58,0.25,1.0,0.86,0.0
Young Sam Jung,172.7,,63.0,Orthodox,40.9,0.53,0.09,2.79,0.63,0.0,0.0,0.0,2.0
Chan Sung Jung,170.2,182.9,65.8,Orthodox,39.5,4.15,0.41,4.01,0.56,0.62,0.41,0.75,0.5
Da-Un Jung,193.0,198.1,93.0,Orthodox,32.8,5.06,0.43,5.38,0.55,0.0,0.0,0.83,0.5
Scott Junk,185.4,,120.2,Orthodox,47.8,5.13,0.6,1.81,0.45,0.0,0.0,0.0,0.0
Myles Jury,177.8,185.4,65.8,Orthodox,37.9,2.94,0.42,2.16,0.66,2.16,0.55,0.5,0.3
Cristiane Justino,172.7,172.7,65.8,Orthodox,41.2,7.28,0.52,2.25,0.64,0.66,0.55,0.94,0.4
Oron Kahlon,172.7,,65.8,,45.7,0.0,0.0,0.0,0.0,0.0,0.0,0.0,0.0
Patrick Kaase,175.3,,83.9,,,4.4,0.67,0.53,0.5,0.0,0.0,0.5,0.0
Emily Kagan,160.0,,52.2,,45.2,2.6,0.36,5.29,0.38,1.86,0.14,0.5,0.0
Sirwan Kakai,165.1,,61.2,Orthodox,37.0,3.57,0.41,4.63,0.62,4.0,0.42,0.83,0.0
Bryson Kamaka,180.3,,77.1,Orthodox,,9.47,0.6,12.63,0.0,0.0,0.0,1.0,0.0
Geza Kalman,185.4,,90.7,,,0.0,0.0,0.0,0.0,0.0,0.0,0.0,0.0
Kai Kamaka,170.2,175.3,65.8,Orthodox,31.7,6.58,0.6,6.74,0.49,3.68,0.75,0.37,0.6
Martin Kampmann,182.9,182.9,77.1,Orthodox,44.4,3.22,0.42,3.28,0.62,1.86,0.41,0.78,2.0
Masanori Kanehara,170.2,170.2,61.2,Orthodox,43.8,1.88,0.49,1.63,0.62,1.44,0.5,0.63,0.9
Hiromitsu Kanehara,177.8,,90.7,Orthodox,56.0,0.76,0.22,4.39,0.4,0.0,0.0,0.4,0.4
Ken Kaneko,182.9,,73.0,Orthodox,,0.0,0.0,0.94,0.42,0.0,0.0,0.0,3.5
Kyung Ho Kang,175.3,185.4,61.2,Orthodox,39.0,2.52,0.44,2.43,0.58,2.53,0.59,0.71,1.1
Bharat Kandare,170.2,182.9,61.2,Orthodox,39.3,0.7,0.1,1.88,0.72,0.0,0.0,0.0,0.0
Denis Kang,180.3,195.6,83.9,Orthodox,49.0,2.27,0.35,1.65,0.67,2.51,0.65,0.38,1.2
Manel Kape,165.1,172.7,56.7,Southpaw,32.9,3.67,0.45,4.3,0.48,1.0,0.28,0.8,0.0
David Kaplan,170.2,,70.3,Orthodox,46.9,2.88,0.46,4.32,0.67,4.88,0.43,0.0,0.7
Yusuke Kasuya,170.2,,70.3,Southpaw,36.9,2.17,0.44,4.34,0.48,1.36,0.33,0.0,0.0
Georgi Karakhanyan,172.7,,65.8,,41.3,4.49,0.39,5.0,0.54,1.41,0.5,0.33,1.9
Tetsuji Kato,,,70.3,Orthodox,,1.2,0.29,2.1,0.7,2.0,0.57,0.8,0.5
Impa Kasanganay,180.3,190.5,83.9,Orthodox,32.7,5.36,0.49,3.52,0.6,1.44,0.83,0.63,0.0
Kai Kara-France,162.6,175.3,56.7,Orthodox,33.5,5.02,0.39,3.84,0.66,0.53,0.23,0.86,0.0
Alex Karalexis,172.7,167.6,70.3,Orthodox,49.0,2.57,0.42,2.39,0.54,2.7,0.45,0.86,0.9
Nadia Kassem,165.1,167.6,56.7,Southpaw,30.9,3.13,0.41,4.48,0.48,0.46,0.33,0.4,2.8
Brad Katona,167.6,162.6,61.2,Orthodox,34.8,3.33,0.51,2.98,0.57,1.25,0.22,0.47,0.0
Hisaki Kato,182.9,,83.9,,44.0,2.8,0.48,1.72,0.68,1.62,1.0,0.0,0.0
Calvin Kattar,180.3,182.9,65.8,Orthodox,38.5,5.07,0.42,8.16,0.5,0.37,0.3,0.89,0.0
Canaan Kawaihae,182.9,,65.8,Southpaw,29.1,2.33,0.72,5.4,0.34,0.0,0.0,1.0,0.0
Sarah Kaufman,165.1,167.6,61.2,Orthodox,41.0,6.65,0.46,4.0,0.62,0.38,0.57,0.81,0.0
Ryo Kawamura,180.3,,93.0,Orthodox,45.2,0.6,0.16,3.93,0.39,0.0,0.0,0.06,0.0
Yusuke Kawaguchi,182.9,,115.7,,46.1,2.87,0.47,3.93,0.5,0.0,0.0,0.72,0.0
Tatsuya Kawajiri,170.2,175.3,65.8,Orthodox,48.4,2.04,0.44,2.01,0.5,3.63,0.48,0.63,1.1
Doug Kay,,,,,,0.0,0.0,0.0,0.0,0.0,0.0,0.0,0.0
Ryan Keenan,177.8,,77.1,,41.3,0.0,0.0,0.0,0.0,0.0,0.0,0.0,0.0
Julie Kedzie,165.1,,61.2,Orthodox,45.5,2.9,0.36,3.18,0.46,1.14,0.23,0.78,0.0
CJ Keith,182.9,,70.3,Orthodox,40.1,0.86,0.5,1.82,0.5,0.0,0.0,0.62,0.0
Brian Kelleher,167.6,167.6,65.8,Switch,40.1,3.92,0.39,5.47,0.53,1.0,0.25,0.59,0.7
Mayana Kellem,165.1,,61.2,Orthodox,45.2,1.94,0.22,2.9,0.62,0.0,0.0,0.0,0.0
Chris Kelades,170.2,172.7,56.7,Orthodox,45.6,2.4,0.43,2.64,0.48,1.04,0.18,0.53,0.3
John Kelly,175.3,,77.1,,48.1,0.0,0.0,0.0,0.0,0.0,0.0,0.0,0.0
Waylon Kennell,182.9,,83.9,,,0.0,0.0,0.0,0.0,0.0,0.0,0.0,0.0
Jeremy Kennedy,180.3,180.3,65.8,Orthodox,34.0,2.22,0.46,2.58,0.47,5.73,0.52,0.66,0.0
Tony Kelley,175.3,177.8,61.2,Switch,39.7,4.57,0.47,4.77,0.43,0.0,0.0,0.5,2.0
Daniel Kelly,182.9,177.8,83.9,Southpaw,48.9,3.62,0.38,4.64,0.61,1.86,0.34,0.78,0.3
Paul Kelly,175.3,177.8,70.3,Orthodox,42.0,3.22,0.37,2.61,0.59,1.34,0.6,0.3,1.5
Steve Kennedy,180.3,,77.1,Orthodox,43.5,2.28,0.35,5.52,0.45,2.51,0.33,0.0,0.0
Tim Kennedy,180.3,188.0,83.9,Orthodox,47.1,2.78,0.47,1.84,0.62,2.58,0.35,0.7,0.7
Aurelijus Kerpe,,,,Orthodox,,1.26,0.16,8.21,0.31,0.0,0.0,0.0,0.0
Ron Keslar,,,83.9,,,0.0,0.0,2.05,0.6,0.0,0.0,1.0,7.7
Casey Kenney,170.2,172.7,63.5,Southpaw,35.5,4.81,0.42,4.3,0.59,1.1,0.39,0.59,0.5
Will Kerr,177.8,175.3,70.3,Orthodox,43.9,1.91,0.42,6.22,0.33,0.0,0.0,0.0,14.3
Sergey Khandozhko,185.4,188.0,77.1,Orthodox,34.3,2.83,0.42,1.7,0.6,0.5,0.16,0.64,0.0
Rustam Khabilov,172.7,185.4,70.3,Orthodox,39.9,1.98,0.34,2.16,0.65,3.95,0.41,0.61,0.1
Adam Khaliev,182.9,,77.1,Orthodox,42.4,0.0,0.0,0.0,0.0,0.0,0.0,0.0,0.0
Mark Kerr,190.5,,120.7,Switch,57.8,0.28,0.41,0.89,0.28,2.92,0.77,0.0,0.4
Sergei Kharitonov,182.9,,111.1,Orthodox,46.1,3.9,0.44,3.03,0.54,1.16,0.53,0.7,1.0
Alfred Khashakyan,172.7,177.8,61.2,Orthodox,38.2,6.14,0.42,6.38,0.4,3.54,0.25,0.0,0.0
Akira Kikuchi,172.7,,70.3,Orthodox,48.2,3.67,0.56,0.4,0.14,2.0,0.4,1.0,0.0
Sanae Kikuta,175.3,,90.7,Orthodox,55.0,0.7,0.45,0.9,0.52,1.6,0.63,0.25,1.8
Aliaskhab Khizriev,175.3,188.0,83.9,Southpaw,36.1,6.0,0.83,3.6,0.66,18.0,0.5,0.0,18.0
Katsunori Kikuno,172.7,167.6,65.8,Orthodox,44.9,2.64,0.4,2.47,0.61,1.88,0.75,0.76,0.8
Jacob Kilburn,175.3,182.9,65.8,Orthodox,31.2,2.56,0.33,6.78,0.35,0.51,0.05,0.2,0.5
Pannie Kianzad,170.2,167.6,61.2,Orthodox,34.8,5.14,0.49,3.62,0.57,0.22,0.14,0.83,0.2
Jin Oh Kim,175.3,,93.0,Orthodox,,5.06,0.25,8.43,0.5,0.0,0.0,0.66,0.0
Dae Won Kim,180.3,,81.6,Orthodox,,1.75,0.32,2.51,0.36,3.43,0.42,0.0,0.0
Jong Man Kim,170.2,,63.0,Orthodox,48.6,1.33,0.21,3.0,0.6,0.0,0.0,0.0,0.0
Jong Won Kim,170.2,,63.0,Orthodox,,0.84,0.15,3.28,0.63,2.81,1.0,0.0,0.0
Jong Wang Kim,185.4,,108.9,,,0.0,0.0,0.0,0.0,0.0,0.0,0.0,0.0
Dong Hyun Kim,188.0,193.0,77.1,Southpaw,44.8,2.12,0.49,1.89,0.58,2.93,0.43,0.71,0.6
Min Soo Kim,185.4,,115.7,Southpaw,51.7,0.87,1.0,3.48,0.2,0.0,0.0,0.0,0.0
Ji Yeon Kim,170.2,182.9,56.7,Orthodox,36.9,4.5,0.34,4.94,0.57,0.0,0.0,0.42,0.0
Jeremy Kimball,182.9,182.9,93.0,Switch,35.7,2.81,0.46,3.84,0.49,1.41,0.2,0.5,0.0
Dustin Kimura,170.2,180.3,61.2,Orthodox,37.3,1.33,0.21,3.82,0.51,0.93,0.37,0.5,2.2
Mike King,190.5,,83.9,,43.1,4.44,0.58,1.29,0.72,1.75,0.25,0.4,3.5
Taiei Kin,180.3,,83.9,Orthodox,56.2,2.71,0.6,1.33,0.52,0.0,0.0,0.55,0.0
Rob Kimmons,177.8,185.4,83.9,Orthodox,45.6,1.86,0.48,4.79,0.38,2.08,0.46,0.25,2.4
Kamuela Kirk,177.8,190.5,65.8,Switch,32.4,5.31,0.57,12.25,0.21,2.89,0.4,1.0,0.0
Kyle Kingsbury,193.0,200.7,93.0,Orthodox,44.5,2.97,0.4,3.81,0.51,2.64,0.41,0.52,0.0
Yurij Kiseliov,172.7,,83.9,Orthodox,,4.88,0.87,0.0,0.0,0.0,0.0,0.5,0.0
Justine Kish,165.1,162.6,56.7,Orthodox,38.4,4.65,0.48,4.62,0.59,1.01,0.35,0.55,0.2
Ludovit Klein,170.2,182.9,70.3,Southpaw,31.6,7.11,0.69,3.16,0.42,0.0,0.0,0.0,0.0
Koji Kitao,200.7,,158.8,Southpaw,62.9,0.0,0.0,0.0,0.0,0.0,0.0,0.0,0.0
Satoru Kitaoka,167.6,,69.9,,46.6,0.68,0.33,2.15,0.45,0.62,0.1,0.27,2.1
Seth Kleinbeck,188.0,,83.9,,53.2,2.55,0.33,2.42,0.4,0.98,0.25,0.9,0.0
Michael Knaap,188.0,,99.8,Orthodox,42.6,0.0,0.0,0.0,0.0,0.0,0.0,0.0,0.0
Stefan Klever,,,83.9,Orthodox,,0.82,0.5,3.84,0.58,0.0,0.0,0.0,0.0
Drakkar Klose,175.3,177.8,70.3,Orthodox,38.5,3.89,0.53,3.64,0.53,1.56,0.3,0.68,0.0
Kevin Knabjian,177.8,,77.1,Orthodox,42.2,0.0,0.0,15.56,0.22,0.0,0.0,1.0,0.0
Isao Kobayashi,172.7,,65.8,,37.9,1.01,0.33,1.66,0.45,2.17,1.0,1.0,0.0
Kelly Kobold,167.6,,61.2,Orthodox,43.6,2.33,0.21,4.11,0.59,1.67,0.11,0.0,0.0
William Knight,177.8,185.4,93.0,Orthodox,38.5,4.69,0.76,2.88,0.33,3.76,0.66,0.63,0.5
Jason Knight,177.8,180.3,65.8,Orthodox,34.2,2.95,0.33,3.02,0.51,1.31,0.31,0.47,1.7
Sokun Koh,185.4,,93.0,,,0.0,0.0,0.0,0.0,0.0,0.0,0.0,0.0
Shingo Kohara,167.6,,61.2,,,0.0,0.0,0.0,0.0,0.0,0.0,0.0,0.0
Erik Koch,177.8,180.3,77.1,Southpaw,38.0,2.33,0.42,2.82,0.47,1.02,0.42,0.81,1.0
Brad Kohler,175.3,,99.8,Orthodox,62.3,0.0,0.0,0.0,0.0,0.0,0.0,0.0,0.0
John Kolosci,180.3,,83.9,Orthodox,51.8,0.21,0.2,0.85,0.5,0.0,0.0,0.0,0.0
Tsuyoshi Kohsaka,180.3,,102.1,Orthodox,56.6,1.88,0.38,4.41,0.54,1.32,0.2,0.33,0.4
Charlie Kohler,175.3,,70.3,Orthodox,50.2,0.81,0.33,4.31,0.46,0.0,0.0,0.0,4.0
Syuri Kondo,162.6,167.6,52.2,Orthodox,37.6,5.4,0.44,7.22,0.58,0.0,0.0,0.83,0.3
Yuki Kondo,180.3,,83.0,Southpaw,51.2,1.14,0.42,2.57,0.51,0.76,0.41,0.37,0.5
Andrei Kopylov,188.0,,120.2,Orthodox,61.2,0.33,0.66,4.31,0.4,0.0,0.0,0.0,0.0
Cheick Kongo,193.0,208.3,108.9,Orthodox,51.4,3.33,0.56,1.28,0.54,2.3,0.56,0.52,0.2
Roman Kopylov,182.9,190.5,83.9,Southpaw,35.4,2.64,0.38,3.07,0.63,0.0,0.0,0.66,0.0
Andrey Koreshkov,182.9,,77.1,,36.1,2.84,0.39,1.92,0.63,4.8,0.53,0.0,0.0
Matt Kovacs,182.9,,110.7,Orthodox,,1.47,0.22,4.87,0.44,1.0,0.25,0.0,0.0
Ilya Kotau,,,77.1,,,3.94,0.4,4.38,0.44,6.57,1.0,1.0,6.6
Marcus Kowal,,,61.2,,,0.0,0.0,0.0,0.0,0.0,0.0,0.0,0.0
Naoyuki Kotani,172.7,167.6,70.3,Southpaw,44.8,1.02,0.31,2.89,0.5,0.83,0.16,0.46,0.8
Iouri Kotchkine,188.0,,106.6,Orthodox,,0.67,0.38,4.92,0.15,0.0,0.0,0.25,0.0
Josh Koscheck,177.8,185.4,77.1,Orthodox,48.8,1.79,0.36,2.27,0.63,2.46,0.48,0.64,0.4
Karolina Kowalkiewicz,160.0,162.6,52.2,Orthodox,40.9,5.27,0.39,5.65,0.56,0.1,0.12,0.75,0.1
Steve Kozola,,,70.3,,,3.9,0.39,4.36,0.5,2.34,1.0,1.0,0.0
Derrick Krantz,177.8,182.9,77.1,Orthodox,38.7,2.07,0.37,4.03,0.5,3.18,0.5,0.0,0.8
Jorgen Kruth,188.0,,93.0,,52.4,0.0,0.0,0.0,0.0,0.0,0.0,0.0,0.0
James Krause,188.0,185.4,77.1,Orthodox,40.3,4.79,0.49,4.11,0.61,0.96,0.18,0.59,0.9
Rene Kronvold,172.7,,77.1,Orthodox,,0.82,1.0,2.47,0.6,0.0,0.0,0.66,4.1
Pascal Krauss,185.4,,77.1,Orthodox,39.4,5.45,0.47,3.88,0.59,1.53,0.5,0.6,0.9
Nikita Krylov,190.5,195.6,93.0,Orthodox,34.5,4.33,0.56,2.52,0.43,1.34,0.33,0.55,1.3
Mariusz Ksiazkiewicz,190.5,190.5,83.9,Southpaw,37.0,0.93,0.45,3.4,0.39,4.0,1.0,0.0,2.0
Junya Kudo,,,61.2,Orthodox,,1.85,0.71,4.44,0.33,0.0,0.0,0.0,0.0
Anton Kuivanen,172.7,182.9,70.3,Orthodox,42.4,2.27,0.38,1.63,0.67,1.2,1.0,0.71,0.4
Aleksei Kunchenko,172.7,177.8,77.1,Orthodox,42.4,3.67,0.44,2.83,0.63,0.25,0.33,0.8,0.0
John Kuhner,,,77.1,,43.9,0.0,0.0,0.0,0.0,0.0,0.0,0.0,0.0
Maiju Kujala,,,61.2,,,2.5,0.4,5.5,0.36,0.0,0.0,0.5,0.0
Michael Kuiper,182.9,185.4,83.9,Orthodox,37.3,3.28,0.54,3.62,0.54,2.3,0.55,0.79,0.0
Keigo Kunihara,182.9,,106.6,Orthodox,,0.17,0.1,1.99,0.57,4.97,0.4,1.0,2.5
Kiichi Kunimoto,177.8,180.3,77.1,Orthodox,45.4,1.87,0.44,3.92,0.41,1.59,0.2,0.28,0.3
Leo Kuntz,177.8,,70.3,Orthodox,43.0,1.68,0.32,3.8,0.45,1.99,0.25,0.33,0.7
Yana Kunitskaya,167.6,172.7,61.2,Orthodox,36.9,4.22,0.57,2.62,0.51,1.62,0.53,0.5,0.2
Korey Kuppe,195.6,195.6,77.1,Switch,37.7,0.73,0.73,1.33,0.31,0.0,0.0,0.69,1.0
Tsuyoshi Kurihara,177.8,,83.9,Orthodox,53.2,0.0,0.0,12.0,0.5,0.0,0.0,0.0,0.0
Ramazan Kuramagomedov,185.4,185.4,77.1,Orthodox,30.1,11.67,0.67,9.13,0.54,1.0,0.14,0.0,0.0
Eldari Kurtanidze,167.6,,106.6,Orthodox,54.4,0.47,0.2,3.72,0.6,0.0,0.0,0.0,0.0
Kyle Kurtz,,,77.1,,,1.31,0.36,2.95,0.52,1.23,0.2,0.0,2.5
Guram Kutateladze,180.3,182.9,70.3,Orthodox,34.7,2.47,0.43,3.47,0.58,0.0,0.0,0.68,0.0
Kaleo Kwan,170.2,,70.3,,56.1,0.0,0.0,0.0,0.0,0.0,0.0,0.0,0.0
Lina Kvokov,175.3,,61.2,Orthodox,,2.31,0.3,12.12,0.19,0.0,0.0,0.0,0.0
Jarrod Kwitty,172.7,,83.9,,,0.53,0.5,4.4,0.32,8.0,0.5,0.0,2.0
Mike Kyle,193.0,195.6,93.0,Orthodox,46.5,3.93,0.51,3.35,0.49,1.33,0.62,0.5,0.8
Achmed Labasanov,190.5,,97.5,Orthodox,48.4,0.75,0.39,1.1,0.46,3.0,1.0,0.0,0.8
Josh LaBerge,177.8,,65.8,,,2.53,0.36,5.33,0.44,0.0,0.0,0.71,0.0
Jeremiah Labiano,177.8,,61.2,,,0.0,0.0,0.0,0.0,0.0,0.0,0.0,0.0
Kemran Lachinov,,,77.1,,,0.0,0.0,0.0,0.0,0.0,0.0,0.0,0.0
Ryan LaFlare,185.4,188.0,77.1,Southpaw,43.0,2.89,0.4,1.86,0.63,2.13,0.44,0.58,0.2
Aspen Ladd,167.6,167.6,61.2,Orthodox,31.6,5.22,0.55,4.84,0.46,2.45,0.75,0.66,1.2
Noad Lahat,175.3,175.3,65.8,Orthodox,42.3,2.79,0.46,1.47,0.63,2.37,0.26,0.16,2.4
Ben Lagman,188.0,,83.9,,40.1,0.0,0.0,0.0,0.0,0.0,0.0,0.0,0.0
Tim Lajcik,185.4,,102.1,Orthodox,61.3,0.0,0.0,0.0,0.0,0.0,0.0,0.0,0.0
Tina Lahdemaki,157.5,,52.2,Orthodox,38.3,1.93,0.2,4.67,0.57,0.0,0.0,0.16,0.0
Todd Lally,170.2,,65.8,Orthodox,,0.0,0.0,0.0,0.0,0.0,0.0,0.0,0.0
Sean Lally,182.9,,77.1,Orthodox,35.9,5.34,0.39,7.23,0.3,0.0,0.0,0.0,0.0
Jason Lambert,190.5,190.5,83.9,Orthodox,51.3,3.21,0.58,1.84,0.5,1.35,0.36,0.28,2.4
Aaron Lanfranco,,,70.3,,40.1,0.0,0.0,0.0,0.0,0.0,0.0,0.0,0.0
Austen Lane,198.1,,111.1,Orthodox,38.9,5.26,0.35,6.32,0.6,0.0,0.0,0.0,0.0
Ricardo Lamas,172.7,180.3,65.8,Orthodox,44.3,3.13,0.47,2.87,0.57,1.84,0.33,0.46,0.9
Jose Landi-Jons,180.3,,77.1,Orthodox,53.0,0.99,0.4,0.77,0.43,2.2,0.8,0.4,2.2
Nate Landwehr,175.3,182.9,65.8,Orthodox,38.3,7.02,0.5,7.67,0.51,0.0,0.0,0.85,0.0
Jeremy Lang,180.3,,93.0,Southpaw,51.4,1.13,0.5,1.41,0.42,4.22,0.6,0.0,4.2
Lionel Lanham,,,93.0,,46.1,0.0,0.0,0.0,0.0,0.0,0.0,0.0,0.0
Anthony Lapsley,175.3,,77.1,Southpaw,46.6,0.53,0.34,0.58,0.66,0.0,0.0,0.2,0.0
Chad Laprise,177.8,180.3,77.1,Orthodox,40.2,4.78,0.42,3.59,0.65,1.05,0.54,0.78,0.0
Taylor Lapilus,167.6,185.4,61.2,Southpaw,34.5,3.77,0.45,2.0,0.61,0.58,0.4,0.81,0.6
Icho Larenas,190.5,,106.6,Orthodox,46.5,0.17,0.15,2.5,0.28,0.0,0.0,0.14,0.0
TJ Laramie,167.6,167.6,65.8,Orthodox,28.9,2.73,0.51,3.24,0.26,2.56,0.5,0.0,0.0
Lina Lansberg,170.2,165.1,61.2,Orthodox,44.5,2.76,0.57,3.7,0.44,0.71,0.33,0.5,0.1
Jeremy Larsen,177.8,177.8,65.8,Orthodox,42.3,4.87,0.48,5.75,0.57,2.49,0.33,0.0,0.0
Ryan Larson,,,77.1,,45.7,0.0,0.0,0.0,0.0,0.0,0.0,0.0,0.0
Bobby Lashley,190.5,198.1,115.7,Orthodox,50.2,3.1,0.63,0.76,0.63,11.47,0.7,0.0,0.0
Sione Latu,182.9,,97.5,,,0.0,0.0,0.0,0.0,0.0,0.0,0.0,0.0
Brock Larson,180.3,180.3,77.1,Southpaw,49.1,1.39,0.46,1.5,0.55,2.67,0.34,0.43,2.0
Ilir Latifi,177.8,185.4,93.0,Orthodox,43.2,2.01,0.4,2.84,0.56,2.02,0.32,1.0,0.4
Jenel Lausa,165.1,172.7,56.7,Orthodox,38.1,1.44,0.42,3.53,0.53,0.55,0.66,0.51,0.8
Joe Lauzon,177.8,180.3,70.3,Orthodox,42.3,2.84,0.39,5.39,0.54,2.39,0.45,0.54,2.0
Chatt Lavender,172.7,,77.1,,50.3,0.0,0.0,0.0,0.0,0.0,0.0,0.0,0.0
Dan Lauzon,177.8,,70.3,Orthodox,38.5,1.34,0.25,4.09,0.61,1.63,0.33,0.8,2.7
Muhammed Lawal,182.9,198.1,93.0,Southpaw,45.7,3.79,0.52,1.61,0.66,5.96,0.75,0.87,0.0
Tom Lawlor,182.9,188.0,93.0,Southpaw,43.4,2.5,0.42,2.41,0.6,2.46,0.32,0.57,1.4
Justin Lawrence,172.7,170.2,65.8,Orthodox,36.4,3.84,0.35,2.83,0.67,0.72,0.28,0.73,0.0
Lance Lawrence,185.4,188.0,65.8,Orthodox,33.2,5.87,0.5,9.8,0.24,1.0,1.0,0.5,0.0
Robbie Lawler,180.3,188.0,77.1,Southpaw,44.5,3.5,0.45,4.16,0.6,0.68,0.64,0.64,0.0
Lorenz Larkin,180.3,182.9,77.1,Orthodox,40.1,3.53,0.46,2.74,0.63,0.27,0.42,0.79,0.1
Ronnie Lawrence,172.7,172.7,61.2,Switch,34.3,3.8,0.58,1.09,0.61,10.86,0.76,1.0,0.5
Eric Lawson,182.9,,83.9,Orthodox,,1.58,0.57,1.97,0.44,8.88,0.42,0.0,3.0
Valmir Lazaro,182.9,185.4,70.3,Orthodox,41.1,4.87,0.37,4.09,0.61,1.33,0.4,0.96,0.0
Mounir Lazzez,185.4,193.0,77.1,Orthodox,38.9,5.69,0.55,4.78,0.45,3.41,1.0,0.6,0.0
Cung Le,175.3,177.8,83.9,Southpaw,54.3,4.36,0.48,2.98,0.66,1.37,0.71,0.88,0.3
Thanh Le,175.3,188.0,65.8,Orthodox,41.1,1.97,0.4,1.82,0.7,0.0,0.0,1.0,0.0
Jordan Leavitt,175.3,180.3,70.3,Southpaw,31.3,1.08,0.55,0.43,0.75,6.5,0.66,0.0,3.2
Jerome LeBanner,190.5,,120.2,Southpaw,53.7,0.92,0.35,1.03,0.37,0.0,0.0,0.5,0.0
Mickael Lebout,180.3,185.4,70.3,Orthodox,39.1,2.6,0.34,2.98,0.54,0.0,0.0,0.6,0.0
Stephen Ledbetter,175.3,,65.8,Orthodox,44.2,1.2,0.38,1.6,0.57,5.0,0.45,1.0,0.0
Chris Leben,180.3,185.4,83.9,Southpaw,46.2,2.87,0.42,2.87,0.52,1.14,0.41,0.53,0.8
James Lee,180.3,,93.0,Southpaw,53.0,1.4,0.42,3.72,0.27,13.95,0.5,0.0,7.0
Justin Ledet,193.0,203.2,93.0,Orthodox,38.0,3.35,0.39,4.82,0.49,0.23,0.5,0.42,0.2
David Lee,177.8,,70.3,Orthodox,,1.49,0.5,3.31,0.42,0.0,0.0,0.5,0.0
Eun Soo Lee,185.4,,97.5,Orthodox,44.5,0.0,0.0,3.05,0.6,0.0,0.0,0.5,0.0
Jackie Lee,,,,,,0.0,0.0,0.0,0.0,0.0,0.0,0.0,0.0
Tae Hyun Lee,198.1,,133.8,Orthodox,51.7,1.37,0.31,3.89,0.54,5.15,1.0,0.0,0.0
Tommy Lee,170.2,,65.8,Orthodox,49.7,0.0,0.0,0.3,0.75,4.57,0.33,0.0,0.0
Matt Lee,180.3,,70.3,Orthodox,,0.0,0.0,9.68,0.21,0.0,0.0,0.0,0.0
Imani Lee,,,,Orthodox,,0.0,0.0,0.94,0.33,0.0,0.0,0.0,0.0
Vaughan Lee,167.6,167.6,56.7,Orthodox,43.9,3.47,0.47,2.07,0.7,0.81,0.33,0.72,1.0
Rocky Lee,175.3,,65.8,Orthodox,39.5,2.47,0.51,5.33,0.44,1.0,0.1,0.33,0.0
Andrea Lee,167.6,175.3,56.7,Orthodox,37.6,5.58,0.49,3.83,0.65,1.67,0.45,0.57,0.5
Kevin Lee,175.3,195.6,77.1,Orthodox,34.1,3.9,0.42,3.23,0.51,3.21,0.43,0.75,0.8
Ricky Legere Jr.,172.7,,77.1,,,1.07,0.41,1.53,0.6,5.0,0.41,0.0,0.0
Sherron Leggett,172.7,,70.3,Southpaw,47.9,2.86,0.51,2.08,0.47,5.19,0.8,0.33,0.0
Cheyden Leialoha,172.7,185.4,61.2,Orthodox,32.5,1.87,0.28,3.2,0.53,2.0,0.33,0.71,0.0
Stefan Leko,188.0,,97.5,Orthodox,52.3,2.4,0.43,6.17,0.68,0.0,0.0,0.0,0.0
Thales Leites,185.4,198.1,83.9,Orthodox,45.0,2.13,0.4,2.99,0.52,2.1,0.27,0.3,1.1
Giacomo Lemos,190.5,190.5,112.0,Orthodox,37.3,0.0,0.0,0.0,0.0,0.0,0.0,0.0,0.0
Christophe Leninger,182.9,,90.7,Southpaw,,0.0,0.0,0.0,0.0,0.0,0.0,0.0,0.0
Jean Francois Lenogue,182.9,,83.9,Orthodox,53.8,1.13,0.34,0.27,0.6,0.0,0.0,0.33,0.0
Gabe Lemley,172.7,,70.3,Orthodox,,0.82,0.35,6.03,0.45,0.0,0.0,0.0,0.0
Amanda Lemos,162.6,165.1,52.2,Southpaw,39.3,6.21,0.64,5.39,0.45,1.98,1.0,1.0,0.5
Jesse Lennox,175.3,182.9,77.1,Orthodox,44.5,2.69,0.32,3.2,0.64,1.22,0.66,0.63,0.3
Alberta Cerra Leon,172.7,,108.0,,,0.0,0.0,0.0,0.0,0.0,0.0,0.0,0.0
Nik Lentz,172.7,172.7,65.8,Orthodox,42.1,3.44,0.47,3.25,0.5,3.3,0.32,0.43,1.2
Anthony Leone,167.6,,61.2,Orthodox,39.3,1.94,0.53,2.52,0.56,1.72,0.18,0.0,0.0
Chad Leonhardt,182.9,,77.1,,46.6,0.0,0.0,0.0,0.0,0.0,0.0,0.0,0.0
Victoria Leonardo,165.1,162.6,56.7,Orthodox,36.6,3.4,0.37,4.15,0.47,2.39,0.37,0.0,0.0
Michael Lerma,,,,,,0.0,0.0,6.47,0.45,0.0,0.0,0.0,0.0
Kimo Leopoldo,190.5,,106.6,Orthodox,58.7,0.76,0.83,2.12,0.3,4.55,1.0,0.0,2.3
Lukasz Les,,,77.1,,44.9,0.0,0.0,0.0,0.0,0.0,0.0,0.0,0.0
Frank Lester,180.3,,77.1,Orthodox,42.3,2.18,0.36,3.82,0.53,0.0,0.0,0.0,0.0
Brock Lesnar,190.5,205.7,120.2,Orthodox,49.2,3.53,0.72,2.11,0.5,3.9,0.55,0.6,0.5
Justin Levens,180.3,,83.9,Orthodox,46.4,1.24,0.47,3.15,0.37,1.69,0.5,0.33,5.1
Valerie Letourneau,170.2,172.7,52.2,Orthodox,43.4,4.51,0.37,5.4,0.58,0.77,0.45,0.66,0.3
Leah Letson,170.2,180.3,65.8,,34.1,4.87,0.4,3.8,0.63,0.0,0.0,1.0,0.0
Marcus LeVesseur,175.3,177.8,70.3,Southpaw,44.2,2.55,0.64,3.7,0.37,3.89,0.36,0.83,0.6
David Levicki,195.6,,124.7,,,0.0,0.0,0.0,0.0,0.0,0.0,0.0,0.0
Kyle Levinton,,,,,,0.0,0.0,0.0,0.0,0.0,0.0,0.0,0.0
Natan Levy,175.3,180.3,70.3,Southpaw,35.0,1.65,0.6,0.82,0.57,2.75,1.0,1.0,2.8
John Lewis,182.9,,70.3,Southpaw,,0.0,0.0,4.0,0.66,0.0,0.0,0.0,0.0
Chi Lewis-Parry,205.7,,110.2,,43.1,0.0,0.0,0.0,0.0,0.0,0.0,0.0,0.0
Derrick Lewis,190.5,200.7,117.9,Orthodox,41.6,2.59,0.5,2.16,0.44,0.52,0.26,0.54,0.0
Bevon Lewis,190.5,200.7,83.9,Orthodox,35.4,3.73,0.43,2.67,0.54,0.0,0.0,0.66,0.0
Li Jingliang,182.9,180.3,77.1,Orthodox,38.5,4.52,0.42,3.65,0.59,1.28,0.39,0.59,0.0
Sam Liera,,,,,,0.82,0.6,7.36,0.51,0.0,0.0,0.66,0.0
Zach Light,172.7,,77.1,Orthodox,52.6,0.81,0.33,1.9,0.48,1.36,1.0,0.0,0.0
Chuck Liddell,188.0,193.0,93.0,Orthodox,56.8,2.97,0.35,2.71,0.56,0.44,0.75,0.81,0.0
Scott Lighty,188.0,,93.0,,47.9,2.91,0.21,4.24,0.49,0.0,0.0,0.0,0.0
Chris Liguori,175.3,,83.9,Orthodox,,0.29,0.33,1.44,0.0,0.0,0.0,0.5,0.0
Jae Suk Lim,175.3,,77.1,Orthodox,46.9,2.43,0.5,4.05,0.37,12.16,1.0,1.0,0.0
Hyun Gyu Lim,190.5,195.6,77.1,Orthodox,41.7,4.45,0.41,5.07,0.51,0.23,1.0,0.73,0.2
Juliana Lima,165.1,165.1,52.2,Orthodox,44.5,1.94,0.44,2.11,0.55,1.72,0.31,0.7,0.0
Douglas Lima,185.4,,77.1,,38.7,1.92,0.36,2.84,0.6,0.6,1.0,0.46,0.0
Dhiego Lima,188.0,190.5,77.1,Orthodox,37.6,3.14,0.38,3.93,0.59,1.38,0.42,0.73,0.7
Mabelly Lima,157.5,,61.2,Orthodox,32.7,3.07,0.63,5.67,0.44,0.0,0.0,1.0,0.0
Jess Liaudin,175.3,182.9,77.1,Orthodox,,2.46,0.51,2.76,0.41,3.28,0.53,0.3,1.6
Miguel Linares,,,,,,6.51,0.5,8.84,0.36,0.0,0.0,0.0,0.0
Jake Lindsey,180.3,,70.3,Switch,40.3,3.44,0.52,4.01,0.46,0.65,0.33,0.5,0.0
Matt Lindland,182.9,188.0,83.9,Southpaw,56.4,2.62,0.5,1.56,0.52,3.01,0.48,0.6,1.3
John Lineker,160.0,170.2,61.2,Orthodox,36.3,5.36,0.4,4.27,0.56,0.56,0.58,0.67,0.6
Philipe Lins,188.0,198.1,108.9,Orthodox,41.1,2.66,0.4,3.68,0.49,0.0,0.0,0.0,0.0
Lucio Linhares,188.0,,83.9,Orthodox,52.8,0.99,0.22,3.47,0.34,1.86,0.5,0.5,1.9
Donnie Liles,175.3,,77.1,Orthodox,,2.25,0.41,1.75,0.65,2.5,0.28,0.0,1.2
Ariane Lipski,167.6,170.2,56.7,Orthodox,32.7,3.03,0.32,4.45,0.48,0.27,0.25,0.45,0.5
Wesley Little,193.0,,93.0,,,0.0,0.0,0.0,0.0,0.0,0.0,0.0,0.0
Abner Lloveras,180.3,,70.3,,44.1,6.27,0.49,6.87,0.43,2.0,0.2,0.0,0.0
Brian Lo-A-Njoe,170.2,,70.3,Orthodox,,3.87,0.42,0.0,0.0,0.0,0.0,0.66,0.0
Dean Lister,185.4,190.5,83.9,Orthodox,50.6,1.26,0.35,1.89,0.61,1.58,0.15,0.5,1.1
John Lober,180.3,,90.3,Orthodox,58.6,0.0,0.0,0.0,0.0,0.0,0.0,0.0,0.0
Artem Lobov,175.3,165.1,65.8,Southpaw,40.1,3.52,0.41,4.82,0.5,0.39,0.25,0.52,0.0
Dylan Lockard,175.3,182.9,65.8,Orthodox,34.3,1.31,0.53,3.31,0.52,2.31,0.4,0.28,1.2
Sean Loeffler,190.5,,83.9,Orthodox,44.3,0.0,0.0,0.0,0.0,0.0,0.0,0.0,0.0
Michael Lombardo,182.9,182.9,77.1,Orthodox,36.5,1.47,0.62,2.63,0.31,2.5,0.21,0.6,0.0
David Loiseau,182.9,193.0,83.9,Orthodox,46.8,1.59,0.44,3.64,0.43,0.43,0.42,0.36,0.1
Christian Lohsen,188.0,195.6,70.3,Southpaw,31.7,5.27,0.49,6.93,0.44,0.0,0.0,0.0,2.0
Hector Lombard,175.3,180.3,83.9,Southpaw,48.6,3.02,0.46,3.35,0.53,1.69,0.48,0.77,0.5
Austin Lingo,177.8,177.8,65.8,Orthodox,32.2,3.57,0.44,3.17,0.62,1.0,0.66,0.76,0.0
Rocky Long,,,65.8,,48.6,0.0,0.0,0.0,0.0,0.0,0.0,0.0,0.0
Thomas Longacre,175.3,,65.8,Orthodox,,0.0,0.0,0.0,0.0,0.0,0.0,0.0,0.0
Loma Lookboonmee,154.9,154.9,52.2,Orthodox,30.7,5.16,0.55,3.09,0.59,0.67,0.25,0.72,0.0
Lucas Lopes,188.0,,83.9,,47.0,0.0,0.0,0.0,0.0,0.0,0.0,0.0,0.0
Ivan Lopez,167.6,,61.2,Southpaw,,0.9,0.26,2.24,0.65,0.0,0.0,0.3,0.0
Dileno Lopes,165.1,,61.2,,42.0,2.37,0.36,3.33,0.53,2.5,0.31,1.0,1.5
Federico Lopez,162.6,,63.0,Orthodox,,1.78,0.23,5.35,0.3,0.0,0.0,0.0,0.0
Steve Lopez,180.3,,70.3,Orthodox,42.1,1.39,0.24,2.69,0.62,0.0,0.0,0.37,0.0
Jorge Lopez,177.8,,77.1,Orthodox,37.8,2.47,0.59,2.57,0.5,3.5,0.41,0.81,0.0
Christopher Lopez,177.8,,77.1,,40.6,0.0,0.0,0.0,0.0,0.0,0.0,0.0,0.0
Gustavo Lopez,165.1,170.2,61.2,Orthodox,37.2,2.24,0.41,4.65,0.51,1.07,0.5,0.27,0.5
Matthew Lopez,170.2,175.3,61.2,Southpaw,39.7,3.13,0.5,3.73,0.55,3.32,0.6,0.71,1.3
Nate Loughran,188.0,,83.9,Orthodox,46.2,1.81,0.4,4.11,0.59,0.0,0.0,0.0,2.1
Brendan Loughnane,177.8,177.8,65.8,Switch,36.8,6.23,0.63,6.7,0.53,1.5,0.3,0.92,0.0
Benito Lopez,177.8,185.4,61.2,Switch,32.5,4.49,0.44,4.8,0.58,0.0,0.0,0.78,0.3
Rashard Lovelace,,,70.3,,,0.0,0.0,0.0,0.0,0.0,0.0,0.0,0.0
Ian Loveland,172.7,,65.8,Orthodox,43.0,2.71,0.4,2.36,0.64,1.0,0.37,0.69,0.3
Waylon Lowe,170.2,,65.8,Southpaw,45.9,1.88,0.55,2.4,0.53,4.47,0.55,0.83,0.3
Jakob Lovstad,190.5,,93.0,Orthodox,,0.0,0.0,9.43,0.35,0.0,0.0,0.0,0.0
Brandon Lowe,,,70.3,,,0.0,0.0,0.0,0.0,0.0,0.0,0.0,0.0
Matt Lucas,185.4,,93.0,,,1.27,0.48,3.93,0.4,1.0,0.1,0.0,0.0
Robert Lucarelli,188.0,,111.1,,,0.0,0.0,0.0,0.0,0.0,0.0,0.0,0.0
Cleber Luciano,167.6,,70.3,,,0.0,0.0,0.0,0.0,0.0,0.0,0.0,0.0
Joe Lowry,180.3,185.4,70.3,Orthodox,36.8,3.97,0.34,4.25,0.63,0.0,0.0,0.0,0.0
Duane Ludwig,177.8,177.8,77.1,Orthodox,48.1,4.62,0.44,3.05,0.57,0.43,0.25,0.59,0.1
Alexandru Lungu,182.9,,174.6,Orthodox,52.1,3.61,0.66,7.22,0.4,0.0,0.0,0.0,0.0
Thaddeus Luster,190.5,,95.3,,,0.0,0.0,0.0,0.0,0.0,0.0,0.0,0.0
Dalcha Lungiambula,172.7,193.0,83.9,Orthodox,39.1,1.85,0.5,2.27,0.43,2.07,0.5,0.75,0.0
Mike Lullo,172.7,,65.8,Orthodox,47.2,2.48,0.36,4.84,0.4,1.18,0.11,0.0,0.6
Travis Lutter,180.3,190.5,83.9,Orthodox,53.4,0.41,0.32,2.42,0.42,1.95,0.24,0.3,0.7
Tucker Lutz,172.7,182.9,70.3,Orthodox,32.2,4.33,0.49,2.8,0.47,2.0,0.57,0.81,0.5
Vicente Luque,180.3,190.5,77.1,Orthodox,34.8,5.72,0.53,5.82,0.52,0.68,0.5,0.64,0.8
Lv Zhenhong,172.7,170.2,65.8,Switch,33.2,0.0,0.0,0.0,0.0,0.0,0.0,0.0,0.0
Stevie Lynch,177.8,,77.1,Orthodox,,2.47,0.25,7.06,0.41,0.0,0.0,0.0,0.0
Adam Lynn,177.8,,70.3,Orthodox,,1.47,0.63,6.95,0.1,0.0,0.0,0.5,0.0
Chris Lytle,180.3,172.7,77.1,Orthodox,52.1,3.76,0.45,3.03,0.58,0.7,0.55,0.55,2.4
Dong Hyun Ma,180.3,177.8,70.3,Orthodox,38.0,2.84,0.41,4.1,0.54,1.27,0.53,0.33,0.0
William Macario,180.3,190.5,77.1,Orthodox,35.2,4.92,0.54,3.96,0.65,1.85,0.45,0.78,0.0
Jason MacDonald,190.5,203.2,83.9,Orthodox,51.3,1.55,0.52,2.7,0.46,1.43,0.16,0.35,2.0
Rob MacDonald,190.5,198.1,93.0,Orthodox,48.0,1.8,0.5,2.04,0.46,7.19,0.8,0.8,5.4
Rory MacDonald,182.9,193.0,77.1,Orthodox,37.2,3.75,0.42,2.8,0.62,1.77,0.47,0.88,0.4
Ryan MacDonald,180.3,180.3,61.2,Switch,33.5,2.28,0.29,6.49,0.45,0.0,0.0,0.0,0.0
Veronica Macedo,162.6,162.6,56.7,Southpaw,30.9,3.13,0.39,5.06,0.43,0.57,0.18,0.46,0.6
Clayton MacFarlane,,,77.1,,,1.33,0.52,1.82,0.55,1.05,0.33,0.37,0.0
War Machine,180.3,,77.1,Orthodox,44.8,2.32,0.6,3.17,0.43,1.16,0.5,0.4,0.0
Anthony Macias,175.3,,83.9,Switch,,0.0,0.0,0.0,0.0,0.0,0.0,0.0,0.0
Lyoto Machida,185.4,188.0,83.9,Southpaw,48.3,2.59,0.53,1.57,0.61,1.21,0.65,0.75,0.4
Ryan Madigan,182.9,,77.1,Orthodox,,0.0,0.0,3.35,0.47,0.0,0.0,0.0,0.0
Pauline Macias,162.6,162.6,52.2,Southpaw,38.2,0.8,0.29,4.6,0.42,2.0,0.18,0.0,0.0
Don Madge,182.9,182.9,70.3,Southpaw,35.9,2.08,0.52,0.74,0.67,2.22,0.25,0.8,0.7
Ilima Macfarlane,162.6,,56.7,,,4.13,0.43,2.93,0.65,0.0,0.0,0.5,1.0
Mark Madsen,172.7,182.9,70.3,Orthodox,42.0,2.28,0.42,2.53,0.46,8.33,0.64,0.0,0.0
Jon Madsen,182.9,182.9,108.9,Orthodox,46.6,2.46,0.41,1.18,0.81,1.32,0.71,0.7,0.0
Yoshiro Maeda,170.2,172.7,63.0,Southpaw,44.9,2.36,0.33,2.55,0.63,2.93,0.51,0.5,0.7
Vinicius Magalhaes,,,65.8,,55.2,0.0,0.0,0.0,0.0,0.0,0.0,0.0,0.0
Vinny Magalhaes,190.5,190.5,93.0,Orthodox,42.2,2.14,0.24,3.97,0.68,1.55,0.44,0.66,0.8
Bernardo Magalhaes,175.3,,70.3,Orthodox,45.5,1.8,0.27,3.37,0.68,0.0,0.0,0.0,0.5
Eric Magana,,,,,,0.0,0.0,0.0,0.0,0.0,0.0,0.0,0.0
Caio Magalhaes,185.4,185.4,83.9,Orthodox,38.8,2.27,0.4,2.78,0.56,1.05,0.15,0.58,1.6
Brandon Magana,,,77.1,Orthodox,,0.0,0.0,0.0,0.0,0.0,0.0,0.0,0.0
Reza Madadi,180.3,185.4,70.3,Orthodox,48.3,2.51,0.46,3.31,0.66,3.17,0.33,0.89,0.5
Angela Magana,154.9,165.1,52.2,Orthodox,43.1,1.53,0.28,4.92,0.42,0.4,0.25,0.28,0.4
Neil Magny,190.5,203.2,77.1,Orthodox,39.1,3.67,0.47,2.05,0.56,2.46,0.45,0.57,0.3
Rashid Magomedov,175.3,177.8,70.3,Orthodox,41.8,4.4,0.49,3.05,0.54,0.67,0.57,0.89,0.2
Ruslan Magomedov,190.5,198.1,109.8,Orthodox,39.8,4.02,0.47,1.47,0.66,0.33,1.0,0.88,0.0
Ibragim Magomedov,182.9,,113.4,Orthodox,,0.26,0.04,3.86,0.42,0.0,0.0,0.0,0.0
John Maguire,175.3,175.3,70.3,Southpaw,43.3,1.41,0.41,2.44,0.65,2.8,0.46,0.77,1.1
Zabit Magomedsharipov,185.4,185.4,65.8,Orthodox,35.6,4.89,0.48,3.0,0.64,5.22,0.56,0.77,0.8
Lolohea Mahe,,,,,,1.71,0.29,6.92,0.4,2.44,0.4,0.0,0.0
Leonardo Mafra,177.8,177.8,70.3,Orthodox,37.4,4.55,0.48,4.38,0.43,2.12,0.83,0.69,0.4
Michelle Maher,,,65.8,,,0.0,0.0,0.0,0.0,0.0,0.0,0.0,0.0
Bill Mahood,190.5,,90.7,Orthodox,59.6,1.54,0.85,3.59,0.17,0.0,0.0,0.0,3.9
Levan Makashvili,172.7,172.7,65.8,Orthodox,37.7,2.87,0.54,2.07,0.61,3.67,0.42,0.85,0.0
Jennifer Maia,162.6,162.6,56.7,Orthodox,38.0,3.34,0.39,3.52,0.52,0.34,0.5,0.56,0.2
Klayton Mai,175.3,,56.7,,39.8,1.53,0.42,1.02,0.63,3.83,1.0,0.0,7.7
John Makdessi,172.7,172.7,70.3,Orthodox,41.4,5.36,0.51,3.76,0.7,0.0,0.0,0.88,0.0
Demian Maia,185.4,182.9,77.1,Southpaw,48.9,1.82,0.43,2.03,0.63,2.55,0.26,0.61,1.0
Aliev Makhmud,167.6,,88.5,Southpaw,56.6,1.12,0.3,2.24,0.36,2.1,0.5,0.0,0.0
Islam Makhachev,177.8,177.8,70.3,Southpaw,34.9,2.0,0.56,0.77,0.7,3.46,0.68,0.93,1.0
Marvin Maldonado,167.6,,61.2,,,0.87,0.56,3.47,0.43,0.0,0.0,0.2,0.0
Zach Makovsky,162.6,162.6,56.7,Southpaw,43.4,1.94,0.43,2.24,0.62,3.71,0.3,0.56,0.3
Jeremy Malaterre,180.3,,70.3,,,0.0,0.0,0.0,0.0,0.0,0.0,0.0,0.0
Fabio Maldonado,185.4,190.5,93.0,Orthodox,46.5,5.29,0.58,4.31,0.53,0.44,0.57,0.61,0.6
Nazareno Malegarie,172.7,,70.3,,40.4,3.87,0.34,3.27,0.69,1.0,0.33,0.0,0.0
Carl Malenko,180.3,,90.7,Orthodox,,0.0,0.0,0.0,0.0,0.0,0.0,0.0,0.0
Bea Malecki,175.3,188.0,61.2,Orthodox,35.1,6.78,0.46,6.14,0.62,0.0,0.0,0.78,1.4
Jacob Malkoun,175.3,185.4,83.9,Orthodox,31.1,0.0,0.0,23.33,0.36,0.0,0.0,0.0,0.0
Nate Maness,177.8,182.9,61.2,Orthodox,35.2,2.4,0.45,4.63,0.45,1.33,0.66,0.88,0.7
Michael Mangan,,,70.3,,,1.94,0.33,4.52,0.46,19.35,0.5,1.0,0.0
Mike Malott,182.9,,65.8,,,4.53,0.36,4.53,0.51,2.0,0.33,0.0,0.0
Troy Mandaloniz,175.3,,77.1,Orthodox,46.6,3.52,0.56,4.71,0.63,3.1,0.66,0.57,0.0
Jon Manley,185.4,,77.1,Orthodox,40.2,1.13,0.2,4.33,0.45,1.0,0.07,0.2,0.0
Melchor Manibusan,165.1,,69.9,Southpaw,49.7,1.58,0.54,5.79,0.15,0.0,0.0,0.0,0.0
Gary Mangat,170.2,,61.2,,,0.0,0.0,0.0,0.0,0.0,0.0,0.0,0.0
Melvin Manhoef,175.3,,83.9,Orthodox,50.4,3.52,0.48,2.64,0.51,0.33,0.25,0.78,0.0
Chris Manuel,175.3,,61.2,Orthodox,39.2,2.53,0.4,2.67,0.66,1.0,0.2,1.0,0.0
Steve Mann,185.4,,77.1,,,3.18,0.7,0.66,0.57,1.64,1.0,0.6,0.0
Cristiano Marcello,175.3,182.9,70.3,Orthodox,48.8,2.56,0.33,3.61,0.58,0.44,0.11,0.2,0.9
Jimi Manuwa,185.4,200.7,93.0,Orthodox,46.6,3.43,0.54,3.97,0.49,0.53,0.18,0.7,0.4
Jose Maria,165.1,,56.7,Orthodox,44.7,3.2,0.53,3.98,0.52,2.32,0.27,0.33,2.3
Enrique Marin,177.8,,77.1,,40.1,1.43,0.33,3.0,0.5,2.5,0.38,0.6,1.0
Marcos Mariano,185.4,193.0,70.3,Switch,39.9,0.25,0.27,2.11,0.43,0.0,0.0,0.28,0.0
Ronny Markes,185.4,190.5,83.9,Orthodox,38.4,2.17,0.53,2.43,0.45,3.13,0.4,1.0,0.5
Rory Markham,182.9,180.3,77.1,Orthodox,44.5,1.98,0.21,10.27,0.45,0.0,0.0,0.0,0.0
Christina Marks,170.2,175.3,56.7,Orthodox,40.9,5.0,0.58,3.0,0.64,7.5,1.0,0.0,0.0
Randa Markos,162.6,160.0,52.2,Orthodox,41.1,2.85,0.41,3.2,0.59,1.23,0.28,0.57,0.2
Nate Marquardt,182.9,188.0,83.9,Orthodox,47.4,2.71,0.49,2.32,0.55,1.87,0.51,0.7,0.8
Danilo Marques,198.1,195.6,93.0,Orthodox,40.7,1.81,0.88,1.41,0.5,4.83,0.34,0.0,1.2
Carmelo Marrero,182.9,185.4,93.0,Orthodox,45.7,0.84,0.34,2.04,0.54,3.21,0.36,0.36,0.9
Julian Marquez,188.0,182.9,83.9,Orthodox,36.4,3.5,0.4,2.98,0.52,0.0,0.0,0.53,3.4
Cesar Marscucci,,,,,,0.0,0.0,0.0,0.0,0.0,0.0,0.0,0.0
CJ Marsh,,,,,,0.0,0.0,0.0,0.0,0.0,0.0,0.0,0.0
John Marsh,182.9,,120.2,Orthodox,56.0,0.83,0.42,2.23,0.4,0.43,1.0,0.54,0.4
Eliot Marshall,188.0,195.6,93.0,Orthodox,46.2,1.93,0.27,2.39,0.67,0.47,0.33,0.79,0.9
David Marshall,188.0,,77.1,,42.1,0.0,0.0,0.0,0.0,0.0,0.0,0.0,0.0
Jack Marshman,182.9,185.4,83.9,Orthodox,36.8,2.74,0.25,4.19,0.56,0.0,0.0,0.2,0.0
Doug Marshall,177.8,,93.0,Orthodox,51.0,6.99,0.46,4.02,0.6,0.0,0.0,0.66,2.4
Terry Martin,172.7,180.3,83.9,Orthodox,46.0,2.82,0.43,3.13,0.54,3.1,0.42,0.92,0.0
Eric Martin,,,,,,0.0,0.0,0.0,0.0,0.0,0.0,0.0,0.0
Dave Martin,182.9,,93.0,,,0.0,0.0,0.0,0.0,0.0,0.0,0.0,0.0
Justin Martin,182.9,,83.9,,,0.0,0.0,0.0,0.0,0.0,0.0,0.0,0.0
Joe Martin,175.3,,77.1,,,0.73,0.4,2.4,0.45,0.0,0.0,0.16,0.0
Michal Martinek,188.0,,104.3,Southpaw,36.4,2.45,0.53,4.29,0.51,0.0,0.0,0.0,0.0
Mallory Martin,162.6,160.0,52.2,Orthodox,32.6,3.99,0.59,5.53,0.58,3.37,0.63,0.25,0.5
Rainy Martinez,182.9,,90.3,Orthodox,,0.0,0.0,0.0,0.0,0.0,0.0,0.0,0.0
Anthony Rocco Martin,182.9,185.4,77.1,Orthodox,36.8,2.68,0.37,2.59,0.58,0.71,0.27,0.68,1.0
Danny Martinez,167.6,170.2,56.7,Orthodox,41.3,2.73,0.28,3.77,0.63,3.0,0.45,0.36,0.0
Henry Martinez,170.2,175.3,70.3,Southpaw,43.1,2.79,0.25,4.01,0.6,0.0,0.0,0.8,0.0
Alonzo Martinez,177.8,,70.3,,42.4,3.07,0.27,7.33,0.52,0.0,0.0,0.0,0.0
Jonathan Martinez,172.7,177.8,61.2,Southpaw,32.4,4.27,0.46,3.81,0.58,0.48,0.37,0.63,0.0
Andrew Martinez,175.3,,97.5,,,3.4,0.31,2.3,0.47,1.5,0.5,0.0,0.0
Victor Martinez,177.8,,70.3,,35.2,0.0,0.0,0.0,0.0,0.0,0.0,0.0,0.0
Roque Martinez,177.8,182.9,113.4,Orthodox,40.6,2.67,0.51,4.68,0.59,0.62,0.5,0.16,0.0
Mana Martinez,177.8,177.8,61.2,Orthodox,30.5,2.11,0.62,1.27,0.5,0.0,0.0,0.0,6.3
Poppies Martinez,175.3,,65.8,,43.1,2.88,0.5,2.16,0.51,1.54,0.33,0.5,9.2
Wagner da Conceicao Martins,200.7,,176.9,Orthodox,48.3,1.91,0.37,5.43,0.42,2.2,1.0,1.0,0.0
Adriano Martins,177.8,182.9,70.3,Southpaw,43.8,1.8,0.38,2.14,0.65,0.83,0.8,0.81,0.4
Lucas Martins,182.9,182.9,65.8,Southpaw,37.9,2.87,0.35,4.14,0.6,0.0,0.0,0.76,0.5
Jameel Massouh,177.8,182.9,65.8,Orthodox,42.0,1.91,0.54,2.62,0.55,0.67,0.15,0.5,0.7
Mike Massenzio,188.0,185.4,83.9,Southpaw,43.9,2.08,0.45,3.59,0.54,2.74,0.24,0.5,1.4
Shoji Maruyama,170.2,,63.0,Orthodox,43.4,1.4,0.63,0.27,0.55,0.0,0.0,0.54,0.0
Max Martyniouk,,,70.3,,,0.0,0.0,0.0,0.0,0.0,0.0,0.0,0.0
Bristol Marunde,185.4,190.5,77.1,Orthodox,44.4,1.42,0.21,4.4,0.47,1.6,0.33,0.14,0.0
Jorge Masvidal,180.3,188.0,77.1,Orthodox,41.9,4.2,0.47,3.0,0.65,1.57,0.59,0.77,0.4
Tiffany Masters,160.0,165.1,52.2,Orthodox,32.1,3.53,0.62,2.58,0.5,3.06,0.6,0.0,0.0
Tateki Matsuda,170.2,,56.7,Orthodox,40.6,3.2,0.34,3.43,0.69,0.0,0.0,0.16,0.0
Naoki Matsushita,167.6,,70.3,Orthodox,,3.3,0.32,2.2,0.63,1.5,1.0,0.0,0.0
AJ Matthews,180.3,,83.9,,,5.11,0.52,4.96,0.51,0.0,0.0,1.0,0.0
Koichiro Matsumoto,170.2,,65.8,,40.5,1.9,0.26,3.5,0.31,0.0,0.0,0.0,0.0
Daijiro Matsui,175.3,,90.7,Orthodox,53.8,0.84,0.45,1.69,0.55,1.83,0.3,0.43,0.4
Jake Matthews,180.3,185.4,77.1,Orthodox,32.1,3.03,0.44,2.16,0.61,1.93,0.41,0.66,0.6
Claudio Mattos,,,83.9,Orthodox,,0.0,0.0,3.53,0.0,0.0,0.0,0.0,0.0
Francesco Maturi,,,,,,0.0,0.0,0.0,0.0,0.0,0.0,0.0,0.0
John Matua,188.0,,181.4,Orthodox,,0.0,0.0,0.0,0.0,0.0,0.0,0.0,0.0
Miranda Maverick,160.0,165.1,56.7,Southpaw,29.2,9.8,0.51,6.0,0.62,0.0,0.0,0.0,0.0
Nick Maximov,182.9,193.0,99.8,Southpaw,28.8,2.47,0.58,0.33,0.58,2.0,0.4,0.0,0.0
Vladimir Matyushenko,182.9,188.0,93.0,Orthodox,55.7,1.9,0.44,1.62,0.59,3.25,0.46,0.7,0.1
Elaina Maxwell,172.7,,65.8,Orthodox,47.8,2.07,0.6,2.4,0.53,0.0,0.0,0.5,1.0
Jeremy May,185.4,,83.9,,39.9,0.0,0.0,0.0,0.0,0.0,0.0,0.0,0.0
Al Matavao,172.7,170.2,93.0,Orthodox,32.6,7.84,0.46,6.7,0.58,0.0,0.0,0.0,0.0
Jack May,203.2,,115.7,Switch,45.4,1.52,0.38,3.29,0.33,0.91,0.33,0.2,0.0
Don'Tale Mayes,198.1,205.7,117.9,Orthodox,34.7,4.13,0.45,4.46,0.43,0.23,0.2,0.59,0.0
Brooke Mayo,170.2,,56.7,,,1.92,0.34,3.2,0.63,3.2,0.6,0.0,2.1
Gina Mazany,167.6,172.7,56.7,Southpaw,38.1,3.45,0.47,3.07,0.51,4.41,0.63,0.33,0.3
Gray Maynard,175.3,177.8,70.3,Orthodox,47.4,1.92,0.32,2.64,0.66,2.91,0.47,0.81,0.7
Scott McAfee,172.7,,70.3,Orthodox,43.1,0.0,0.0,1.33,0.5,0.0,0.0,0.0,0.0
Sabina Mazo,170.2,177.8,61.2,Orthodox,29.5,6.56,0.44,3.91,0.6,0.81,0.8,0.66,0.2
Michael McBride,185.4,,70.3,Orthodox,40.5,4.08,0.48,5.85,0.4,1.85,0.42,0.3,1.2
Bobby McAndrews,,,,Orthodox,,2.56,0.83,1.03,0.5,0.0,0.0,0.33,7.7
Ian McCall,165.1,162.6,56.7,Orthodox,42.4,3.59,0.39,3.25,0.67,2.08,0.3,0.88,0.0
Molly McCann,162.6,157.5,56.7,Orthodox,36.4,5.15,0.5,4.28,0.65,1.64,0.29,0.28,0.7
Charles McCarthy,177.8,180.3,83.9,Orthodox,46.1,0.18,0.12,4.03,0.56,2.67,0.6,0.0,2.7
Sean McCorkle,200.7,205.7,120.2,Orthodox,50.2,0.85,0.44,2.48,0.52,2.12,0.4,0.33,4.2
Kris McCray,182.9,193.0,77.1,Orthodox,45.0,2.69,0.45,2.57,0.54,2.88,0.55,0.38,0.0
Tamdan McCrory,193.0,193.0,83.9,Switch,39.9,2.07,0.49,1.6,0.46,2.28,0.5,0.33,2.5
Justin McCully,185.4,185.4,102.1,Orthodox,50.6,1.58,0.37,2.02,0.46,1.28,0.44,0.43,0.0
Michael McDonald,175.3,177.8,61.2,Orthodox,35.7,2.69,0.42,2.76,0.57,1.09,0.66,0.52,1.4
Rob McCullough,175.3,175.3,70.3,Orthodox,49.3,2.47,0.36,2.84,0.59,0.46,1.0,0.68,0.0
Robert McDaniel,190.5,190.5,83.9,Southpaw,43.4,1.64,0.44,1.98,0.56,0.93,0.5,0.5,1.4
Scott McDonald,,,,,,0.0,0.0,0.0,0.0,0.0,0.0,0.0,0.0
Josh McDonald,,,83.9,,,0.8,0.57,3.4,0.33,9.0,0.5,0.0,0.0
Miles McDonald,170.2,,52.2,,35.1,5.1,0.45,4.0,0.43,0.0,0.0,1.0,1.0
Justin McElfresh,198.1,,93.0,Orthodox,46.7,4.59,0.26,12.79,0.41,0.0,0.0,0.0,0.0
Drew McFedries,182.9,182.9,83.9,Southpaw,48.2,5.13,0.51,4.56,0.52,1.42,1.0,0.56,0.7
Liam McGeary,198.1,,93.0,,44.0,1.28,0.48,1.92,0.5,0.51,1.0,0.0,2.5
Gan McGee,208.3,,120.2,Orthodox,49.8,2.2,0.29,2.31,0.59,0.65,0.25,0.83,0.0
Court McGee,180.3,190.5,77.1,Orthodox,41.8,4.9,0.36,3.94,0.61,1.6,0.21,0.63,0.4
Ryan McGillivray,180.3,,77.1,,40.0,1.27,0.2,2.2,0.52,0.0,0.0,0.44,0.0
Ryan McGivern,182.9,,83.9,Orthodox,46.7,2.22,0.29,2.22,0.57,0.0,0.0,0.0,0.0
Conor McGregor,175.3,188.0,70.3,Southpaw,38.2,5.32,0.49,4.54,0.54,0.7,0.55,0.67,0.0
Jack McGlaughlin,,,,Orthodox,,0.0,0.0,0.0,0.0,0.0,0.0,0.0,0.0
Greg McIntyre,177.8,,70.3,Orthodox,46.4,0.79,0.3,1.36,0.41,5.09,0.5,0.0,0.0
AJ McKee,177.8,,65.8,,,2.75,0.32,0.92,0.8,11.01,1.0,1.0,11.0
Antonio McKee,172.7,,70.3,Southpaw,56.5,1.37,0.45,0.74,0.74,1.47,0.33,0.57,0.0
Rhys McKee,188.0,198.1,77.1,Orthodox,31.0,6.83,0.53,11.9,0.43,0.0,0.0,0.2,0.0
Tim McKenzie,182.9,188.0,83.9,Orthodox,44.2,1.37,0.54,2.96,0.44,0.0,0.0,0.28,2.1
Terrance McKinney,180.3,188.0,65.8,Switch,32.0,1.17,0.5,0.59,0.66,4.4,0.33,0.0,0.0
Cory McKenna,160.0,147.3,52.2,Orthodox,26.9,3.47,0.44,3.03,0.45,0.5,0.5,0.71,0.0
Cody McKenzie,182.9,182.9,70.3,Switch,38.8,1.74,0.34,2.5,0.67,2.5,0.25,0.14,2.5
Jason McLean,165.1,,65.8,,,0.0,0.0,0.0,0.0,0.0,0.0,0.0,0.0
Brian McLaughlin,175.3,,70.3,,42.4,0.0,0.0,0.0,0.0,0.0,0.0,0.0,0.0
Garreth McLellan,185.4,182.9,83.9,Southpaw,44.1,3.56,0.54,2.94,0.45,1.15,0.22,0.34,0.9
Sara McMann,167.6,167.6,61.2,Orthodox,46.0,2.32,0.45,1.94,0.48,4.41,0.65,0.5,0.5
Charles McTorry,,,,,,0.0,0.0,0.0,0.0,0.0,0.0,0.0,0.0
Daniel McWilliams,185.4,,83.9,,,3.36,0.77,0.0,0.0,0.0,0.0,1.0,21.6
James McSweeney,193.0,195.6,104.3,Switch,45.9,3.94,0.55,4.33,0.42,0.52,0.33,1.0,1.1
Tim Means,188.0,190.5,77.1,Orthodox,42.6,5.16,0.48,3.58,0.61,0.92,0.41,0.64,0.2
Kaline Medeiros,160.0,,52.2,,,2.06,0.7,0.29,0.83,4.41,1.0,0.0,4.4
Anistavio Medeiros,167.6,,65.8,Orthodox,38.4,3.64,0.44,5.0,0.47,0.0,0.0,0.0,0.0
Yancy Medeiros,177.8,190.5,70.3,Orthodox,39.0,4.05,0.35,5.38,0.46,0.12,0.25,0.76,0.5
Uros Medic,185.4,180.3,70.3,Southpaw,33.4,19.91,0.77,0.52,0.86,0.0,0.0,1.0,0.0
Jason Medina,175.3,,81.6,,,0.0,0.0,0.0,0.0,0.0,0.0,0.0,0.0
Todd Medina,177.8,,87.5,Southpaw,,0.0,0.0,0.0,0.0,0.0,0.0,0.0,0.0
Emil Meek,180.3,188.0,77.1,Switch,38.1,2.52,0.39,2.53,0.38,0.25,0.33,0.47,1.0
Sanford Alton Meeks,195.6,190.5,120.2,Orthodox,32.5,0.71,0.42,4.47,0.38,7.06,0.25,0.0,0.0
Frank Megallon,177.8,,83.9,Southpaw,,1.14,0.21,5.32,0.54,0.0,0.0,0.0,0.0
Bryce Mejia,185.4,,77.1,,,3.49,0.62,6.98,0.5,0.0,0.0,0.0,0.0
Gerald Meerschaert,185.4,195.6,83.9,Southpaw,38.8,3.3,0.42,3.61,0.51,2.33,0.43,0.46,1.7
Derrick Mehmen,193.0,,93.0,,41.3,1.93,0.14,4.53,0.48,1.0,0.16,0.0,0.0
Jordan Mein,182.9,185.4,77.1,Orthodox,37.0,3.35,0.44,2.55,0.69,1.56,0.58,0.66,0.2
Miika Mehmet,,,93.0,Orthodox,,0.33,0.12,7.29,0.24,0.0,0.0,0.0,0.0
Brian Melancon,172.7,,77.1,Orthodox,44.3,4.18,0.49,3.64,0.64,2.02,1.0,0.66,0.0
Brandon Melendez,180.3,,70.3,Southpaw,43.5,0.84,0.26,0.56,0.63,0.0,0.0,0.25,0.0
Fabio Mello,165.1,,70.3,Southpaw,,0.86,0.35,3.94,0.5,0.0,0.0,0.0,0.0
Gilbert Melendez,175.3,185.4,65.8,Orthodox,44.4,3.44,0.33,2.53,0.63,1.64,0.41,0.71,0.2
Vanessa Melo,165.1,165.1,61.2,Orthodox,38.5,3.48,0.3,6.13,0.59,0.0,0.0,0.71,0.0
Marcelo Mello,170.2,,77.1,Southpaw,,0.0,0.0,0.0,0.0,0.0,0.0,0.0,0.0
Antonio Mendes,190.5,195.6,93.0,Southpaw,45.4,1.34,0.47,6.85,0.22,2.51,0.5,1.0,0.0
Augusto Mendes,167.6,165.1,61.2,Orthodox,43.6,2.42,0.34,3.91,0.56,1.75,0.33,0.8,0.0
Chad Mendes,167.6,167.6,65.8,Orthodox,41.4,2.78,0.49,2.35,0.67,4.13,0.55,1.0,0.3
Eddie Mendez,177.8,,83.9,,42.7,1.71,0.33,3.43,0.11,0.0,0.0,0.0,0.0
Luis Mendoza,,,70.3,,,0.0,0.0,0.0,0.0,0.0,0.0,0.0,0.0
Pietro Menga,170.2,172.7,56.7,Southpaw,38.6,0.0,0.0,0.0,0.0,0.0,0.0,0.0,0.0
Alonzo Menifield,182.9,193.0,93.0,Orthodox,38.9,3.34,0.47,3.72,0.45,0.0,0.0,0.85,0.0
Ivan Menjivar,167.6,162.6,65.8,Orthodox,44.3,2.78,0.37,2.76,0.65,0.56,0.28,0.38,1.0
Steve Mensing,180.3,,83.9,Orthodox,48.8,0.0,0.0,9.51,0.42,0.0,0.0,0.0,0.0
Dave Menne,177.8,,77.1,Orthodox,52.2,1.84,0.44,1.99,0.42,0.46,0.5,0.57,2.5
Adam Meredith,188.0,,77.1,,,2.63,0.5,2.11,0.55,7.89,1.0,1.0,7.9
Buck Meredith,188.0,,83.9,,44.4,0.0,0.0,0.0,0.0,0.0,0.0,0.0,0.0
Joe Merritt,182.9,,77.1,Orthodox,42.5,1.53,0.58,0.73,0.66,0.0,0.0,0.68,0.0
Jonathan Meunier,190.5,,77.1,Switch,39.1,3.47,0.5,1.43,0.69,0.58,0.33,0.58,0.0
Jeremiah Metcalf,185.4,,83.9,Orthodox,,1.74,0.59,0.27,0.6,4.02,0.66,1.0,2.0
Brandon Michaels,175.3,,83.9,,,0.0,0.0,0.0,0.0,0.0,0.0,0.0,0.0
Yaotzin Meza,175.3,180.3,65.8,Orthodox,45.6,1.43,0.41,1.62,0.64,1.06,0.2,0.18,1.4
Guy Mezger,185.4,,90.7,Orthodox,58.7,2.3,0.32,1.36,0.72,0.39,0.5,0.88,0.0
David Michaud,175.3,,70.3,Orthodox,37.9,3.25,0.43,4.45,0.54,2.53,0.58,0.77,0.7
Andreas Michailidis,182.9,193.0,83.9,Orthodox,38.2,4.6,0.5,3.6,0.63,0.0,0.0,0.0,0.0
Kristof Midoux,185.4,,99.8,Orthodox,52.2,0.7,0.43,2.89,0.49,0.0,0.0,0.0,0.0
Keith Mielke,172.7,,83.9,,,0.0,0.0,0.0,0.0,0.0,0.0,0.0,0.0
Zachary Micklewright,182.9,188.0,70.3,Southpaw,50.1,5.56,0.53,4.72,0.54,0.7,0.12,1.0,0.0
Chris Mierzwiak,185.4,,83.9,,38.6,1.6,0.61,1.73,0.48,2.0,0.28,0.0,1.0
Bojan Mihajlovic,180.3,185.4,93.0,Orthodox,46.5,1.23,0.35,5.95,0.47,0.0,0.0,0.33,0.0
Gabriel Miglioli,172.7,,77.1,,,0.0,0.0,0.0,0.0,0.0,0.0,0.0,0.0
Billy Miles,177.8,,77.1,Orthodox,48.4,0.0,0.0,1.25,0.33,0.0,0.0,0.0,0.0
Phillip Miller,180.3,,83.9,Orthodox,47.6,1.61,0.54,1.93,0.5,3.62,0.25,1.0,0.6
Jason Miller,185.4,,83.9,Orthodox,45.7,1.83,0.43,2.3,0.49,1.31,0.28,0.43,1.3
Dan Miller,185.4,188.0,83.9,Orthodox,45.2,2.03,0.36,3.06,0.49,1.67,0.54,0.47,1.8
Curtis Millender,188.0,193.0,77.1,Orthodox,38.8,3.86,0.46,2.95,0.61,0.43,1.0,0.57,0.0
Pat Miletich,177.8,,77.1,Orthodox,58.5,1.79,0.45,1.66,0.63,1.96,1.0,0.54,1.0
Cole Miller,185.4,185.4,65.8,Orthodox,42.4,3.0,0.33,3.88,0.59,0.6,0.36,0.38,1.8
Chris Mickle,175.3,,65.8,Orthodox,43.2,3.03,0.27,9.7,0.48,0.0,0.0,0.0,0.0
Jim Miller,172.7,180.3,70.3,Southpaw,43.1,2.73,0.4,2.99,0.59,1.69,0.43,0.46,1.9
Micah Miller,182.9,,65.8,Orthodox,39.6,1.33,0.33,2.15,0.54,0.98,0.37,0.21,2.0
Aaron Miller,175.3,,65.8,,,0.0,0.0,0.0,0.0,0.0,0.0,0.0,0.0
Henry Miller,170.2,,122.5,Southpaw,57.2,1.25,0.36,2.16,0.54,0.55,0.25,0.6,0.0
Che Mills,185.4,193.0,77.1,Orthodox,44.0,2.08,0.52,2.87,0.43,1.18,0.66,0.58,0.0
Eddy Millis,185.4,,83.9,,,0.0,0.0,3.36,0.22,0.0,0.0,0.0,7.2
Adam Milstead,190.5,193.0,93.0,Orthodox,39.2,3.85,0.46,4.79,0.43,0.0,0.0,0.64,0.0
Alberto Mina,182.9,195.6,77.1,Orthodox,44.4,3.23,0.38,3.7,0.47,1.85,0.2,0.5,0.0
Stipe Miocic,193.0,203.2,108.9,Orthodox,44.1,4.9,0.52,3.75,0.55,1.92,0.34,0.7,0.0
Vitaly Minakov,188.0,,112.9,,41.6,0.0,0.0,0.0,0.0,0.0,0.0,0.0,0.0
Darrick Minner,170.2,175.3,65.8,Orthodox,36.4,3.24,0.7,1.4,0.43,3.0,0.62,0.6,3.6
Mike Minniger,,,,,,0.0,0.0,0.0,0.0,0.0,0.0,0.0,0.0
Carlton Minus,177.8,190.5,77.1,Orthodox,33.4,3.5,0.4,4.97,0.5,0.0,0.0,0.58,0.0
Ikuhisa Minowa,175.3,,82.1,Orthodox,50.7,0.88,0.4,1.66,0.49,1.82,0.41,0.05,1.9
Juan Miranda,,,70.3,,,0.0,0.0,0.0,0.0,0.0,0.0,0.0,0.0
Mario Miranda,190.5,188.0,83.9,Orthodox,47.2,1.96,0.54,2.46,0.36,1.02,0.6,0.54,0.0
Frank Mir,190.5,200.7,119.7,Southpaw,47.3,2.18,0.47,3.84,0.38,2.02,0.4,0.54,2.0
Damir Mirenic,182.9,,83.9,Orthodox,52.1,0.84,0.5,9.86,0.35,0.0,0.0,0.0,0.0
Vitor Miranda,185.4,195.6,83.9,Orthodox,47.5,2.98,0.45,2.95,0.58,0.95,0.55,0.5,0.2
Toby Misech,172.7,,65.8,Southpaw,38.5,3.27,0.4,7.73,0.46,0.0,0.0,0.0,0.0
Kazuo Misaki,172.7,,83.0,Orthodox,50.4,2.85,0.4,2.74,0.63,0.72,0.38,0.51,0.6
Dokonjonosuke Mishima,170.2,,70.3,Southpaw,54.4,1.06,0.41,1.22,0.52,2.47,0.4,0.25,1.4
Felix Lee Mitchell,,,,Orthodox,,0.0,0.0,0.0,0.0,0.0,0.0,0.0,0.0
Danny Mitchell,188.0,,77.1,Orthodox,40.1,2.53,0.49,2.53,0.52,0.0,0.0,1.0,3.0
Brad Mitchell,180.3,,65.8,,52.0,1.15,0.33,4.2,0.52,0.0,0.0,1.0,1.9
David Mitchell,182.9,190.5,77.1,Orthodox,46.9,1.74,0.32,2.06,0.55,0.66,0.5,0.29,2.0
Maurice Mitchell,175.3,,65.8,Orthodox,39.2,3.8,0.55,3.54,0.6,0.0,0.0,1.0,0.0
Clay Mitchell,188.0,,83.9,,,1.63,0.85,0.0,0.0,0.0,0.0,1.0,4.1
Bryce Mitchell,177.8,177.8,65.8,Southpaw,32.0,2.29,0.61,1.46,0.6,3.26,0.46,0.33,2.3
Roman Mitichyan,177.8,,77.1,Orthodox,48.1,0.26,0.16,2.7,0.43,1.93,1.0,0.25,1.9
Eiji Mitsuoka,170.2,,65.8,Southpaw,50.7,1.49,0.49,2.26,0.45,2.3,0.36,0.2,1.6
Jonathan  Mix,182.9,,76.2,,45.9,0.0,0.0,0.0,0.0,0.0,0.0,0.0,0.0
Matt Mitrione,190.5,208.3,120.2,Switch,48.2,3.55,0.5,2.79,0.64,0.0,0.0,0.55,0.7
Motoki Miyazawa,180.3,,76.2,Southpaw,,1.23,0.28,3.91,0.61,0.0,0.0,0.0,0.0
Hiromitsu Miura,175.3,180.3,77.1,Orthodox,45.0,2.12,0.34,2.12,0.58,2.23,0.5,0.69,0.6
Tomoya Miyashita,170.2,,63.0,Southpaw,,1.67,0.65,0.93,0.33,4.0,0.8,0.0,2.0
Kazuyuki Miyata,172.7,,63.0,Orthodox,,2.04,0.52,1.82,0.63,4.31,0.46,0.68,0.0
Takeya Mizugaki,170.2,175.3,61.2,Orthodox,42.8,3.37,0.37,3.27,0.57,1.46,0.57,0.7,0.1
Tatsuya Mizuno,185.4,,93.0,Southpaw,45.3,2.25,0.37,3.52,0.53,1.19,0.25,0.4,3.6
Bobby Moffett,177.8,185.4,65.8,Orthodox,36.3,3.41,0.39,3.15,0.61,2.74,0.66,0.66,1.4
Roxanne Modafferi,170.2,175.3,56.7,Orthodox,44.0,3.13,0.3,5.03,0.53,1.42,0.23,0.3,0.1
Bronson Mohika,,,61.2,,,0.0,0.0,0.0,0.0,0.0,0.0,0.0,0.0
Thiago Moises,175.3,177.8,70.3,Orthodox,31.5,2.85,0.37,3.88,0.6,1.06,0.33,0.63,1.2
Nate Mohr,175.3,182.9,70.3,Orthodox,43.6,3.79,0.41,2.5,0.74,0.45,0.5,0.71,0.0
Renato Moicano,180.3,182.9,70.3,Orthodox,37.3,5.4,0.46,3.74,0.65,1.28,0.53,0.78,0.6
Ashkan Mokhtarian,167.6,170.2,56.7,Southpaw,41.0,1.95,0.43,3.66,0.43,0.54,0.16,0.33,0.0
Suman Mokhtarian,172.7,182.9,65.8,Orthodox,34.3,2.21,0.43,6.85,0.48,0.0,0.0,0.0,0.0
Rudyard Moncayo,177.8,,88.5,Orthodox,,0.0,0.0,0.0,0.0,0.0,0.0,0.0,0.0
Dan Molina,177.8,,98.0,,42.3,0.0,0.0,5.58,0.6,0.0,0.0,0.0,20.9
Jeff Molina,167.6,175.3,56.7,Orthodox,29.2,5.07,0.38,5.53,0.55,0.0,0.0,0.0,0.0
Jeff Monson,175.3,188.0,112.0,Orthodox,55.7,0.97,0.3,2.87,0.59,1.06,0.12,0.66,0.7
Hidetaka Monma,182.9,,76.2,Orthodox,52.9,1.67,0.25,9.76,0.34,0.0,0.0,0.0,0.0
Darrell Montague,167.6,170.2,56.7,Southpaw,38.9,1.92,0.25,5.38,0.52,0.72,0.25,0.33,1.4
Andrew Montanez,,,83.9,,,0.0,0.0,0.0,0.0,0.0,0.0,0.0,0.0
Nicco Montano,165.1,165.1,61.2,Southpaw,37.8,5.6,0.41,4.43,0.64,2.25,0.54,0.69,0.4
Erick Montano,182.9,185.4,77.1,Orthodox,40.8,2.79,0.44,2.06,0.64,2.29,0.36,0.66,0.0
Alberto Montes,170.2,,61.2,,32.3,0.0,0.0,0.0,0.0,0.0,0.0,0.0,0.0
Augusto Montano,185.4,185.4,77.1,Orthodox,41.9,3.46,0.46,2.66,0.56,0.0,0.0,0.66,0.0
James Moontasri,177.8,180.3,77.1,Switch,38.5,2.39,0.48,3.86,0.4,0.0,0.0,0.79,0.2
Homer Moore,177.8,,93.0,Orthodox,54.8,0.68,0.5,0.68,0.0,5.07,0.66,0.0,0.0
Steve Montgomery,193.0,,83.9,Southpaw,35.8,4.85,0.39,4.12,0.47,0.0,0.0,0.64,0.0
Todd Moore,175.3,180.3,77.1,Southpaw,42.7,1.83,0.26,2.3,0.57,0.78,0.14,0.54,0.0
Nate Moore,182.9,,77.1,,,2.21,0.25,2.87,0.42,1.23,0.16,0.25,0.0
Dustin Moore,162.6,,56.7,,,0.0,0.0,0.0,0.0,0.0,0.0,0.0,0.0
Taylor Moore,177.8,177.8,61.2,Southpaw,32.9,0.2,0.75,2.07,0.42,0.0,0.0,0.25,0.0
Sergio Moraes,182.9,182.9,77.1,Orthodox,44.2,2.42,0.42,3.73,0.59,1.2,0.38,0.75,0.4
Ricardo Morais,203.2,,122.5,Orthodox,59.6,2.86,0.37,2.39,0.53,0.0,0.0,0.0,0.0
Marlon Moraes,167.6,170.2,61.2,Orthodox,38.4,3.38,0.39,4.11,0.56,1.0,0.41,0.66,0.4
Sheymon Moraes,172.7,182.9,65.8,Orthodox,36.0,3.0,0.42,3.64,0.63,0.0,0.0,0.53,0.0
John Moraga,167.6,167.6,56.7,Orthodox,42.5,2.57,0.43,2.55,0.56,0.62,0.23,0.44,1.1
Leonardo Morales,172.7,,61.2,Southpaw,33.8,2.05,0.47,2.05,0.58,0.0,0.0,0.62,0.0
Vince Morales,170.2,177.8,65.8,Orthodox,35.9,4.22,0.39,4.16,0.53,0.0,0.0,0.55,0.0
Joseph Morales,167.6,175.3,56.7,Switch,32.1,1.58,0.37,1.72,0.6,0.53,0.5,0.23,2.6
Albert Morales,175.3,182.9,61.2,Orthodox,35.3,3.81,0.35,3.96,0.56,0.91,0.35,0.7,0.2
Omar Morales,180.3,185.4,65.8,Orthodox,40.9,3.39,0.34,2.99,0.65,0.29,1.0,1.0,0.0
Joe Moreira,180.3,,88.5,Southpaw,,0.0,0.0,0.0,0.0,0.0,0.0,0.0,0.0
Christian Morecraft,198.1,205.7,117.9,Orthodox,40.0,2.82,0.34,2.46,0.46,3.26,0.66,0.5,2.2
Sarah Moras,170.2,170.2,61.2,Orthodox,38.4,2.28,0.34,3.58,0.5,0.67,0.21,0.33,0.8
Richardson Moreira,188.0,,83.9,Orthodox,42.5,1.17,0.28,1.83,0.67,0.0,0.0,1.0,0.0
Gisele Moreira,167.6,,61.2,Orthodox,45.7,5.93,0.42,6.33,0.48,4.0,0.57,0.0,0.0
Jesse Moreng,170.2,,65.8,Orthodox,46.9,1.26,0.4,2.08,0.48,5.56,1.0,1.0,0.0
Vinicius Moreira,193.0,193.0,93.0,Orthodox,37.6,3.15,0.59,5.07,0.43,1.97,0.18,0.0,1.3
Brandon Moreno,170.2,177.8,56.7,Orthodox,32.8,3.41,0.38,3.41,0.59,2.01,0.45,0.67,0.6
Mike Moreno,182.9,,83.9,,,1.27,0.51,1.07,0.58,0.0,0.0,0.44,0.0
Dan Moret,182.9,185.4,70.3,Southpaw,39.8,2.67,0.43,3.56,0.43,1.25,0.27,0.45,0.4
Sammy Morgan,177.8,,77.1,Orthodox,45.0,1.05,0.22,3.74,0.4,1.43,0.2,0.0,0.5
Peggy Morgan,185.4,,61.2,,46.8,2.27,0.23,8.2,0.33,0.0,0.0,0.5,0.0
Alex Morono,180.3,182.9,77.1,Orthodox,36.1,4.96,0.42,3.69,0.56,0.44,0.28,0.47,0.4
Maryna Moroz,170.2,170.2,56.7,Orthodox,35.0,4.09,0.31,4.15,0.53,0.56,0.18,0.47,0.4
Sergey Morozov,167.6,,61.2,Orthodox,37.3,0.81,0.23,2.89,0.39,0.0,0.0,0.54,0.0
Brad Morris,188.0,,93.0,Orthodox,46.9,0.5,0.62,6.95,0.27,0.0,0.0,0.0,0.0
Scott Morris,177.8,,95.3,Orthodox,,0.0,0.0,0.0,0.0,0.0,0.0,0.0,0.0
Anthony Morrison,170.2,,65.8,Orthodox,42.5,1.7,0.33,0.49,0.8,0.0,0.0,0.5,0.0
Jack Morrison,180.3,,93.0,,,0.0,0.0,19.31,0.4,0.0,0.0,0.0,0.0
Harry Moskowitz,195.6,,124.7,Orthodox,,0.0,0.0,0.0,0.0,0.0,0.0,0.0,0.0
Nikolas Motta,175.3,177.8,70.3,Orthodox,33.6,2.8,0.27,3.6,0.66,0.0,0.0,1.0,0.0
Juan Mott,182.9,,86.2,Switch,,0.0,0.0,0.0,0.0,0.0,0.0,0.0,0.0
Flavio Luiz Moura,180.3,,83.0,Open Stance,,0.67,0.16,0.0,0.0,0.0,0.0,0.0,0.0
Kin Moy,165.1,,61.2,,,2.3,0.33,1.93,0.62,1.67,0.42,0.5,1.7
Jamie Moyle,154.9,165.1,52.2,Orthodox,37.5,4.51,0.51,4.0,0.65,1.0,0.21,0.5,0.0
Gegard Mousasi,188.0,193.0,83.9,Orthodox,41.1,3.75,0.5,1.21,0.68,1.59,0.6,0.59,1.1
Su Mudaerji,172.7,182.9,56.7,Southpaw,30.7,4.49,0.51,2.19,0.68,0.4,1.0,0.77,0.8
Garrett Mueller,175.3,,61.2,,37.6,0.0,0.0,0.0,0.0,0.0,0.0,0.0,0.0
Lauren Mueller,165.1,170.2,56.7,Orthodox,34.9,4.08,0.41,3.77,0.58,0.7,0.5,0.71,0.0
Belal Muhammad,180.3,182.9,77.1,Orthodox,38.2,4.75,0.43,4.02,0.6,1.97,0.28,0.85,0.2
Fazlo Mulabitinovic,,,61.2,,,0.54,0.16,0.0,1.0,0.0,0.0,0.0,8.0
James Mulheron,177.8,185.4,110.2,Orthodox,38.6,2.4,0.31,3.47,0.42,0.0,0.0,0.25,0.0
Quinn Mulhern,190.5,,70.3,Orthodox,42.0,1.48,0.28,2.09,0.51,1.36,0.2,0.33,0.0
Jamie Mullarkey,182.9,188.0,70.3,Orthodox,32.1,1.87,0.33,4.6,0.42,4.0,0.3,0.66,0.5
Jim Mullen,185.4,,97.5,Southpaw,,0.0,0.0,0.0,0.0,0.0,0.0,0.0,0.0
Pedro Munhoz,167.6,165.1,61.2,Orthodox,40.0,5.6,0.43,5.87,0.58,0.68,0.21,0.8,0.8
Andre Muniz,185.4,198.1,83.9,Southpaw,36.6,2.21,0.58,1.8,0.45,2.61,0.35,0.37,2.2
Alexander Munoz,175.3,182.9,70.3,Switch,36.6,3.27,0.4,5.23,0.52,2.5,0.35,0.0,0.0
Mark Munoz,182.9,180.3,83.9,Orthodox,48.6,3.12,0.51,2.26,0.57,3.17,0.29,0.57,0.6
Andy Murad,175.3,,83.9,,,2.6,0.76,2.87,0.32,1.0,0.2,0.42,0.0
Johnny Munoz,175.3,180.3,65.8,Orthodox,33.6,3.27,0.62,1.4,0.58,2.0,0.12,0.0,1.0
Kazunari Murakami,185.4,,99.8,Orthodox,52.8,0.0,0.0,0.0,0.0,0.0,0.0,0.0,0.0
Makhmud Muradov,188.0,190.5,83.9,Orthodox,36.6,5.32,0.42,2.92,0.64,0.36,0.16,1.0,0.4
Kanako Murata,154.9,157.5,52.2,Orthodox,33.1,1.93,0.67,1.93,0.52,4.0,0.44,0.0,2.0
Ryuichi Murata,172.7,,83.0,Orthodox,,0.84,0.36,1.89,0.5,4.74,0.5,1.0,3.2
Vince Murdock,167.6,162.6,65.8,Orthodox,35.5,1.21,0.21,7.17,0.4,0.0,0.0,0.0,0.0
Tom Murphy,188.0,,103.0,Southpaw,51.8,2.5,0.71,0.17,0.84,7.51,0.85,0.0,2.5
Ian Murphy,185.4,,83.9,Orthodox,41.3,0.0,0.0,1.93,0.3,4.13,1.0,0.0,0.0
Jon Murphy,190.5,,117.9,Orthodox,49.1,3.93,0.66,8.85,0.43,0.0,0.0,0.0,0.0
Lauren Murphy,165.1,170.2,56.7,Orthodox,43.2,3.8,0.38,3.82,0.63,1.18,0.37,0.7,0.1
Patrick Murphy,182.9,,77.1,,,3.4,0.66,0.8,0.42,0.0,0.0,0.5,1.0
Lerone Murphy,175.3,185.4,65.8,Orthodox,35.2,2.86,0.42,2.07,0.63,0.87,0.33,0.41,0.9
Lee Murray,190.5,,83.9,Orthodox,49.0,0.36,0.15,3.28,0.32,0.9,1.0,0.42,1.8
Azamat Murzakanov,180.3,,93.0,,,0.0,0.0,0.0,0.0,0.0,0.0,0.0,0.0
Khalid Murtazaliev,182.9,193.0,83.9,Orthodox,33.2,4.8,0.69,0.4,0.78,7.5,1.0,0.33,0.0
Nicholas Musoke,182.9,190.5,77.1,Orthodox,40.5,3.56,0.35,3.8,0.57,1.16,0.19,0.82,0.2
Andre Mussi,190.5,,109.8,Orthodox,,0.0,0.0,10.59,0.35,0.0,0.0,0.0,0.0
Max Mustaki,182.9,,70.3,Orthodox,38.9,8.2,0.5,13.0,0.45,0.0,0.0,0.0,0.0
Magomed Mustafaev,172.7,180.3,70.3,Orthodox,38.1,2.59,0.58,2.68,0.41,3.31,0.5,0.23,0.4
Fiona Muxlow,162.6,,65.8,,49.4,1.44,0.27,5.45,0.34,0.0,0.0,0.0,0.0
Elvis Mutapcic,182.9,182.9,83.9,Orthodox,40.2,3.41,0.4,4.27,0.38,0.0,0.0,0.81,0.0
Ho Bae Myeon,180.3,,76.2,Orthodox,,3.16,0.16,3.16,0.83,0.0,0.0,0.0,0.0
Na Liang,,,52.2,,30.2,0.0,0.0,0.0,0.0,0.0,0.0,0.0,0.0
Katsuhiko Nagata,170.2,,69.9,Southpaw,52.9,1.05,0.19,1.5,0.63,0.98,0.28,0.28,0.0
Yuji Nagata,182.9,,102.1,Orthodox,58.4,1.45,0.4,14.46,0.04,0.0,0.0,0.0,0.0
Logan Nail,,,83.9,,37.3,1.93,0.51,2.27,0.39,0.0,0.0,0.37,0.0
Greg Nagy,185.4,,95.3,Orthodox,42.9,0.41,0.5,2.69,0.37,0.0,0.0,0.0,1.2
Yukiya Naito,185.4,,93.0,Orthodox,,1.54,0.33,5.13,0.6,0.0,0.0,0.0,0.0
Muhammad Naimov,175.3,177.8,65.8,Orthodox,32.1,3.47,0.41,5.87,0.44,0.0,0.0,0.25,0.0
Andrews Nakahara,185.4,,83.9,Orthodox,43.5,2.68,0.44,1.9,0.57,0.0,0.0,0.72,0.4
Rin Nakai,154.9,,61.2,Orthodox,39.9,1.57,0.33,3.9,0.6,3.0,0.18,0.75,0.5
Keita Nakamura,180.3,185.4,77.1,Southpaw,42.3,2.23,0.36,3.2,0.58,1.65,0.48,0.63,0.3
Yusaku Nakamura,165.1,,65.8,,40.3,1.72,0.45,3.67,0.55,0.0,0.0,0.83,0.0
Kazuhiro Nakamura,180.3,177.8,93.0,Orthodox,47.2,1.56,0.37,1.83,0.59,1.73,0.36,0.42,0.6
Daisuke Nakamura,170.2,,69.9,Orthodox,46.3,0.94,0.3,1.38,0.61,0.46,0.4,0.3,3.6
Yoshihiro Nakao,182.9,,99.8,Southpaw,54.2,1.73,0.35,2.06,0.64,2.69,0.46,0.0,0.5
Tyson Nam,170.2,172.7,56.7,Orthodox,43.0,3.64,0.31,5.69,0.64,0.0,0.0,1.0,0.0
Jutaro Nakao,175.3,,77.1,Southpaw,55.8,0.53,0.38,1.06,0.44,0.38,0.5,0.56,0.0
Yui Chul Nam,175.3,,65.8,Orthodox,45.2,3.53,0.51,2.0,0.48,1.33,0.16,0.57,0.3
Roger Narvaez,190.5,,83.9,Southpaw,43.0,2.12,0.37,3.32,0.64,0.0,0.0,0.5,0.9
Yasuhito Namekawa,175.3,,93.0,Orthodox,51.9,0.14,0.5,3.65,0.38,2.11,0.25,0.0,4.2
Rose Namajunas,165.1,165.1,52.2,Orthodox,34.2,4.13,0.4,3.98,0.6,1.91,0.53,0.5,0.8
Nad Narimani,172.7,177.8,65.8,Orthodox,39.4,3.33,0.42,3.0,0.58,1.92,0.41,0.7,0.0
Allan Nascimento,175.3,,56.7,Orthodox,35.0,7.0,0.68,5.4,0.44,1.0,0.1,0.0,0.0
Fabio Nascimento,177.8,,83.9,Orthodox,,2.94,0.38,4.63,0.55,0.0,0.0,0.55,0.8
Bobby Nash,182.9,188.0,77.1,Orthodox,36.5,3.42,0.37,3.95,0.51,2.37,0.33,1.0,1.6
Rodrigo Nascimento,188.0,203.2,111.6,Orthodox,33.8,4.23,0.55,4.32,0.42,2.7,1.0,1.0,2.7
Reza Nasri,180.3,,93.0,Orthodox,,0.0,0.0,0.0,0.0,0.0,0.0,0.0,0.0
Pawel Nastula,182.9,,104.3,Southpaw,56.2,1.3,0.43,1.73,0.5,3.0,0.6,0.0,1.5
Rafael Natal,182.9,195.6,83.9,Orthodox,43.7,3.1,0.47,2.48,0.57,2.55,0.34,0.77,0.5
Kevin Natividad,167.6,177.8,65.8,Orthodox,33.5,2.57,0.24,3.74,0.54,0.0,0.0,1.0,0.0
Danny Navarro,177.8,,70.3,,43.3,3.83,0.32,4.62,0.57,2.17,0.25,1.0,0.0
Ismail Naurdiev,177.8,188.0,77.1,Orthodox,30.1,3.17,0.52,1.3,0.68,1.25,0.71,0.7,0.2
Marcio Navarro,182.9,,70.3,,48.0,0.0,0.0,0.0,0.0,0.0,0.0,0.0,0.0
Tafon Nchukwi,182.9,195.6,93.0,Orthodox,31.9,7.59,0.55,4.31,0.52,0.0,0.0,0.75,0.0
Josh Neal,182.9,,83.9,,,0.0,0.0,0.0,0.0,0.0,0.0,0.0,0.0
Joe Neal,167.6,,61.2,,40.2,1.87,0.19,3.8,0.66,0.0,0.0,0.0,0.0
Dustin Neace,175.3,,65.8,,40.0,2.08,0.32,2.66,0.56,0.0,0.0,0.0,1.7
Geoff Neal,180.3,190.5,77.1,Southpaw,36.1,4.94,0.49,4.93,0.61,0.5,0.5,0.92,0.2
Nicolae Negumereanu,182.9,198.1,93.0,Orthodox,32.1,0.73,0.4,4.67,0.18,0.0,0.0,0.4,0.0
Stanislav Nedkov,180.3,180.3,93.0,Orthodox,44.8,3.33,0.43,5.39,0.43,2.77,0.41,0.0,0.0
Steve Nelmark,182.9,,108.9,Orthodox,,0.0,0.0,0.0,0.0,0.0,0.0,0.0,0.0
Josh Neer,180.3,182.9,77.1,Orthodox,43.5,3.29,0.46,3.63,0.58,1.09,0.34,0.46,1.3
Shane Nelson,175.3,177.8,70.3,Southpaw,41.8,1.38,0.31,2.84,0.61,1.31,0.18,0.54,1.6
Kyle Nelson,180.3,180.3,70.3,Switch,35.4,3.63,0.41,6.82,0.47,0.96,0.12,0.6,1.9
Gunnar Nelson,180.3,182.9,77.1,Switch,38.2,1.71,0.57,3.33,0.49,1.72,0.55,0.66,0.9
Roy Nelson,182.9,185.4,119.3,Orthodox,50.3,2.18,0.36,4.79,0.46,1.14,0.27,0.65,0.1
Lissette Neri,157.5,,65.8,,39.1,0.0,0.0,0.0,0.0,0.0,0.0,0.0,0.0
Julio Cesar Neves Jr.,172.7,,65.8,,32.4,1.98,0.35,4.81,0.51,1.06,0.25,0.76,0.0
Mario Neto,182.9,,103.9,Orthodox,,1.89,0.5,1.89,0.7,2.84,1.0,0.0,0.0
Antonio Braga Neto,190.5,195.6,83.9,Orthodox,38.9,1.36,0.33,3.92,0.45,3.07,0.37,0.0,0.5
Nick Newell,177.8,,70.3,Southpaw,40.5,3.53,0.46,4.07,0.36,0.0,0.0,0.33,0.0
Journey Newson,165.1,170.2,61.2,Orthodox,37.5,2.76,0.32,2.76,0.65,0.0,0.0,0.0,0.9
Jeff Newton,188.0,,93.0,Sideways,59.8,0.28,0.2,1.41,0.52,0.0,0.0,0.0,8.5
Emanuel Newton,185.4,,93.0,,42.7,1.92,0.49,1.35,0.51,2.02,1.0,0.0,0.0
Francis Ngannou,193.0,210.8,113.4,Orthodox,40.0,2.23,0.37,2.03,0.47,0.0,0.0,0.71,0.5
Carlos Newton,175.3,,77.1,Orthodox,50.1,0.65,0.41,1.55,0.44,2.47,0.7,0.43,0.9
Ben Nguyen,165.1,165.1,56.7,Switch,38.1,3.51,0.4,3.01,0.59,0.25,0.33,0.63,1.0
Alex Nicholson,193.0,195.6,83.9,Orthodox,36.4,4.12,0.43,4.65,0.47,0.0,0.0,0.5,0.5
Mike Nickels,193.0,,93.0,Orthodox,54.8,4.44,0.52,1.11,0.64,11.11,0.8,0.0,2.8
Steven Nguyen,180.3,,65.8,Switch,33.3,6.3,0.31,9.04,0.59,0.0,0.0,1.0,0.0
Matheus Nicolau,167.6,167.6,56.7,Orthodox,33.7,3.79,0.52,2.83,0.67,1.93,0.44,1.0,1.4
Jaimelene Nievera,165.1,,56.7,Orthodox,41.9,1.67,0.53,8.73,0.33,1.79,0.16,0.0,0.0
Tom Niinimaki,175.3,175.3,65.8,Orthodox,44.2,1.91,0.54,2.31,0.58,2.97,0.46,0.33,0.5
Khomkrit Niimi,157.5,,56.7,,,0.0,0.0,5.73,0.44,0.0,0.0,0.0,0.0
Ramsey Nijem,180.3,190.5,70.3,Orthodox,38.5,3.05,0.44,1.62,0.62,5.32,0.62,0.55,1.1
Hans Nijman,182.9,,113.4,Switch,66.9,0.0,0.0,0.0,0.0,0.0,0.0,0.0,0.0
Jack Nilson,,,,,,0.0,0.0,0.0,0.0,0.0,0.0,0.0,0.0
Mats Nilsson,185.4,,77.1,Orthodox,42.8,2.99,0.39,5.62,0.63,3.87,0.83,0.44,2.3
Guangyou Ning,162.6,162.6,65.8,Southpaw,44.8,2.66,0.41,1.91,0.61,1.09,0.5,0.62,0.3
Soichi Nishida,180.3,,145.1,Orthodox,,0.0,0.0,0.0,0.0,0.0,0.0,0.0,0.0
Yosuke Nishijima,175.3,,93.0,Orthodox,53.4,1.72,0.37,5.59,0.56,0.0,0.0,0.0,0.0
Akiyo Nishiura,172.7,,63.0,Southpaw,43.1,1.59,0.57,1.26,0.57,0.0,0.0,0.52,0.3
Chidi Njokuani,190.5,,77.1,,37.7,1.93,0.51,1.73,0.49,0.0,0.0,0.8,0.0
Kyle Noblitt,188.0,,110.2,,36.7,0.0,0.0,0.0,0.0,0.0,0.0,0.0,0.0
Anthony Njokuani,185.4,190.5,70.3,Orthodox,46.6,3.94,0.46,2.41,0.65,0.5,0.45,0.53,0.2
Derrick Noble,175.3,,77.1,Southpaw,48.1,6.21,0.4,3.79,0.59,0.0,0.0,0.0,0.0
Jacob Noe,,,93.0,,,0.0,0.0,0.0,0.0,0.0,0.0,0.0,0.0
Pedro Nobre,165.1,,61.2,,40.6,1.37,0.3,9.16,0.35,0.0,0.0,0.0,0.0
Antonio Rodrigo Nogueira,190.5,195.6,108.9,Orthodox,50.3,1.95,0.42,2.4,0.55,1.3,0.29,0.36,2.4
Rogerio Nogueira,188.0,190.5,93.0,Southpaw,50.3,2.43,0.35,2.34,0.59,0.64,0.44,0.62,0.8
Alexandre Franca Nogueira,170.2,,65.8,Orthodox,48.7,0.6,0.2,4.18,0.57,0.0,0.0,0.0,0.0
Talita Nogueira,177.8,,65.8,,40.9,0.0,0.0,0.0,0.0,0.0,0.0,0.0,0.0
Kyle Noke,185.4,193.0,77.1,Southpaw,46.5,3.23,0.5,2.09,0.64,1.53,0.54,0.66,0.8
KJ Noons,177.8,177.8,70.3,Orthodox,43.8,3.68,0.35,3.78,0.65,0.08,0.2,0.68,0.0
Sage Northcutt,182.9,180.3,77.1,Orthodox,30.6,3.58,0.52,1.96,0.58,1.81,0.34,0.41,0.6
Scott Norton,177.8,,77.1,Orthodox,53.5,0.67,0.3,0.34,0.6,2.52,0.25,0.0,0.0
Jan Nortje,185.4,,140.6,Southpaw,51.5,3.32,0.51,4.5,0.32,0.0,0.0,0.66,2.9
Jason Novelli,182.9,,70.3,Orthodox,47.3,1.73,0.24,3.55,0.66,0.7,0.33,1.0,0.0
Amanda Nunes,172.7,175.3,65.8,Orthodox,38.3,4.5,0.51,2.45,0.57,2.5,0.53,0.84,0.9
Phillipe Nover,175.3,182.9,65.8,Orthodox,42.6,1.79,0.35,2.48,0.56,0.99,0.28,0.44,0.7
Diego Nunes,167.6,170.2,65.8,Orthodox,43.8,2.72,0.43,2.59,0.58,1.18,0.44,0.65,0.6
Josiane Nunes,,,61.2,,32.8,0.0,0.0,0.0,0.0,0.0,0.0,0.0,0.0
Istela Nunes,162.6,,52.2,,34.2,0.0,0.0,0.0,0.0,0.0,0.0,0.0,0.0
Khabib Nurmagomedov,177.8,177.8,70.3,Orthodox,38.0,4.1,0.48,1.75,0.65,5.32,0.48,0.84,0.8
Nick Nolte,182.9,,77.1,,,0.0,0.0,0.0,0.0,0.0,0.0,0.0,0.0
Said Nurmagomedov,172.7,177.8,61.2,Orthodox,34.5,4.65,0.46,2.37,0.6,0.45,0.07,0.71,0.0
Abubakar Nurmagomedov,180.3,182.9,77.1,Orthodox,36.9,1.41,0.44,0.71,0.81,5.29,1.0,0.0,0.0
Jonatas Novaes,180.3,,77.1,,45.6,0.0,0.0,0.0,0.0,0.0,0.0,0.0,0.0
Umar Nurmagomedov,172.7,,61.2,Orthodox,30.6,2.89,0.6,0.81,0.76,8.67,0.45,0.0,1.7
Kennedy Nzechukwu,195.6,210.8,93.0,Southpaw,34.3,5.38,0.43,5.8,0.48,0.0,0.0,0.78,0.0
Jake O'Brien,190.5,193.0,93.0,Orthodox,42.0,1.31,0.31,1.92,0.69,6.39,0.54,0.25,0.2
TJ O'Brien,188.0,,70.3,Orthodox,39.7,3.77,0.46,4.78,0.57,0.94,1.0,0.0,0.0
Sean O'Connell,185.4,188.0,93.0,Orthodox,43.1,5.46,0.48,6.77,0.45,0.0,0.0,0.3,0.5
Dan O'Connor,162.6,,52.2,,43.8,4.0,0.56,5.1,0.54,0.0,0.0,1.0,0.0
Sean O'Haire,195.6,,122.5,Orthodox,55.6,8.28,0.57,22.76,0.21,0.0,0.0,0.0,0.0
Jeremiah O'Neal,172.7,,117.9,,48.9,1.15,0.4,7.5,0.23,0.0,0.0,0.0,0.0
Sean O'Malley,180.3,182.9,61.2,Switch,31.9,6.35,0.57,3.76,0.64,1.05,0.5,0.61,1.1
Chuck O'Neil,188.0,,77.1,,41.0,3.13,0.37,4.4,0.72,0.0,0.0,0.0,0.0
Casey O'Neill,167.6,175.3,56.7,,29.0,5.64,0.72,1.84,0.42,6.91,0.66,0.0,1.7
Takahiro Oba,172.7,,90.7,Southpaw,,0.23,0.25,1.82,0.69,0.0,0.0,0.0,0.0
Brendan O'Reilly,170.2,175.3,77.1,Orthodox,39.2,1.9,0.47,2.77,0.39,2.22,0.43,0.36,0.6
Nobuhiro Obiya,172.7,,65.8,Orthodox,45.7,0.63,0.28,2.53,0.55,0.5,0.5,0.41,0.5
Christian Ocon,172.7,175.3,61.2,Orthodox,30.6,1.73,0.53,5.27,0.34,0.0,0.0,0.63,0.0
Richard Odoms,195.6,,120.2,Orthodox,51.4,0.0,0.0,0.0,0.0,0.0,0.0,0.0,0.0
Naoya Ogawa,193.0,,115.7,Orthodox,58.5,2.41,0.42,1.66,0.47,1.25,1.0,0.66,1.2
Volkan Oezdemir,188.0,190.5,93.0,Orthodox,37.0,5.03,0.45,4.24,0.55,0.36,0.2,0.8,0.0
Koji Oishi,172.7,,77.1,Orthodox,49.3,1.43,0.09,17.86,0.43,0.0,0.0,0.0,0.0
Michiyoshi Ohara,177.8,,93.0,Orthodox,,0.28,0.29,3.13,0.48,0.0,0.0,0.33,0.0
Andy Ogle,172.7,175.3,65.8,Orthodox,37.6,2.24,0.44,2.23,0.5,1.44,0.26,0.58,0.0
Takayuki Okada,185.4,,131.5,Orthodox,,0.0,0.0,0.0,0.0,0.0,0.0,0.0,0.0
Yushin Okami,188.0,190.5,77.1,Southpaw,45.2,2.06,0.38,2.25,0.6,1.98,0.39,0.84,0.5
JJ Okanovich,180.3,193.0,70.3,Orthodox,35.9,6.93,0.55,5.27,0.5,0.0,0.0,1.0,0.0
Kazuki Okubo,180.3,,79.4,Orthodox,,1.53,0.38,1.97,0.46,0.51,0.25,0.36,2.0
Masakatsu Okuda,,,,,,0.0,0.0,4.27,0.34,0.0,0.0,0.0,4.3
Michal Oleksiejczuk,182.9,188.0,93.0,Southpaw,31.6,4.83,0.56,2.91,0.69,1.05,0.66,0.35,0.0
Aleksei Oleinik,188.0,203.2,108.9,Orthodox,49.3,3.47,0.5,3.85,0.44,2.38,0.46,0.33,2.4
Rafaello Oliveira,172.7,180.3,70.3,Orthodox,44.7,2.19,0.33,3.38,0.59,2.49,0.36,0.11,1.6
Charles Oliveira,177.8,188.0,70.3,Orthodox,36.9,3.22,0.52,2.94,0.54,2.64,0.44,0.57,2.8
Ednaldo Oliveira,195.6,,93.0,Orthodox,42.6,1.03,0.22,1.8,0.52,0.0,0.0,0.42,0.0
Jorge Oliveira,185.4,,93.0,,,0.0,0.0,0.0,0.0,0.0,0.0,0.0,0.0
Bruno Oliveira,193.0,203.2,93.0,Orthodox,42.4,3.44,0.33,4.92,0.54,0.0,0.0,0.0,0.0
Wendell Oliveira Marques,177.8,,77.1,Orthodox,43.3,3.77,0.47,4.4,0.47,0.0,0.0,1.0,0.0
Alex Oliveira,180.3,193.0,77.1,Orthodox,38.6,2.87,0.5,2.18,0.48,2.41,0.37,0.63,0.6
Andy Ologun,182.9,,69.9,Orthodox,43.3,2.36,0.57,0.32,0.85,0.68,1.0,0.8,0.0
Felipe Olivieri,175.3,,70.3,Orthodox,41.4,6.68,0.58,4.6,0.57,0.0,0.0,0.71,0.0
Dennis Olson,182.9,,77.1,,,1.02,0.42,5.27,0.38,2.77,0.4,0.0,0.0
Shana Olsen,170.2,,65.8,,45.8,0.0,0.0,0.0,0.0,0.0,0.0,0.0,0.0
Casey Olson,170.2,,65.8,Orthodox,,2.48,0.6,0.0,1.0,3.54,0.57,1.0,1.8
Cameron Olson,185.4,190.5,93.0,Orthodox,36.8,3.13,0.47,2.2,0.57,3.0,0.42,1.0,1.0
Daniel Omielanczuk,182.9,188.0,112.0,Southpaw,44.1,3.09,0.57,3.29,0.47,0.56,0.26,0.68,0.1
Michihiro Omigawa,167.6,172.7,65.8,Orthodox,50.8,2.01,0.39,3.06,0.64,1.19,0.36,0.49,1.5
Alan Omer,177.8,,65.8,Orthodox,38.0,3.49,0.55,2.21,0.64,1.69,0.42,0.66,0.0
Chibwikem Onyenegecha,190.5,,83.9,Orthodox,32.4,5.6,0.55,3.4,0.52,0.0,0.0,1.0,0.0
Charlie Ontiveros,188.0,198.1,83.9,Switch,35.2,0.33,0.4,4.18,0.19,0.0,0.0,0.0,0.0
Sam Oropeza,188.0,,77.1,,,7.68,0.56,1.44,0.7,3.6,0.33,1.0,0.0
Brian Ortega,172.7,175.3,65.8,Switch,35.6,4.29,0.38,6.28,0.52,0.8,0.21,0.56,1.1
Tito Ortiz,190.5,188.0,93.0,Orthodox,51.7,2.59,0.46,2.88,0.6,2.47,0.35,0.54,0.6
Jorge Ortiz,182.9,,83.9,Orthodox,,3.53,0.58,2.8,0.73,0.0,0.0,0.0,0.0
Ode Osbourne,170.2,185.4,65.8,Southpaw,34.7,4.3,0.54,3.04,0.42,1.9,1.0,0.66,1.9
Kurt Osiander,,,83.9,,,0.0,0.0,0.0,0.0,0.0,0.0,0.0,0.0
Kenji Osawa,170.2,167.6,61.2,Orthodox,49.9,2.34,0.35,2.14,0.63,0.91,0.58,0.68,0.7
Nick Osipczak,188.0,193.0,77.1,Orthodox,41.7,2.83,0.5,3.77,0.5,1.2,0.45,0.71,1.0
Dustin Ortiz,165.1,165.1,56.7,Orthodox,37.7,2.94,0.44,2.17,0.56,3.01,0.36,0.52,0.1
Nissen Osterneck,188.0,,83.9,Orthodox,45.4,3.15,0.58,2.9,0.41,0.63,0.12,0.42,1.3
Rachael Ostovich,160.0,157.5,56.7,Orthodox,35.6,2.54,0.43,3.97,0.57,2.03,0.83,0.66,0.8
Artur Oumakhanov,170.2,,69.9,Orthodox,47.6,1.2,0.33,1.67,0.82,3.0,0.75,0.33,0.0
Zak Ottow,180.3,182.9,77.1,Orthodox,39.8,2.63,0.36,2.73,0.58,0.97,0.29,0.57,0.4
Alexander Otsuka,185.4,,93.0,Orthodox,55.2,0.9,0.55,1.16,0.51,1.51,0.43,0.53,0.8
Pedro Otavio,190.5,,111.1,Orthodox,,0.0,0.0,0.0,0.0,0.0,0.0,0.0,0.0
Takafumi Otsuka,167.6,,63.0,Orthodox,,1.29,0.27,2.12,0.67,1.64,0.27,0.65,0.0
Sidney Outlaw,172.7,188.0,77.1,Orthodox,34.5,0.13,0.33,0.8,0.71,3.0,0.75,0.0,3.0
Valentijn Overeem,190.5,,104.3,Orthodox,50.1,0.93,0.34,1.49,0.58,1.86,0.5,0.0,4.7
Alistair Overeem,193.0,203.2,120.2,Orthodox,46.4,3.67,0.64,2.44,0.57,1.42,0.55,0.73,0.8
Craig Oxley,175.3,,70.3,,53.6,0.0,0.0,0.0,0.0,0.0,0.0,0.0,0.0
Raquel Pa'aluhi,170.2,,61.2,,,1.71,0.56,3.42,0.46,0.0,0.0,0.18,0.0
Shungo Oyama,180.3,,83.9,Southpaw,52.5,0.64,0.25,1.96,0.57,1.07,0.57,0.62,0.5
Alptekin Ozkilic,165.1,165.1,56.7,Orthodox,40.5,3.81,0.32,5.72,0.59,4.21,0.58,0.75,0.0
Larissa Pacheco,170.2,,61.2,Orthodox,32.0,1.21,0.19,4.14,0.55,0.0,0.0,0.0,0.0
Nick Pace,170.2,172.7,61.2,Orthodox,39.4,1.48,0.34,3.14,0.57,2.52,0.43,0.54,0.5
George Pacurariu,170.2,,61.2,,42.2,4.69,0.53,2.68,0.63,5.03,1.0,1.0,5.0
Teemu Packalen,185.4,190.5,70.3,Orthodox,39.3,2.57,0.54,3.91,0.47,2.31,0.25,1.0,1.5
Michael Page,188.0,,77.1,,39.5,4.53,0.76,0.45,0.77,3.4,1.0,1.0,0.0
Cyrillo Padilha,180.3,,70.3,,48.7,0.0,0.0,0.0,0.0,0.0,0.0,0.0,0.0
Gary Padilla,180.3,,93.0,,46.4,2.2,0.27,2.0,0.76,0.0,0.0,0.5,0.0
Damacio Page,167.6,167.6,61.2,Orthodox,44.0,2.05,0.38,2.47,0.51,2.63,0.64,0.23,0.9
Josh Paiva,167.6,,56.7,,35.5,0.0,0.0,0.0,0.0,0.0,0.0,0.0,0.0
Dustin Pague,175.3,188.0,61.2,Orthodox,39.1,1.65,0.53,2.96,0.41,1.03,0.44,0.55,2.6
Dinis Paiva Jr.,175.3,180.3,65.8,Southpaw,38.3,2.6,0.41,2.73,0.67,0.0,0.0,0.81,0.0
Raulian Paiva,172.7,175.3,56.7,Orthodox,30.9,4.46,0.43,4.89,0.51,0.26,0.2,0.8,0.3
Jose Palacios,175.3,,65.8,Orthodox,,2.67,0.7,1.0,0.79,0.0,0.0,0.5,1.7
Sasha Palatnikov,185.4,182.9,77.1,Switch,37.5,9.78,0.52,7.74,0.51,1.17,1.0,0.88,0.0
Ricky Palacios,167.6,,65.8,Orthodox,39.2,7.73,0.53,3.27,0.59,0.0,0.0,1.0,0.0
Fredson Paixao,167.6,167.6,65.8,Orthodox,47.4,1.71,0.54,2.31,0.62,0.62,0.11,0.1,2.2
Soa Palelei,193.0,205.7,120.2,Orthodox,49.2,2.47,0.57,2.68,0.48,2.2,0.47,0.66,0.0
Bart Palaszewski,175.3,177.8,65.8,Orthodox,43.3,2.67,0.32,3.97,0.57,0.65,0.31,0.53,0.5
Rousimar Palhares,172.7,180.3,77.1,Orthodox,46.6,1.75,0.51,2.04,0.59,3.93,0.45,0.0,4.1
Tulio Palhares,,,81.6,,,0.0,0.0,0.0,0.0,0.0,0.0,0.0,0.0
Stephen Palling,162.6,,64.9,,59.6,0.0,0.0,0.0,0.0,0.0,0.0,0.0,0.0
Joe Pardo,185.4,,95.3,Southpaw,,0.0,0.0,0.0,0.0,0.0,0.0,0.0,0.0
Eduardo Pamplona,180.3,,77.1,,53.6,0.0,0.0,0.0,0.0,0.0,0.0,0.0,0.0
Jared Papazian,172.7,170.2,61.2,Southpaw,38.6,3.33,0.39,3.81,0.44,0.0,0.0,0.5,0.0
Alexandre Pantoja,165.1,170.2,56.7,Orthodox,36.4,4.3,0.47,3.39,0.53,0.94,0.35,0.68,0.9
Bryan Pardoe,185.4,,93.0,Orthodox,,1.11,0.36,4.59,0.45,4.75,0.4,0.33,0.0
Remco Pardoel,190.5,,117.9,Southpaw,,0.0,0.0,0.0,0.0,0.0,0.0,0.0,0.0
Ido Pariente,172.7,,70.3,Orthodox,,0.0,0.0,2.86,0.45,0.0,0.0,0.0,0.0
Won Sik Park,180.3,,69.9,Orthodox,,2.6,0.43,2.2,0.47,0.0,0.0,0.0,0.0
Josh Parisian,193.0,200.7,120.2,Orthodox,37.2,7.46,0.51,7.51,0.42,0.0,0.0,0.66,0.7
Harvey Park,182.9,177.8,70.3,Orthodox,40.5,3.77,0.5,7.21,0.33,0.0,0.0,0.0,0.0
Junyong Park,177.8,185.4,83.9,Orthodox,35.6,4.24,0.47,2.9,0.59,3.4,0.64,0.45,0.0
Karo Parisyan,177.8,182.9,77.1,Orthodox,44.1,2.49,0.41,2.19,0.58,5.27,0.59,0.59,1.0
Norman Parke,180.3,177.8,70.3,Southpaw,39.8,3.06,0.35,2.88,0.64,1.98,0.26,0.77,0.0
Ryan Parker,190.5,,106.6,Southpaw,,0.0,0.0,0.0,0.0,0.0,0.0,0.0,0.0
Larry Parker,180.3,,93.0,Orthodox,,0.0,0.0,0.0,0.0,0.0,0.0,0.0,0.0
Tyra Parker,165.1,,52.2,Orthodox,,1.5,0.22,9.0,0.14,0.0,0.0,0.0,0.0
Jordan Parsons,175.3,,65.8,,36.1,3.29,0.4,2.37,0.6,1.54,0.21,0.5,1.0
Willie Parks,177.8,,83.9,,42.9,0.0,0.0,0.0,0.0,0.0,0.0,0.0,0.0
Onassis Parungao,180.3,,90.7,,,0.0,0.0,0.0,0.0,0.0,0.0,0.0,0.0
Jhonoven Pati,185.4,190.5,83.9,Switch,36.1,2.88,0.53,6.13,0.33,2.7,1.0,0.0,0.0
Jorge Patino,172.7,,77.1,Orthodox,53.1,1.33,0.3,3.14,0.53,0.54,0.25,0.5,0.0
Russell Patrick,175.3,,65.8,,,0.0,0.0,0.0,0.0,0.0,0.0,0.0,0.0
Claude Patrick,180.3,190.5,77.1,Orthodox,46.3,1.8,0.55,0.89,0.69,2.32,0.53,0.84,1.7
Alan Patrick,180.3,188.0,70.3,Southpaw,43.2,1.79,0.4,2.64,0.43,3.48,0.38,0.5,0.3
Justin Patterson,177.8,,77.1,,40.8,0.0,0.0,0.0,0.0,0.0,0.0,0.0,0.0
Michael Patt,182.9,,93.0,Orthodox,,1.65,0.28,5.53,0.55,0.0,0.0,0.0,0.0
Julio Paulino,182.9,,77.1,Orthodox,50.8,0.97,0.27,1.87,0.48,0.0,0.0,0.37,0.5
Sergei Pavlovich,190.5,213.4,116.6,Southpaw,34.4,6.55,0.52,4.59,0.44,0.0,0.0,0.5,0.0
Pawel Pawlak,182.9,185.4,77.1,Orthodox,37.6,1.67,0.33,2.22,0.53,1.0,0.37,0.7,0.0
Sarah Payant,162.6,,52.2,,,0.29,0.16,2.06,0.3,0.0,0.0,0.0,0.0
Estevan Payan,177.8,,65.8,Orthodox,44.5,4.25,0.42,3.58,0.57,0.36,1.0,0.6,0.4
Roland Payne,175.3,,93.0,Orthodox,,0.0,0.0,0.0,0.0,0.0,0.0,0.0,0.0
Jonathan Pearce,182.9,180.3,65.8,Switch,34.4,8.8,0.55,6.65,0.46,5.91,0.6,0.75,0.7
Andre Pederneiras,172.7,,70.3,Orthodox,59.5,0.0,0.0,0.0,0.0,0.0,0.0,0.0,0.0
Carlo Pedersoli Jr.,180.3,190.5,77.1,Southpaw,33.3,4.17,0.37,4.12,0.61,2.91,0.44,0.0,0.0
Joe Pearson,177.8,,65.8,Orthodox,48.5,0.59,0.18,3.51,0.33,0.0,0.0,0.0,4.4
Ross Pearson,172.7,175.3,70.3,Orthodox,42.0,3.68,0.4,4.09,0.62,0.74,0.35,0.75,0.0
Matt Pedro,,,,,,0.0,0.0,0.0,0.0,0.0,0.0,0.0,0.0
Tyson Pedro,190.5,200.7,93.0,Orthodox,35.0,2.7,0.62,2.55,0.48,0.74,0.25,0.52,1.5
Filip Pejic,172.7,,61.2,Orthodox,34.2,0.0,0.0,0.88,0.33,0.0,0.0,0.0,0.0
Willie Peeters,175.3,,99.8,Orthodox,60.9,0.0,0.0,0.0,0.0,0.0,0.0,0.0,0.0
Yan Pellerin,180.3,,93.0,Orthodox,,0.59,0.25,0.89,0.66,4.43,1.0,0.0,0.0
Julianna Pena,167.6,175.3,61.2,Orthodox,37.1,2.8,0.47,1.7,0.53,2.49,0.53,0.23,0.8
Kurt Pellegrino,172.7,177.8,70.3,Orthodox,47.4,2.45,0.43,1.94,0.63,2.9,0.54,0.69,0.8
Luis Pena,190.5,190.5,70.3,Southpaw,33.2,3.26,0.47,2.74,0.5,1.37,0.33,0.45,1.4
Sherman Pendergarst,185.4,,106.6,Orthodox,59.1,1.23,0.36,3.08,0.16,4.62,1.0,0.0,0.0
Drew Pendleton,,,65.8,,42.8,0.0,0.0,0.0,0.0,0.0,0.0,0.0,0.0
Cathal Pendred,185.4,190.5,77.1,Orthodox,39.1,2.49,0.44,3.01,0.55,2.46,0.23,0.83,0.4
BJ Penn,175.3,177.8,70.3,Orthodox,47.8,2.76,0.48,3.2,0.56,1.19,0.55,0.74,0.5
Nick Penner,193.0,,93.0,Southpaw,46.5,1.25,0.3,4.6,0.38,0.0,0.0,0.4,0.0
Jessica Penne,165.1,170.2,52.2,Orthodox,43.6,2.46,0.33,4.73,0.48,1.58,0.25,0.2,0.6
Jerron Peoples,182.9,,77.1,,44.4,0.0,0.0,0.0,0.0,0.0,0.0,0.0,0.0
Raquel Pennington,170.2,170.2,61.2,Orthodox,38.0,3.62,0.48,3.2,0.63,1.12,0.28,0.65,0.7
Justin Pennington,162.6,,,,,0.0,0.0,0.0,0.0,0.0,0.0,0.0,0.0
Godofredo Pepey,170.2,185.4,65.8,Orthodox,39.2,2.32,0.38,3.23,0.47,0.37,0.07,0.35,1.5
Ray Perales,177.8,,77.1,Orthodox,,0.18,0.25,2.39,0.32,0.0,0.0,0.33,0.0
Michel Pereira,185.4,185.4,77.1,Orthodox,33.0,3.74,0.54,2.84,0.58,1.76,0.7,1.0,0.5
Robert Peralta,172.7,180.3,65.8,Orthodox,40.5,3.76,0.44,2.97,0.53,0.59,0.66,0.65,0.0
Viviane Pereira,154.9,160.0,52.2,Orthodox,33.1,2.7,0.3,4.48,0.58,0.25,1.0,0.28,0.2
Alex Pereira,,,83.9,,39.2,0.0,0.0,0.0,0.0,0.0,0.0,0.0,0.0
Daniel Pereira,177.8,,83.9,,35.8,0.0,0.0,0.0,0.0,0.0,0.0,0.0,0.0
Rolando Perez,172.7,,61.2,Orthodox,,4.23,0.36,4.83,0.63,0.0,0.0,1.0,0.0
Philip Perez,165.1,,70.3,Southpaw,,1.36,1.0,0.68,0.66,10.23,1.0,0.0,10.2
Erik Perez,172.7,172.7,61.2,Orthodox,36.8,3.16,0.4,2.09,0.66,3.16,0.55,0.69,0.2
Frankie Perez,180.3,185.4,70.3,Orthodox,37.4,1.64,0.41,2.17,0.54,1.75,0.41,0.5,0.3
Alejandro Perez,167.6,170.2,65.8,Orthodox,37.1,3.52,0.35,2.94,0.64,0.52,0.2,0.73,0.1
Markus Perez,185.4,185.4,83.9,Orthodox,38.3,2.6,0.47,3.72,0.52,0.81,0.25,0.77,1.0
Jose Perez,,,,,,0.0,0.0,0.0,0.0,0.0,0.0,0.0,0.0
Alex Perez,167.6,165.1,56.7,Orthodox,34.5,4.62,0.47,3.08,0.61,2.92,0.45,0.87,1.3
Thiago Perpetuo,177.8,,77.1,Orthodox,38.8,5.39,0.69,3.51,0.51,2.82,0.5,0.66,0.0
Anthony Perosh,190.5,190.5,93.0,Orthodox,54.0,2.27,0.43,3.77,0.53,2.03,0.22,0.33,1.1
Hernani Perpetuo,182.9,,77.1,Orthodox,41.3,2.73,0.29,4.37,0.55,0.0,0.0,0.37,0.5
Jay Perrin,170.2,175.3,61.2,Switch,33.3,2.87,0.44,2.6,0.47,4.0,0.8,0.8,0.0
Tony Petarra,180.3,,88.9,Orthodox,,0.0,0.0,0.0,0.0,0.0,0.0,0.0,0.0
Leiticia Pestova,167.6,,61.2,Orthodox,42.7,0.0,0.0,24.62,0.44,0.0,0.0,0.0,0.0
Raphael Pessoa,190.5,198.1,118.8,Orthodox,37.5,2.16,0.26,3.43,0.42,0.0,0.0,1.0,0.0
Viktor Pesta,190.5,195.6,108.9,Orthodox,36.2,1.58,0.36,2.54,0.56,3.29,0.28,1.0,0.0
Tommy Petersen,,,70.3,,,0.0,0.0,0.0,0.0,0.0,0.0,0.0,0.0
Mike Perry,177.8,180.3,77.1,Orthodox,35.0,4.35,0.47,4.82,0.54,0.69,0.38,0.77,0.2
Cory Peterson,210.8,,181.4,Orthodox,,2.17,0.6,6.51,0.4,0.0,0.0,0.0,0.0
Peter Petties,180.3,182.9,65.8,Southpaw,35.8,2.61,0.29,8.24,0.48,0.0,0.0,0.0,0.0
Steven Peterson,177.8,177.8,65.8,Orthodox,36.3,4.65,0.35,5.89,0.56,2.02,0.28,0.75,0.4
Seth Petruzelli,182.9,193.0,93.0,Orthodox,46.8,2.17,0.41,2.08,0.55,0.46,0.5,0.47,2.3
Anthony Pettis,177.8,182.9,70.3,Orthodox,39.7,3.05,0.47,3.44,0.54,0.61,0.5,0.6,1.1
Forrest Petz,175.3,180.3,77.1,Orthodox,51.0,2.27,0.29,2.2,0.57,1.3,1.0,0.66,0.0
Dino Pezao,,,93.0,Orthodox,,0.66,0.3,3.28,0.31,0.0,0.0,0.0,0.0
Cody Pfister,177.8,185.4,70.3,Orthodox,36.2,1.41,0.25,2.8,0.51,2.82,0.3,0.0,0.0
Sergio Pettis,167.6,175.3,56.7,Orthodox,33.1,3.88,0.37,2.91,0.65,0.85,0.4,0.67,0.4
Wayne Phillips,,,83.9,,43.3,0.0,0.0,0.0,0.0,0.0,0.0,0.0,0.0
Dave Phillips,182.9,,83.9,Orthodox,46.7,0.0,0.0,2.0,0.25,0.0,0.0,0.0,10.0
Nam Phan,167.6,177.8,61.2,Orthodox,43.5,4.52,0.37,6.55,0.59,0.18,0.18,0.6,0.2
Aaron Phillips,175.3,180.3,61.2,Southpaw,37.1,1.65,0.56,3.44,0.39,0.0,0.0,0.44,0.4
Constantinos Philippou,180.3,185.4,83.9,Orthodox,46.8,2.19,0.35,2.73,0.54,0.4,0.42,0.65,0.3
John Phillips,180.3,190.5,83.9,Southpaw,41.3,1.72,0.34,4.03,0.49,0.0,0.0,0.07,0.0
Elizabeth Phillips,167.6,165.1,61.2,Orthodox,40.1,2.6,0.33,3.07,0.58,0.75,0.25,0.53,0.2
Kyler Phillips,172.7,182.9,61.2,Orthodox,31.3,5.32,0.46,3.04,0.61,2.88,0.63,0.71,0.4
Vinc Pichel,177.8,182.9,70.3,Orthodox,43.8,3.2,0.46,2.28,0.56,3.83,0.6,0.2,0.3
Nick Pica,177.8,,83.9,,,0.0,0.0,0.0,0.0,0.0,0.0,0.0,0.0
Jamie Pickett,188.0,203.2,83.9,Orthodox,38.1,2.84,0.55,4.84,0.46,1.48,0.4,0.37,0.4
Adam Piccolotti,180.3,,70.3,,37.9,4.61,0.5,2.83,0.71,2.96,0.6,1.0,3.0
Nick Piedmont,177.8,,65.8,,,0.0,0.0,0.0,0.0,0.0,0.0,0.0,0.0
Oskar Piechota,182.9,193.0,83.9,Southpaw,36.7,3.3,0.52,3.93,0.51,0.61,0.4,0.38,1.5
Mike Pierce,172.7,180.3,77.1,Orthodox,46.1,2.62,0.42,2.36,0.62,3.08,0.42,0.71,0.2
Brad Pickett,167.6,172.7,61.2,Orthodox,48.0,3.02,0.31,4.63,0.55,2.47,0.44,0.58,0.4
Joao Pierini,185.4,,70.3,Switch,54.8,0.76,0.14,4.56,0.33,0.0,0.0,0.0,0.0
Sean Pierson,182.9,193.0,77.1,Southpaw,50.5,3.84,0.39,3.73,0.64,0.39,0.18,0.66,0.4
Domingo Pilarte,182.9,185.4,61.2,Southpaw,36.7,2.04,0.5,3.69,0.42,2.0,0.42,0.75,1.3
Daniel Pineda,170.2,175.3,65.8,Orthodox,41.1,3.41,0.49,2.72,0.44,1.55,0.29,0.44,1.8
Luana Pinheiro,157.5,157.5,52.2,Orthodox,33.8,3.57,0.4,1.43,0.78,0.0,0.0,0.0,0.0
Jesus Pinedo,177.8,,70.3,Southpaw,30.3,3.23,0.38,4.37,0.52,2.5,1.0,1.0,0.0
Gaetano Pirrello,170.2,,61.2,Orthodox,34.4,0.67,0.42,1.89,0.46,0.0,0.0,0.3,0.0
Pingyuan Liu,167.6,182.9,61.2,Orthodox,33.6,2.36,0.33,2.99,0.54,0.25,0.2,0.56,1.0
Maki Pitolo,177.8,190.5,83.9,Orthodox,35.8,4.2,0.44,3.71,0.56,2.42,0.52,0.55,0.5
Dmitry Poberezhets,190.5,,107.5,,41.3,0.0,0.0,0.0,0.0,0.0,0.0,0.0,0.0
Jamal Pogues,190.5,195.6,93.0,Orthodox,30.8,3.27,0.74,3.07,0.56,7.0,0.63,1.0,0.0
Ross Pointon,172.7,,77.1,Orthodox,46.6,2.62,0.23,2.77,0.58,1.19,1.0,0.0,0.0
John Polakowski,177.8,,70.3,Orthodox,45.3,2.6,0.26,2.83,0.5,0.0,0.0,0.87,0.7
Brandon Polcare,,,56.7,,,0.43,0.5,0.0,0.0,0.0,0.0,0.0,0.0
Igor Pokrajac,182.9,188.0,93.0,Orthodox,47.7,2.25,0.45,4.26,0.4,0.87,0.29,0.51,0.2
Dustin Poirier,175.3,182.9,70.3,Southpaw,37.7,5.59,0.5,4.17,0.54,1.47,0.36,0.61,1.3
Mike Polchlopek,193.0,,129.3,Orthodox,60.7,2.0,0.38,1.33,0.57,0.0,0.0,0.0,0.0
Santiago Ponzinibbio,182.9,185.4,77.1,Orthodox,40.0,4.21,0.4,4.05,0.64,0.52,0.44,0.6,0.0
Grigory Popov,170.2,172.7,61.2,Switch,42.4,3.63,0.37,4.2,0.55,0.0,0.0,0.45,0.0
Felipe Portela,,,77.1,,38.8,0.0,0.0,0.0,0.0,0.0,0.0,0.0,0.0
Alexander Poppeck,188.0,,93.0,Orthodox,34.5,4.01,0.57,9.81,0.33,0.0,0.0,0.0,0.0
Parker Porter,182.9,190.5,120.2,Orthodox,41.4,7.69,0.49,7.36,0.52,1.65,0.6,0.0,1.1
Callan Potter,182.9,182.9,77.1,Orthodox,42.3,3.18,0.5,4.72,0.58,3.29,0.66,1.0,0.0
Devin Powell,182.9,185.4,70.3,Orthodox,38.6,2.88,0.41,3.67,0.51,0.0,0.0,0.0,0.6
Ruan Potts,188.0,190.5,112.0,Orthodox,48.6,0.85,0.37,5.92,0.22,0.75,0.16,0.33,2.3
Marcin Prachnio,190.5,188.0,93.0,Orthodox,38.2,5.4,0.47,3.71,0.58,0.0,0.0,0.0,0.0
Ricardo Prasel,200.7,198.1,108.0,Orthodox,36.3,2.21,0.57,7.83,0.37,0.0,0.0,0.0,0.0
Wagner Prado,182.9,188.0,93.0,Southpaw,39.7,1.72,0.4,3.06,0.5,0.0,0.0,0.22,0.0
Trevor Prangley,185.4,190.5,83.9,Orthodox,54.1,2.59,0.6,2.02,0.48,3.38,0.55,0.74,1.0
Carlo Prater,180.3,182.9,70.3,Switch,45.2,2.03,0.47,4.07,0.35,0.43,0.09,0.57,1.7
Michel Prazeres,167.6,170.2,77.1,Orthodox,45.2,2.44,0.47,2.49,0.58,4.11,0.36,0.5,0.6
Kyle Prepolec,177.8,177.8,77.1,Southpaw,37.1,3.2,0.34,4.7,0.54,0.0,0.0,0.4,0.0
Dorian Price,190.5,,77.1,Southpaw,49.1,0.0,0.0,0.0,0.0,0.0,0.0,0.0,0.0
Philip Preece,172.7,,93.0,Orthodox,,0.8,0.72,0.7,0.63,0.0,0.0,0.0,0.0
Chris Price,188.0,,83.9,Southpaw,43.9,1.44,0.66,2.59,0.48,0.0,0.0,0.33,2.2
Niko Price,182.9,193.0,77.1,Orthodox,37.0,5.33,0.41,5.83,0.49,0.89,0.22,0.72,0.9
Shane Primm,190.5,,93.0,Orthodox,42.1,0.83,0.26,2.25,0.62,1.78,0.2,0.0,0.0
Brent Primus,177.8,,70.3,,41.4,1.73,0.39,2.27,0.59,5.0,0.38,0.0,2.0
Lara Procopio,162.6,170.2,56.7,Orthodox,30.9,6.7,0.57,6.93,0.47,3.5,0.5,0.0,0.5
Jiri Prochazka,190.5,203.2,93.0,Orthodox,33.9,5.67,0.45,7.05,0.55,0.0,0.0,1.0,0.0
Joe Proctor,177.8,182.9,70.3,Orthodox,41.1,3.39,0.36,3.93,0.59,0.0,0.0,0.7,1.8
Cole Province,175.3,172.7,65.8,Orthodox,45.7,1.47,0.44,2.72,0.43,2.4,0.5,0.83,1.0
Daniel Puder,190.5,,106.6,Orthodox,45.0,2.77,0.68,1.17,0.38,1.21,0.5,0.81,9.0
Lucie Pudilova,172.7,170.2,56.7,Orthodox,32.3,4.15,0.36,4.09,0.52,0.16,0.12,0.61,0.6
Bubba Pugh,177.8,,83.9,,,2.87,0.67,2.6,0.23,4.0,0.57,0.8,0.0
Claudio Puelles,180.3,182.9,70.3,Southpaw,30.4,1.95,0.44,3.73,0.5,3.06,0.36,0.0,1.3
Juan Manuel Puig,175.3,,65.8,Orthodox,37.4,4.91,0.23,7.17,0.51,0.0,0.0,0.0,0.0
Hugh Pulley,182.9,,70.3,,,4.47,0.63,3.27,0.57,4.0,0.66,0.69,0.0
Josh Pulsifer,177.8,,65.8,,43.5,0.0,0.0,0.0,0.0,0.0,0.0,0.0,0.0
Jens Pulver,170.2,177.8,65.8,Southpaw,51.8,2.12,0.37,3.13,0.56,0.22,0.33,0.63,0.3
CM Punk,185.4,185.4,77.1,Orthodox,47.9,1.1,0.23,4.87,0.4,0.87,0.11,0.0,0.0
Joe Pyfer,188.0,190.5,83.9,Orthodox,30.0,2.76,0.48,3.68,0.23,3.45,1.0,0.0,0.0
Bao Quach,160.0,,65.8,Orthodox,47.1,0.0,0.0,0.0,0.0,0.0,0.0,0.0,0.0
Mike Pyle,182.9,188.0,77.1,Orthodox,51.0,2.74,0.45,2.84,0.6,1.8,0.35,0.7,1.5
Gary Quan,172.7,,64.9,,55.5,0.0,0.0,0.0,0.0,0.0,0.0,0.0,0.0
Billy Quarantillo,177.8,177.8,65.8,Orthodox,37.8,7.03,0.64,4.37,0.42,1.28,0.31,0.57,1.8
Nate Quarry,182.9,182.9,83.9,Open Stance,54.5,4.96,0.44,2.8,0.66,0.25,0.33,0.6,0.0
Vinicius Queiroz,200.7,,99.8,,43.1,3.67,0.51,4.1,0.41,5.07,0.7,1.0,0.7
Ryan Quinn,172.7,,65.8,,,2.31,0.41,1.67,0.48,0.0,0.0,0.0,1.9
Jimmy Quinlan,182.9,,83.9,Orthodox,40.3,2.08,0.7,5.94,0.16,4.46,0.25,0.0,0.0
Michel Quinones,177.8,185.4,70.3,Orthodox,41.8,2.91,0.29,5.98,0.48,0.0,0.0,0.36,0.0
Landon Quinones,175.3,,70.3,Southpaw,30.8,0.0,0.0,0.0,0.0,0.0,0.0,0.0,0.0
Jose Quinonez,172.7,175.3,61.2,Southpaw,36.2,3.6,0.45,3.0,0.64,2.7,0.47,0.42,0.6
Benji Radach,177.8,,83.9,Orthodox,47.5,2.62,0.49,2.31,0.51,1.06,0.41,0.71,0.4
Josh Rafferty,182.9,,77.1,Orthodox,45.7,0.6,0.33,3.6,0.5,0.0,0.0,0.0,9.0
Jordan Radev,170.2,,83.9,Southpaw,50.0,1.35,0.23,2.38,0.66,0.0,0.0,0.8,0.0
Gilbert Rael,172.7,,70.3,,,0.0,0.0,7.46,0.37,4.86,1.0,0.0,0.0
Amir Rahnavardi,182.9,,93.0,Orthodox,51.8,0.67,0.25,0.0,1.0,0.0,0.0,0.5,0.0
Ricky Rainey,185.4,195.6,77.1,Switch,43.2,2.55,0.48,2.62,0.46,0.95,0.18,0.55,0.0
Shavkat Rakhmonov,185.4,195.6,77.1,Orthodox,31.9,2.79,0.52,1.93,0.5,0.0,0.0,1.0,3.2
Aleksandar Rakic,193.0,198.1,93.0,Orthodox,34.6,4.23,0.52,2.23,0.52,0.75,0.25,0.9,0.2
Jessica Rakoczy,170.2,,52.2,Orthodox,49.4,2.5,0.44,3.55,0.64,0.75,0.2,0.0,0.8
Hector Ramirez,182.9,,93.0,Orthodox,50.5,2.27,0.41,4.6,0.56,2.3,0.55,0.66,0.5
Thomas Ramirez,185.4,,186.0,Sideways,,0.0,0.0,0.0,0.0,0.0,0.0,0.0,0.0
Matt Ramirez,165.1,,56.7,,,3.03,0.5,0.67,0.75,2.53,0.16,1.0,0.0
Steve Ramirez,170.2,,56.7,,,0.0,0.0,0.0,0.0,0.0,0.0,0.0,0.0
Andrew Ramm,185.4,,72.6,,,0.0,0.0,0.0,0.0,0.0,0.0,0.0,0.0
Amador Ramirez,,,61.2,,36.3,4.93,0.51,2.07,0.69,1.0,0.33,0.0,0.0
Ian Rammel,182.9,,83.9,,41.2,0.0,0.0,0.0,0.0,0.0,0.0,0.0,0.0
Luis Ramos,172.7,,77.1,Orthodox,45.7,2.4,0.35,5.6,0.42,1.5,0.2,1.0,0.0
Davi Ramos,167.6,177.8,70.3,Orthodox,39.9,2.64,0.37,3.44,0.56,1.95,0.4,0.83,0.6
Ricardo Ramos,175.3,182.9,65.8,Orthodox,31.1,3.0,0.39,3.28,0.58,1.99,0.56,0.71,0.7
Hussain Rasouli,167.6,,61.2,,,0.0,0.0,0.0,0.0,0.0,0.0,0.0,0.0
Vernon Ramos Ho,167.6,,77.1,Orthodox,34.3,4.0,0.25,8.0,0.55,0.0,0.0,0.0,0.0
Raou Raou,172.7,,88.5,Orthodox,,2.01,0.16,6.75,0.6,0.0,0.0,0.0,0.0
Kevin Randleman,177.8,,93.0,Orthodox,55.1,1.26,0.54,1.12,0.57,2.0,0.56,0.3,0.8
David Rasouri,170.2,,70.3,,,0.0,0.0,0.0,0.0,0.0,0.0,0.0,0.0
Ed Ratcliff,177.8,180.3,70.3,Orthodox,43.6,2.71,0.38,2.96,0.63,0.28,0.16,0.53,0.0
Gideon Ray,177.8,,83.9,Southpaw,53.3,2.08,0.4,2.58,0.53,1.49,1.0,0.0,0.0
Bec Rawlings,167.6,162.6,56.7,Orthodox,37.6,4.48,0.42,5.66,0.57,0.71,0.4,0.68,0.4
Stevie Ray,177.8,177.8,70.3,Southpaw,36.5,3.73,0.44,2.93,0.54,0.75,0.46,0.55,0.6
Joe Ray,,,77.1,,41.8,0.0,0.0,0.0,0.0,0.0,0.0,0.0,0.0
Iony Razafiarison,160.0,,65.8,,41.7,1.2,0.42,1.4,0.53,2.0,0.5,0.75,0.0
Keenan Raymond,,,74.8,,,0.0,0.0,0.0,0.0,0.0,0.0,0.0,0.0
Antony Rea,182.9,,93.0,Orthodox,50.2,2.89,0.28,5.42,0.42,0.0,0.0,1.0,0.0
Abdul Razak Alhassan,177.8,185.4,77.1,Orthodox,41.1,4.54,0.48,5.11,0.53,0.72,0.28,0.42,0.0
Rafael Rebello,165.1,170.2,61.2,Orthodox,45.9,2.19,0.32,3.29,0.58,2.82,0.33,0.75,0.5
Greg Rebello,182.9,185.4,108.9,Southpaw,44.3,2.61,0.39,2.92,0.58,0.0,0.0,0.0,0.0
Paul Redmond,177.8,,65.8,Orthodox,39.9,0.72,0.34,2.99,0.41,0.0,0.0,0.5,0.0
John Reedy,172.7,,70.3,,,0.0,0.0,0.0,0.0,0.0,0.0,0.0,0.0
Dennis Reed,,,93.0,Orthodox,,0.0,0.0,0.0,0.0,0.0,0.0,0.0,0.0
Karl Reed,190.5,198.1,93.0,Orthodox,37.9,2.04,0.44,3.84,0.38,1.06,0.22,0.53,0.0
James Reese,175.3,,70.3,,45.8,0.0,0.0,0.0,0.0,0.0,0.0,0.0,0.0
Stephen Regman,180.3,193.0,83.9,Orthodox,35.1,1.41,0.6,4.93,0.23,3.52,1.0,0.0,0.0
Johnny Rees,182.9,,77.1,Orthodox,43.9,3.29,0.64,0.84,0.47,1.15,0.25,0.5,0.0
Chad Reiner,180.3,,77.1,Orthodox,45.2,0.53,0.2,1.97,0.46,0.99,0.33,0.25,2.0
Ben Reiter,190.5,,83.9,,39.2,1.8,0.46,1.53,0.54,7.0,0.43,0.0,0.0
Goran Reljic,190.5,205.7,93.0,Southpaw,42.5,1.69,0.37,2.69,0.59,1.69,0.5,0.33,1.1
Jason Reinhardt,167.6,,61.2,Orthodox,56.9,0.51,0.4,4.07,0.43,1.91,0.12,0.5,0.0
Wilson Reis,162.6,165.1,56.7,Southpaw,41.7,1.83,0.29,3.04,0.55,5.15,0.42,0.47,0.6
Chance Rencountre,188.0,190.5,77.1,Southpaw,39.7,1.1,0.2,3.62,0.49,1.35,0.26,0.16,0.3
Leigh Remedios,170.2,,70.3,Orthodox,50.7,0.75,0.41,1.36,0.68,0.0,0.0,0.33,0.0
John Renken,182.9,,86.2,Orthodox,,0.0,0.0,0.0,0.0,0.0,0.0,0.0,0.0
Marion Reneau,167.6,172.7,61.2,Orthodox,49.3,3.29,0.41,3.37,0.61,0.66,0.63,0.5,0.8
Herman Renting,182.9,,97.5,Switch,,0.0,0.0,0.0,0.0,0.0,0.0,0.0,0.0
Alex Reyes,180.3,185.4,77.1,Orthodox,40.0,4.56,0.46,8.35,0.38,0.0,0.0,0.0,0.0
Dominick Reyes,193.0,195.6,93.0,Southpaw,36.7,4.53,0.48,3.16,0.49,0.2,0.16,0.82,0.2
Marco Polo Reyes,180.3,180.3,70.3,Orthodox,41.9,6.0,0.37,5.52,0.59,0.0,0.0,0.46,0.0
Kyle Reyes,172.7,,65.8,,,0.0,0.0,0.0,0.0,0.0,0.0,0.0,0.0
Johnny Rhodes,182.9,,95.3,Orthodox,,0.0,0.0,0.0,0.0,0.0,0.0,0.0,0.0
Gaston Reyno,182.9,,65.8,,39.9,7.79,0.62,3.9,0.44,0.0,0.0,0.0,11.7
Victor Reyna,180.3,188.0,77.1,Southpaw,40.1,5.8,0.63,4.75,0.42,0.0,0.0,1.0,0.0
Mike Rhodes,185.4,188.0,77.1,Orthodox,36.8,3.2,0.39,4.13,0.64,0.96,0.33,0.75,0.5
Lucrezia Ria,167.6,,56.7,Orthodox,34.2,4.07,0.46,4.4,0.45,1.0,0.33,0.0,0.0
Vitor Ribeiro,172.7,,69.9,Orthodox,47.6,1.0,0.28,1.95,0.48,1.58,0.26,1.0,1.2
Amanda Ribas,160.0,167.6,56.7,Orthodox,33.1,4.25,0.44,1.78,0.71,2.31,0.58,0.85,1.6
Will Ribeiro,172.7,,61.2,Orthodox,43.6,1.83,0.28,1.64,0.74,1.15,1.0,0.5,2.9
Mike Ricci,182.9,193.0,70.3,Southpaw,40.5,1.8,0.32,1.64,0.65,0.67,1.0,0.54,0.0
Alex Ricci,180.3,,70.3,Orthodox,44.2,2.48,0.41,2.53,0.64,0.0,0.0,0.64,0.0
Matt Ricehouse,,,70.3,,39.5,3.7,0.44,4.8,0.47,1.0,0.22,0.81,0.0
John Richard,,,93.0,,44.3,0.0,0.0,0.0,0.0,0.0,0.0,0.0,0.0
Mike Richman,172.7,,61.2,,41.3,4.06,0.44,3.49,0.43,0.0,0.0,0.76,0.0
Rex Richards,195.6,,120.2,,,17.65,0.58,5.29,0.72,0.0,0.0,0.0,0.0
Dave Rickels,180.3,,70.3,,37.7,4.29,0.59,5.53,0.42,0.0,0.0,0.25,0.0
Brad Riddell,170.2,180.3,70.3,Orthodox,35.0,4.36,0.5,2.62,0.53,1.0,0.37,0.6,0.0
Jeremiah Riggs,182.9,,83.9,,43.8,0.0,0.0,0.0,0.0,0.0,0.0,0.0,0.0
Matthew Riddle,185.4,193.0,77.1,Southpaw,40.7,3.01,0.42,2.74,0.54,3.51,0.5,0.89,0.5
Jason Riley,198.1,,111.1,,51.0,0.0,0.0,9.68,0.33,0.0,0.0,0.5,0.0
Joe Riggs,182.9,177.8,83.9,Southpaw,44.0,2.41,0.51,1.69,0.57,2.45,0.55,0.62,0.6
Aaron Riley,172.7,175.3,70.3,Southpaw,45.8,3.45,0.34,3.78,0.61,1.18,0.34,0.6,0.1
Moise Rimbon,177.8,,93.0,Orthodox,49.4,0.8,0.34,1.0,0.71,1.0,0.5,0.37,0.0
Jordan Rinaldi,177.8,182.9,65.8,Orthodox,39.0,1.56,0.35,2.32,0.59,1.45,0.35,0.2,1.2
Nick Ring,182.9,188.0,83.9,Southpaw,47.6,3.52,0.42,3.48,0.62,1.36,0.36,0.52,0.3
Albert Rios,172.7,,65.8,,,0.0,0.0,0.0,0.0,0.0,0.0,0.0,0.0
Mike Rio,177.8,177.8,70.3,Orthodox,45.2,1.68,0.39,2.99,0.53,2.58,0.27,0.0,1.0
Shannon Ritch,175.3,,86.2,Orthodox,56.0,1.0,1.0,6.0,0.5,0.0,0.0,0.0,0.0
Rafael Rios,,,68.0,,,0.0,0.0,0.0,0.0,0.0,0.0,0.0,0.0
Maria Rios,165.1,,56.7,,43.3,2.93,0.34,4.13,0.56,2.0,0.5,1.0,0.0
Diego Rivas,172.7,175.3,65.8,Orthodox,34.9,1.37,0.4,2.14,0.52,1.79,0.6,0.64,0.9
Jorge Rivera,185.4,185.4,83.9,Orthodox,54.6,3.16,0.48,2.64,0.54,0.84,0.5,0.63,0.1
Dante Rivera,185.4,,83.9,Southpaw,51.8,2.27,0.53,4.0,0.25,0.0,0.0,0.16,0.0
Mario Rivera,177.8,,77.1,,,0.0,0.0,8.41,0.2,0.0,0.0,0.0,0.0
Jonathan Rivera,,,70.3,,,4.36,0.49,3.9,0.6,0.0,0.0,0.0,0.0
Francisco Rivera,172.7,177.8,61.2,Orthodox,45.0,4.07,0.41,3.16,0.68,1.01,0.63,0.68,0.6
Irwin Rivera,167.6,170.2,61.2,Southpaw,37.6,3.36,0.44,5.07,0.57,1.0,0.16,0.7,0.0
Jimmie Rivera,162.6,172.7,61.2,Orthodox,37.2,4.03,0.4,3.9,0.6,0.88,0.27,0.92,0.1
Jerome Rivera,177.8,182.9,65.8,Southpaw,31.4,3.08,0.34,2.47,0.51,0.0,0.0,0.4,0.0
Nicdali Rivera-Calanoc,160.0,,47.6,,41.3,1.82,0.2,2.42,0.78,0.0,0.0,0.0,0.0
Pedro Rizzo,185.4,,109.3,Orthodox,52.4,1.93,0.34,3.02,0.5,0.26,0.28,0.78,0.0
Kali Robbins,160.0,160.0,52.2,Orthodox,42.2,3.73,0.46,9.4,0.44,2.0,0.33,0.0,0.0
Justin Robbins,165.1,,61.2,,46.2,0.67,0.37,3.2,0.47,0.0,0.0,0.0,0.0
Karl Roberson,185.4,188.0,83.9,Southpaw,36.0,3.0,0.51,2.42,0.57,0.99,0.57,0.5,0.8
David Roberts,185.4,,77.1,Orthodox,50.9,0.0,0.0,0.0,0.0,0.0,0.0,0.0,0.0
Andre Roberts,188.0,,156.5,Orthodox,61.6,0.0,0.0,0.0,0.0,0.0,0.0,0.0,0.0
Joey Roberts,188.0,,90.7,,,0.0,0.0,0.0,0.0,0.0,0.0,0.0,0.0
Tyrone Roberts,175.3,,83.9,Orthodox,,0.0,0.0,0.0,0.0,0.0,0.0,0.0,0.0
Ryan Roberts,167.6,,70.3,Orthodox,48.2,0.0,0.0,22.5,0.45,0.0,0.0,0.0,0.0
Taylor Roberts,180.3,,77.1,,,0.0,0.0,0.0,0.0,0.0,0.0,0.0,0.0
Buddy Roberts,188.0,,83.9,Orthodox,43.9,2.17,0.34,2.08,0.7,0.0,0.0,0.76,0.7
Danny Roberts,185.4,188.0,77.1,Southpaw,39.2,3.41,0.44,3.08,0.55,0.18,0.06,0.53,0.4
Daniel Roberts,177.8,188.0,77.1,Southpaw,46.1,0.73,0.2,2.27,0.46,2.46,0.44,0.4,2.5
Roosevelt Roberts,188.0,185.4,70.3,Orthodox,32.6,3.03,0.49,2.27,0.52,1.75,0.53,0.58,1.1
Kenny Robertson,177.8,188.0,77.1,Orthodox,42.6,3.72,0.47,3.02,0.52,1.37,0.26,0.57,0.8
Chad Robichaux,162.6,,61.2,,51.1,0.0,0.0,0.0,0.0,0.0,0.0,0.0,0.0
Gillian Robertson,165.1,160.0,56.7,Orthodox,31.4,2.05,0.51,2.1,0.51,2.64,0.46,0.0,0.9
Mark Robinson,182.9,,120.2,Orthodox,,0.0,0.0,5.8,0.13,0.0,0.0,0.0,0.0
Colin Robinson,193.0,,110.2,Orthodox,57.8,6.19,0.69,7.91,0.37,2.58,1.0,0.5,5.2
Alvin Robinson,175.3,172.7,70.3,Southpaw,44.2,1.57,0.5,1.29,0.51,1.24,0.5,0.25,1.2
Damonte Robinson,182.9,195.6,70.3,,31.3,0.0,0.0,0.0,0.0,0.0,0.0,0.0,0.0
Vagner Rocha,177.8,185.4,70.3,Orthodox,44.3,2.64,0.42,4.5,0.48,1.4,0.33,0.5,1.9
Carlos Eduardo Rocha,177.8,185.4,77.1,Orthodox,45.2,1.24,0.34,1.85,0.55,0.0,0.0,0.52,1.4
Keith Rockel,182.9,,83.9,Orthodox,,1.13,0.73,0.21,0.66,4.63,0.75,1.0,4.6
Luke Rockhold,190.5,195.6,93.0,Southpaw,41.9,4.18,0.48,2.43,0.56,0.67,0.3,0.68,1.1
Bruno Rodrigues,167.6,,61.2,,35.2,2.01,0.34,3.42,0.4,0.0,0.0,0.25,0.0
Kevin Roddy,180.3,,65.8,,,2.64,0.3,2.38,0.6,0.0,0.0,0.5,0.0
Gregory Rodrigues,190.5,190.5,83.9,Orthodox,34.6,6.04,0.56,7.77,0.52,0.0,0.0,0.0,0.0
Paul Rodriguez,170.2,,70.3,Orthodox,,0.84,1.0,1.68,0.68,0.0,0.0,0.5,0.0
Manuel Rodriguez,175.3,,77.1,Orthodox,41.4,0.81,0.33,3.23,0.38,9.09,0.75,0.0,0.0
Ricco Rodriguez,193.0,,120.2,Orthodox,49.1,1.85,0.51,1.15,0.61,2.3,0.39,0.4,1.0
Yair Rodriguez,180.3,180.3,65.8,Orthodox,34.0,4.33,0.45,3.13,0.57,0.9,0.29,0.63,0.9
Marina Rodriguez,167.6,165.1,52.2,Orthodox,39.4,4.86,0.5,3.16,0.53,0.36,0.33,0.59,0.2
Daniel Rodriguez,185.4,188.0,77.1,Southpaw,39.7,7.68,0.46,6.12,0.57,1.34,0.62,0.9,0.3
Mike Rodriguez,193.0,208.3,93.0,Southpaw,37.8,4.61,0.59,3.39,0.4,0.0,0.0,0.41,0.0
Ray Rodriguez,170.2,177.8,61.2,Orthodox,38.8,0.9,0.27,3.89,0.4,1.42,0.5,0.44,0.0
Luis Rodriguez,167.6,165.1,56.7,Orthodox,27.4,1.27,0.37,3.2,0.54,2.0,0.5,1.0,2.0
Drako Rodriguez,172.7,175.3,61.2,Orthodox,30.3,2.57,0.35,2.57,0.26,2.75,1.0,0.0,2.8
Victor Rodriguez,165.1,170.2,61.2,Switch,34.0,2.17,0.46,6.14,0.5,0.0,0.0,0.0,0.0
Nick Roehrick,188.0,,93.0,Orthodox,39.2,2.31,0.17,6.92,0.44,0.0,0.0,0.0,0.0
Brett Rogers,195.6,205.7,120.2,Orthodox,45.6,3.17,0.44,3.2,0.46,0.0,0.0,0.58,0.0
Max Rohskopf,185.4,180.3,70.3,Orthodox,32.0,1.7,0.31,5.8,0.42,3.0,0.33,0.0,1.5
Brian Rogers,180.3,,83.9,,42.6,4.79,0.38,5.76,0.58,1.22,0.5,1.0,0.6
Marcos Rogerio de Lima,185.4,190.5,114.8,Orthodox,41.2,3.78,0.54,2.53,0.54,0.71,0.6,0.43,0.7
Pete Rogers Jr.,182.9,,65.8,,,0.66,0.15,1.71,0.65,0.0,0.0,0.0,0.0
Marcelo Rojo,172.7,180.3,65.8,Orthodox,38.2,5.1,0.36,7.3,0.51,1.03,0.5,1.0,0.0
Shane Roller,177.8,182.9,70.3,Orthodox,47.2,2.04,0.34,2.65,0.6,2.46,0.33,0.42,1.9
Tim Roman,185.4,,77.1,,41.3,0.6,0.4,2.4,0.4,1.0,1.0,0.16,0.0
Jared Rollins,175.3,,77.1,Orthodox,49.7,3.33,0.57,2.41,0.39,2.5,0.5,0.5,1.2
Alexandr Romanov,188.0,190.5,118.8,Southpaw,35.8,4.31,0.39,1.76,0.43,6.35,0.66,0.0,3.2
Ricardo Romero,182.9,193.0,93.0,Orthodox,48.4,2.17,0.55,4.77,0.46,1.63,0.1,1.0,3.3
Yoel Romero,182.9,185.4,83.9,Southpaw,49.4,3.44,0.49,3.05,0.6,1.57,0.3,0.78,0.0
Anthony Romero,180.3,177.8,70.3,Orthodox,29.6,5.87,0.52,4.0,0.65,2.0,0.22,1.0,0.0
Mara Romero Borella,167.6,175.3,56.7,Orthodox,40.3,2.54,0.37,2.48,0.71,1.83,0.44,0.66,0.2
Rong Zhu,,,61.2,,26.5,0.0,0.0,0.0,0.0,0.0,0.0,0.0,0.0
Jesse Ronson,177.8,177.8,77.1,Southpaw,40.7,3.54,0.49,2.99,0.59,0.63,0.4,0.61,0.6
Joao Roque,167.6,,70.3,Orthodox,55.2,0.0,0.0,0.0,0.0,0.0,0.0,0.0,0.0
George Roop,185.4,182.9,61.2,Orthodox,44.9,3.43,0.34,2.47,0.6,1.05,0.57,0.59,0.1
Aaron Rosa,193.0,195.6,93.0,Orthodox,43.3,4.03,0.47,4.41,0.45,0.36,0.33,0.85,0.4
Charles Rosa,175.3,175.3,65.8,Switch,40.1,3.11,0.37,3.78,0.48,1.76,0.32,0.4,1.0
Karol Rosa,165.1,170.2,61.2,Orthodox,31.7,7.73,0.52,5.51,0.48,2.0,0.6,0.9,0.0
Hilarie Rose,160.0,160.0,52.2,Orthodox,33.9,2.33,0.33,6.13,0.44,0.0,0.0,1.0,0.0
Jacob Rosales,180.3,,70.3,Orthodox,31.2,6.76,0.49,12.0,0.41,0.0,0.0,0.5,1.3
Jake Rosholt,185.4,,83.9,Orthodox,44.6,2.68,0.53,2.33,0.49,6.51,0.68,0.0,1.8
Jared Rosholt,188.0,190.5,120.2,Orthodox,40.1,2.08,0.46,1.52,0.59,1.83,0.41,0.66,0.1
Zach Rosol,,,110.2,,,0.0,0.0,14.21,0.25,0.0,0.0,0.0,0.0
Nick Rossborough,195.6,,93.0,,44.8,2.8,0.35,4.33,0.35,0.0,0.0,1.0,0.0
Kevin Rosier,193.0,,124.7,Orthodox,,0.0,0.0,0.0,0.0,0.0,0.0,0.0,0.0
Kristian Rothaermel,182.9,,93.0,Open Stance,54.6,0.75,0.5,2.49,0.41,0.0,0.0,0.0,0.0
Rick Roufus,182.9,,93.9,Southpaw,,0.53,0.33,1.06,0.33,0.0,0.0,0.5,0.0
Ben Rothwell,193.0,198.1,120.2,Orthodox,44.9,3.55,0.41,4.57,0.46,0.63,0.33,0.69,0.3
Khalil Rountree Jr.,185.4,193.0,93.0,Southpaw,36.6,3.06,0.38,3.63,0.49,0.0,0.0,0.5,0.2
Ronda Rousey,170.2,167.6,61.2,Orthodox,39.6,4.17,0.52,4.14,0.44,6.26,0.68,0.5,4.8
Ray Routh,172.7,,83.9,Orthodox,,0.54,0.21,3.22,0.28,2.69,0.33,0.0,0.0
Roberta Rovel,172.7,,65.8,,,0.87,0.46,3.0,0.26,0.0,0.0,1.0,0.0
Philip Rowe,190.5,203.2,77.1,Orthodox,36.2,4.99,0.6,5.34,0.51,1.19,0.33,0.25,0.0
Kain Royer,,,83.9,,,0.0,0.0,1.63,0.14,0.0,0.0,0.0,4.1
Brad Royster,,,61.2,,,0.0,0.0,0.0,0.0,0.0,0.0,0.0,0.0
Brandon Royval,175.3,172.7,56.7,Southpaw,34.1,3.77,0.46,2.88,0.47,0.79,1.0,0.53,2.4
Jairzinho Rozenstruik,193.0,198.1,109.8,Orthodox,38.5,3.14,0.48,3.48,0.39,0.0,0.0,0.8,0.0
Marco Ruas,185.4,,95.3,Orthodox,65.7,0.0,0.0,0.0,0.0,0.0,0.0,0.0,0.0
Rodrigo Ruas,177.8,,83.9,Orthodox,49.0,1.28,0.35,7.0,0.41,0.0,0.0,0.0,0.0
Murilo Rua,180.3,,83.9,Orthodox,46.3,2.48,0.45,1.85,0.53,1.97,0.45,0.37,1.2
Rodolfo Rubio Perez,165.1,,65.8,Orthodox,39.6,1.13,0.36,1.0,0.62,2.0,0.33,0.33,0.0
Mauricio Rua,185.4,193.0,93.0,Orthodox,44.8,3.57,0.5,2.71,0.54,2.12,0.48,0.47,0.8
Gabe Ruediger,177.8,,70.3,Orthodox,49.1,1.7,0.31,5.16,0.41,2.04,0.11,0.28,0.0
Eddie Ruiz,170.2,,70.3,Orthodox,59.3,0.2,0.25,1.4,0.47,2.0,0.12,0.0,0.0
Anthony Ruiz,188.0,,93.0,Orthodox,48.9,2.56,0.64,1.67,0.28,1.43,0.31,0.21,0.0
Casey Ryan,,,83.9,,,0.0,0.0,0.0,0.0,0.0,0.0,0.0,0.0
Mike Russow,185.4,185.4,115.7,Orthodox,50.0,1.55,0.47,2.9,0.59,4.66,0.43,0.0,0.7
Bas Rutten,185.4,,93.0,Orthodox,61.6,5.59,0.61,2.06,0.79,0.0,0.0,0.0,0.0
Pete Sabala,,,61.2,,,0.0,0.0,0.0,0.0,0.0,0.0,0.0,0.0
Yusup Saadulaev,167.6,,61.2,,41.5,0.57,0.45,0.96,0.66,5.73,0.6,0.0,1.0
Danny Sabatello,177.8,180.3,61.2,Orthodox,33.5,2.07,0.57,0.2,0.25,3.0,0.75,1.0,1.0
Patrick Sabatini,172.7,177.8,65.8,Orthodox,35.9,0.0,0.0,0.0,0.0,0.0,0.0,0.0,0.0
Amir Sadollah,177.8,190.5,77.1,Orthodox,46.1,4.71,0.46,3.55,0.6,0.57,0.27,0.6,0.3
Saparbeg Safarov,185.4,198.1,83.9,Orthodox,39.9,4.03,0.48,2.96,0.47,2.52,0.41,0.33,0.0
Frankie Saenz,167.6,167.6,61.2,Orthodox,46.1,3.94,0.47,3.5,0.52,1.74,0.31,0.61,0.1
Jason Saggo,180.3,180.3,70.3,Orthodox,40.8,2.5,0.39,2.94,0.52,2.33,0.4,0.23,0.0
Tarec Saffiedine,177.8,177.8,77.1,Switch,40.0,4.05,0.47,3.06,0.62,0.52,0.36,0.84,0.1
Lukasz Sajewski,172.7,180.3,70.3,Orthodox,35.8,2.06,0.35,3.88,0.57,1.01,0.25,0.66,0.0
Ovince Saint Preux,190.5,203.2,93.0,Southpaw,43.5,2.68,0.46,3.03,0.45,1.19,0.4,0.66,0.6
Paul Ruiz,167.6,,61.2,,39.3,1.4,0.33,1.4,0.75,0.0,0.0,1.0,20.9
Yukio Sakaguchi,175.3,,83.9,Orthodox,53.2,0.3,0.25,2.4,0.5,4.5,1.0,0.0,9.0
Wataru Sakata,175.3,,88.5,Southpaw,53.5,1.11,0.61,2.08,0.31,0.0,0.0,0.0,0.0
Augusto Sakai,190.5,195.6,120.2,Orthodox,35.4,5.32,0.48,4.02,0.5,0.15,0.5,0.66,0.0
Gokhan Saki,182.9,185.4,93.0,Orthodox,42.9,7.09,0.58,4.57,0.53,0.0,0.0,1.0,0.0
Alessio Sakara,182.9,182.9,83.9,Orthodox,45.1,3.96,0.47,2.8,0.59,2.18,0.78,0.62,0.0
Ryuta Sakurai,170.2,,83.0,Orthodox,,1.8,0.48,3.44,0.58,0.52,1.0,0.36,1.6
Kazushi Sakuraba,182.9,,83.9,Southpaw,57.2,1.26,0.41,2.03,0.51,1.26,0.31,0.48,1.7
Justin Salas,172.7,177.8,70.3,Southpaw,44.5,3.42,0.43,2.96,0.68,2.43,0.2,0.0,0.0
Hayato Sakurai,170.2,,76.2,Orthodox,51.1,2.45,0.49,1.94,0.59,1.87,0.69,0.56,0.3
Luis Saldana,180.3,185.4,65.8,Orthodox,35.7,7.17,0.59,1.21,0.78,0.0,0.0,0.0,0.0
Ivan Salaverry,182.9,,83.9,Orthodox,55.7,3.01,0.47,1.19,0.76,0.49,0.18,0.36,2.5
John Salgado,177.8,,77.1,,,0.99,0.5,1.86,0.4,0.0,0.0,0.5,0.0
Roman Salazar,170.2,,61.2,Orthodox,38.6,1.95,0.39,2.89,0.57,1.77,0.18,0.5,0.0
Brandon Saling,177.8,,77.1,,40.7,2.88,0.4,6.08,0.2,0.0,0.0,0.57,0.0
Muslim Salikhov,180.3,177.8,77.1,Orthodox,42.3,2.85,0.46,2.29,0.67,0.87,0.3,0.8,0.0
Sean Salmon,177.8,,83.9,Southpaw,49.0,1.49,0.33,2.03,0.65,4.06,0.5,0.0,0.0
Gabriel Salinas-Jones,185.4,,111.1,,41.8,0.0,0.0,0.0,0.0,0.0,0.0,0.0,0.0
Boston Salmon,175.3,175.3,61.2,Southpaw,35.8,4.13,0.37,7.75,0.59,0.0,0.0,1.0,0.0
Johnny Sampaio,172.7,,77.1,Orthodox,51.0,1.32,0.4,2.64,0.5,9.89,0.5,0.0,9.9
John Salter,185.4,188.0,83.9,Southpaw,41.5,1.68,0.32,1.68,0.68,2.85,0.46,0.66,0.5
Josh Samman,190.5,200.7,83.9,Orthodox,38.5,2.08,0.52,2.47,0.34,1.09,0.33,0.33,0.4
Josh San Diego,177.8,,61.2,,,0.0,0.0,0.0,0.0,0.0,0.0,0.0,0.0
Josh Sampo,162.6,162.6,56.7,Orthodox,42.2,1.99,0.36,2.96,0.55,1.06,0.33,0.4,2.1
Eddie Sanchez,188.0,188.0,104.3,Orthodox,43.9,3.45,0.43,3.3,0.43,1.13,0.26,0.42,0.0
Julian Sanchez,190.5,,136.1,Orthodox,,0.0,0.0,0.0,0.0,0.0,0.0,0.0,0.0
Bobby Sanchez,170.2,,70.3,Orthodox,,0.0,0.0,0.0,1.0,0.0,0.0,1.0,0.0
Donald Sanchez,177.8,,65.8,,42.1,0.58,0.5,1.16,0.55,0.0,0.0,0.5,0.0
Diego Sanchez,177.8,182.9,77.1,Southpaw,44.7,2.69,0.37,3.02,0.56,1.51,0.24,0.46,0.8
Joby Sanchez,167.6,172.7,61.2,Orthodox,35.2,3.22,0.36,2.82,0.63,0.95,0.71,0.51,0.4
Emmanuel Sanchez,175.3,180.3,65.8,,36.1,4.45,0.35,4.17,0.55,0.25,0.06,0.16,0.5
Jesse Sanders,182.9,,77.1,Orthodox,,0.0,0.0,6.45,0.35,0.0,0.0,0.5,0.0
Erick Sanchez,177.8,,65.8,,36.0,0.0,0.0,0.0,0.0,0.0,0.0,0.0,0.0
Andrew Sanchez,185.4,188.0,83.9,Orthodox,38.5,4.48,0.42,5.05,0.51,1.92,0.31,1.0,0.0
Robert Sanchez,167.6,167.6,56.7,Orthodox,40.6,0.96,0.4,1.78,0.46,3.61,0.62,0.5,0.7
Jerrod Sanders,172.7,182.9,61.2,Orthodox,47.0,0.88,0.64,1.14,0.46,2.2,0.33,0.5,1.6
Cory Sandhagen,180.3,177.8,61.2,Switch,34.4,6.85,0.48,3.89,0.59,1.07,0.5,0.3,0.5
Luke Sanders,167.6,170.2,61.2,Southpaw,40.8,6.21,0.51,4.11,0.53,0.31,0.2,0.66,0.3
Hugo Sandoval,,,61.2,,,0.0,0.0,0.0,0.0,0.0,0.0,0.0,0.0
Joseph Sandoval,170.2,,61.2,Southpaw,40.4,1.82,0.42,12.12,0.6,0.0,0.0,0.0,0.0
Hector Sandoval,157.5,162.6,56.7,Orthodox,40.2,3.31,0.52,2.33,0.65,3.49,0.25,0.71,1.4
Raul Sandoval,,,59.0,,,0.0,0.0,0.0,0.0,0.0,0.0,0.0,0.0
Chris Sanford,180.3,,83.9,Orthodox,58.5,0.23,0.5,3.22,0.17,0.0,0.0,0.0,3.5
Jonathan Santa Maria,175.3,,56.7,,,3.6,0.51,2.53,0.74,0.0,0.0,0.8,0.0
Roldan Sangcha'an,162.6,,56.7,Orthodox,35.8,2.71,0.46,2.15,0.51,1.94,0.6,0.68,0.0
Yuhi Sano,180.3,,110.2,Orthodox,61.6,0.0,0.0,0.0,0.0,0.0,0.0,0.0,0.0
Duda Santana,170.2,185.4,65.8,Orthodox,30.7,6.01,0.39,2.72,0.73,6.44,0.6,0.0,0.0
Sean Santella,165.1,,56.7,,41.9,0.0,0.0,0.0,0.0,0.0,0.0,0.0,0.0
Will Santiago,170.2,,83.9,Orthodox,43.6,1.47,0.39,5.53,0.56,1.0,0.5,1.0,0.0
Mike Santiago,177.8,175.3,65.8,Orthodox,37.2,3.44,0.49,3.58,0.36,2.66,0.5,0.53,1.1
Shaheen Santana,185.4,190.5,70.3,Orthodox,35.3,0.82,0.42,1.65,0.4,0.0,0.0,0.0,2.8
Jorge Santiago,185.4,190.5,77.1,Orthodox,46.0,1.69,0.35,2.62,0.56,0.58,0.3,0.52,0.8
Richie Santiago,170.2,170.2,61.2,Southpaw,34.0,3.87,0.49,4.87,0.42,0.0,0.0,0.25,0.0
Jose Santibanez,,,70.3,,46.7,0.0,0.0,0.0,0.0,0.0,0.0,0.0,0.0
Art Santore,188.0,,83.9,,53.9,1.4,0.12,7.31,0.52,0.0,0.0,1.0,0.0
Adriano Santos,,,,,,0.0,0.0,0.0,0.0,0.0,0.0,0.0,0.0
Luis Santos,185.4,,77.1,Southpaw,,4.4,0.57,4.0,0.64,0.0,0.0,0.0,0.0
Iliarde Santos,165.1,170.2,56.7,Orthodox,46.0,3.0,0.3,6.1,0.57,1.66,0.23,0.83,0.0
Paulo Santos,,,,,,0.0,0.0,0.0,0.0,0.0,0.0,0.0,0.0
Thiago Santos,188.0,193.0,93.0,Orthodox,42.7,4.27,0.48,2.33,0.55,0.7,0.38,0.66,0.1
Evangelista Santos,177.8,193.0,77.1,Orthodox,48.8,3.94,0.36,6.01,0.49,0.78,1.0,0.5,0.4
Leonardo Santos,182.9,190.5,70.3,Orthodox,46.6,2.65,0.44,2.77,0.58,1.07,0.29,0.89,0.3
Bruno Santos,175.3,,83.9,Orthodox,39.2,1.18,0.46,2.27,0.56,3.0,0.37,0.66,0.3
Andre Santos,182.9,,77.1,,,2.77,0.34,4.17,0.41,2.5,0.29,0.75,0.0
Gleristone Santos,175.3,,65.8,,38.1,3.4,0.31,4.4,0.64,0.0,0.0,0.75,0.0
Taila Santos,167.6,172.7,56.7,Orthodox,33.3,3.52,0.48,2.22,0.59,2.0,0.8,0.85,1.0
Marilia Santos,162.6,,56.7,Orthodox,33.8,4.4,0.54,4.07,0.53,1.0,1.0,0.66,1.0
Nick Sanzo,175.3,,86.2,,,0.0,0.0,0.0,0.0,0.0,0.0,0.0,0.0
Bob Sapp,195.6,,158.8,Orthodox,52.0,3.19,0.55,1.88,0.49,0.58,1.0,0.72,0.0
Diego Saraiva,167.6,,70.3,Orthodox,44.4,1.64,0.32,3.58,0.62,1.33,0.4,0.0,0.7
Daniel Sarafian,175.3,185.4,83.9,Orthodox,44.1,2.23,0.46,3.1,0.58,0.36,0.07,0.53,0.7
Harris Sarmiento,175.3,,70.3,Orthodox,43.0,0.84,0.25,3.46,0.36,2.36,0.6,0.57,0.0
Alexander Sarnavskiy,180.3,,70.3,,37.7,1.43,0.66,2.06,0.42,0.0,0.0,0.75,0.0
Yuki Sasaki,188.0,,83.9,Orthodox,50.0,1.09,0.43,1.2,0.57,0.43,1.0,0.66,0.0
Kyosuke Sasaki,170.2,,83.0,Southpaw,,0.33,0.45,0.93,0.46,0.0,0.0,0.0,0.0
Yuta Sasaki,177.8,180.3,56.7,Southpaw,37.0,2.16,0.41,2.5,0.5,3.03,0.43,0.41,1.2
Paul Sass,182.9,185.4,70.3,Orthodox,38.1,0.53,0.26,1.9,0.51,0.53,0.16,0.33,7.4
Masaaki Satake,185.4,,99.8,Orthodox,61.1,1.4,0.35,3.76,0.41,0.0,0.0,0.58,0.0
Takenori Sato,177.8,,77.1,Southpaw,41.3,0.46,0.33,12.92,0.09,0.0,0.0,0.0,0.0
Takashi Sato,177.8,185.4,77.1,Southpaw,36.3,3.16,0.37,4.81,0.5,0.53,0.5,0.75,0.0
Tom Sauer,185.4,,119.3,,55.9,0.0,0.0,0.0,0.0,0.0,0.0,0.0,0.0
Jeimeson Saudino,167.6,,61.2,,35.6,0.66,0.3,0.82,0.84,2.47,0.5,0.0,2.5
Townsend Saunders,165.1,,77.1,Orthodox,,0.0,0.0,0.0,0.0,0.0,0.0,0.0,0.0
Ben Saunders,188.0,195.6,77.1,Orthodox,43.4,3.23,0.5,3.58,0.51,0.2,0.4,0.66,1.3
Chris Saunders,172.7,,70.3,,40.5,1.48,0.22,2.96,0.75,3.7,1.0,0.0,0.0
Chad W. Saunders,177.8,,77.1,Orthodox,,0.0,0.0,0.0,0.0,0.0,0.0,0.0,0.0
Lumumba Sayers,182.9,,83.9,,48.2,2.54,0.41,2.37,0.48,7.63,0.75,0.0,2.5
Matt Sayles,170.2,172.7,65.8,Orthodox,32.6,5.44,0.42,3.13,0.61,0.0,0.0,0.81,0.4
Brandon Sayles,195.6,,120.2,,45.4,0.0,0.0,0.0,0.0,0.0,0.0,0.0,0.0
Mark Scanlon,175.3,,77.1,Orthodox,,2.2,0.35,3.33,0.48,3.0,0.75,0.25,2.0
Eric Schafer,190.5,193.0,83.9,Orthodox,49.0,1.89,0.34,3.38,0.56,1.81,0.36,0.5,1.8
Brendan Schaub,193.0,198.1,111.1,Orthodox,43.5,2.92,0.37,2.22,0.57,2.32,0.46,0.72,0.4
Kerry Schall,188.0,,120.2,Orthodox,55.1,0.94,0.11,4.84,0.63,0.0,0.0,0.0,0.0
Eric Schambari,180.3,,83.9,Orthodox,48.4,1.43,0.42,1.07,0.54,3.0,0.42,0.0,1.0
Matheus Scheffel,188.0,,93.0,,34.5,0.0,0.0,0.0,0.0,0.0,0.0,0.0,0.0
Antonio Schembri,175.3,,93.0,Orthodox,52.3,0.72,0.26,2.12,0.55,1.31,0.4,0.0,0.4
Fabiano Scherner,190.5,,116.6,Orthodox,54.2,1.31,0.31,3.2,0.38,1.09,0.33,0.4,0.0
Joe Schilling,190.5,,83.9,,,2.84,0.52,2.64,0.48,0.0,0.0,0.44,0.0
Samy Schiavo,172.7,,70.3,Orthodox,50.7,1.68,0.34,2.62,0.38,0.94,0.5,0.66,0.9
Semmy Schilt,208.3,,120.2,Orthodox,52.9,1.2,0.5,1.31,0.53,0.0,0.0,0.47,1.1
Adam Schindler,172.7,,70.3,,43.3,0.0,0.0,0.0,0.0,0.0,0.0,0.0,0.0
Daniel Schmitt,,,83.9,,,0.0,0.0,0.0,0.0,0.0,0.0,0.0,0.0
Colleen Schneider,,,61.2,,,2.17,0.48,2.5,0.5,2.5,0.5,0.6,0.0
Matt Schnell,172.7,177.8,56.7,Orthodox,36.7,4.2,0.36,4.02,0.62,0.48,0.33,0.53,1.2
Darrill Schoonover,188.0,,99.8,Orthodox,41.2,1.2,0.33,4.35,0.38,0.0,0.0,0.5,1.1
Alex Schoenauer,190.5,,83.9,Orthodox,50.4,1.22,0.4,2.27,0.42,0.0,0.0,0.22,4.9
Bob Schrijber,182.9,,108.9,Orthodox,,0.0,0.0,0.0,0.0,0.0,0.0,0.0,0.0
Nate Schroeder,185.4,,104.3,,,0.0,0.0,0.0,0.0,0.0,0.0,0.0,0.0
Lacey Schuckman,160.0,,56.7,,,0.0,0.0,0.0,0.0,0.0,0.0,0.0,0.0
Mark Schultz,175.3,,90.7,Orthodox,,0.0,0.0,0.0,0.0,0.0,0.0,0.0,0.0
Brian Schwartz,190.5,,77.1,Orthodox,,1.27,0.44,0.87,0.45,0.0,0.0,0.5,1.0
Eric Schwartz,,,93.0,,,0.0,0.0,0.0,0.0,0.0,0.0,0.0,0.0
Justin Scoggins,170.2,167.6,56.7,Southpaw,34.4,3.56,0.51,2.16,0.55,3.42,0.63,0.82,0.5
Pat Schilling,172.7,,65.8,Orthodox,38.1,1.87,0.26,8.24,0.52,0.0,0.0,0.0,0.0
Brad Scott,185.4,193.0,77.1,Orthodox,37.2,3.52,0.41,4.31,0.57,0.32,0.15,0.63,0.7
Mike Seal,193.0,,83.9,Orthodox,,5.5,0.68,3.33,0.5,0.0,0.0,0.33,0.0
Greg Scott,175.3,,65.8,,,3.9,0.55,7.79,0.37,11.69,1.0,0.0,0.0
Kenneth Seegrist,182.9,,83.9,Orthodox,,3.21,0.66,1.28,0.0,0.0,0.0,0.4,14.4
Rony Sefo,175.3,,102.1,Orthodox,,0.0,0.0,0.43,0.0,0.0,0.0,0.0,0.0
Matt Secor,182.9,,77.1,,40.0,0.51,0.2,0.81,0.5,3.03,1.0,0.0,3.0
Neil Seery,162.6,162.6,56.7,Orthodox,47.1,3.56,0.41,3.79,0.58,0.78,0.27,0.53,1.6
Ray Sefo,182.9,,108.9,Orthodox,55.6,0.86,0.31,1.71,0.72,0.0,0.0,0.66,0.0
Brendan Seguin,182.9,,83.9,,50.2,2.6,0.45,0.6,0.84,5.0,0.62,1.0,0.0
Stefan Sekulic,182.9,190.5,77.1,Southpaw,34.6,1.47,0.37,2.4,0.57,1.0,0.2,0.33,0.0
Pete Sell,180.3,190.5,77.1,Orthodox,44.1,2.6,0.42,3.65,0.51,0.91,0.21,0.47,0.9
Andrei Semenov,182.9,,83.9,Orthodox,49.3,0.78,0.15,2.44,0.6,1.74,0.8,0.55,0.4
Brandon Sene,180.3,,93.0,,45.3,0.0,0.0,0.0,0.0,0.0,0.0,0.0,0.0
Matthew Semelsberger,185.4,190.5,77.1,Switch,33.8,7.93,0.5,5.31,0.56,1.97,1.0,1.0,1.0
Kim In Seok,167.6,,65.8,Orthodox,,0.87,0.37,5.19,0.6,0.0,0.0,0.0,0.0
Mackens Semerzier,175.3,182.9,65.8,Orthodox,45.9,2.91,0.45,3.48,0.46,2.14,0.5,0.5,2.1
Ray Seraille,190.5,,111.6,,,5.29,0.27,17.65,0.41,0.0,0.0,0.0,0.0
Alex Serdyukov,188.0,188.0,77.1,Orthodox,46.3,4.94,0.48,3.1,0.46,1.84,0.55,0.67,1.8
Ivan Serati,182.9,,93.0,Orthodox,,0.86,0.26,5.33,0.29,0.0,0.0,0.0,0.0
Nicholas Sergiacomi,,,77.1,,,4.38,0.55,3.94,0.59,0.0,0.0,0.0,0.0
Adrian Serrano,172.7,,77.1,,62.8,0.0,0.0,0.0,0.0,0.0,0.0,0.0,0.0
Nick Serra,175.3,,77.1,Orthodox,48.5,0.0,0.0,1.73,0.43,1.0,0.1,0.0,2.0
Fredy Serrano,160.0,165.1,56.7,Orthodox,47.0,1.58,0.26,1.89,0.61,2.84,0.25,0.84,0.0
Carl Seumanutafa,185.4,,115.7,Orthodox,,0.0,0.0,3.33,0.75,0.0,0.0,0.0,0.0
Matt Serra,167.6,172.7,77.1,Orthodox,52.3,1.98,0.39,2.64,0.46,2.05,0.2,0.38,0.9
Scott Shaffer,170.2,,65.8,Orthodox,,2.4,0.67,0.53,0.5,0.0,0.0,0.72,3.0
Dan Severn,188.0,,113.4,Southpaw,68.3,0.0,0.0,0.0,0.0,0.0,0.0,0.0,0.0
Rosi Sexton,160.0,,61.2,Orthodox,49.2,3.31,0.39,7.42,0.41,0.75,0.1,0.8,0.0
Leon Shahbazyan,193.0,188.0,77.1,Orthodox,30.8,6.33,0.52,8.18,0.32,1.46,0.5,0.0,0.0
Edmen Shahbazyan,188.0,188.0,83.9,Orthodox,28.8,3.85,0.51,4.31,0.49,4.44,0.4,0.58,0.5
Liliya Shakirova,162.6,165.1,56.7,Orthodox,34.9,2.7,0.3,2.58,0.74,0.0,0.0,0.0,0.0
Kamal Shalorus,172.7,172.7,70.3,Orthodox,54.1,3.06,0.32,2.99,0.7,2.07,0.5,0.8,0.0
Ken Shamrock,185.4,182.9,93.0,Orthodox,62.6,1.47,0.46,4.3,0.39,0.94,0.6,0.44,2.5
Frank Shamrock,177.8,,83.9,Orthodox,53.8,4.75,0.53,4.66,0.57,0.35,0.5,0.37,1.1
Eric Shelton,167.6,172.7,56.7,Orthodox,35.6,2.57,0.42,1.88,0.63,2.83,0.51,0.46,0.2
Jason Sharp,,,93.0,,,0.0,0.0,0.0,0.0,0.0,0.0,0.0,0.0
Chase Sherman,193.0,198.1,113.4,Orthodox,36.9,6.02,0.45,5.55,0.52,0.0,0.0,0.77,0.0
Sean Sherk,167.6,170.2,70.3,Orthodox,53.1,2.17,0.35,2.71,0.55,4.09,0.46,0.56,0.4
Antonina Shevchenko,172.7,170.2,56.7,Southpaw,41.8,4.09,0.56,2.51,0.54,0.65,0.6,0.56,0.7
Henrique Shiguemoto,180.3,182.9,83.9,Orthodox,37.3,3.6,0.33,6.0,0.16,0.0,0.0,0.5,0.0
Valentina Shevchenko,165.1,167.6,56.7,Southpaw,38.5,2.98,0.5,2.03,0.62,2.21,0.58,0.75,0.3
Shunichi Shimizu,165.1,,61.2,Orthodox,41.6,0.14,0.33,4.68,0.3,0.0,0.0,0.0,0.0
Jake Shields,182.9,182.9,77.1,Orthodox,47.7,2.45,0.36,1.8,0.56,2.83,0.29,0.35,1.2
Wade Shipp,190.5,,111.1,Orthodox,51.6,4.29,0.86,2.14,0.0,0.0,0.0,0.75,0.0
Raja Shippen,167.6,,65.8,,40.0,0.0,0.0,0.0,0.0,0.0,0.0,0.0,0.0
Yuya Shirai,172.7,,76.2,Orthodox,46.5,1.02,1.0,4.07,0.55,0.0,0.0,0.0,0.0
Wes Shivers,203.2,,,,,0.0,0.0,0.0,0.0,0.0,0.0,0.0,0.0
Alexander Shlemenko,180.3,,83.9,,42.3,4.36,0.6,1.71,0.63,0.0,0.0,0.0,0.0
Josh Shockley,185.4,,70.3,Orthodox,36.9,1.4,0.33,1.75,0.6,0.0,0.0,0.61,0.8
Josh Shockman,193.0,,106.6,Southpaw,45.7,0.87,0.32,0.87,0.58,0.0,0.0,0.23,0.0
Jack Shore,172.7,180.3,61.2,Orthodox,31.6,3.69,0.54,0.59,0.76,5.16,0.46,0.0,1.5
Akira Shoji,172.7,,88.5,Orthodox,52.6,1.03,0.34,2.63,0.53,1.79,0.73,0.82,0.4
Landon Showalter,182.9,,83.9,,50.3,0.0,0.0,0.0,0.0,0.0,0.0,0.0,0.0
Katsuyori Shibata,182.9,,76.2,Orthodox,46.9,2.06,0.35,2.4,0.53,0.49,0.5,0.53,0.7
Brandon Shuey,170.2,,70.3,Orthodox,50.6,0.68,0.33,1.36,0.0,0.0,0.0,0.0,10.2
Ivan Shtyrkov,182.9,188.0,93.0,Orthodox,38.3,0.0,0.0,0.0,0.0,0.0,0.0,0.0,0.0
Kiril Sidelnikov,180.3,,104.3,,38.1,2.87,0.28,4.48,0.61,0.0,0.0,0.0,0.0
Sam Sicilia,172.7,170.2,65.8,Orthodox,40.6,2.46,0.33,3.55,0.59,1.45,0.43,0.7,0.9
Steven Siler,180.3,177.8,65.8,Orthodox,39.6,3.21,0.41,2.96,0.54,0.47,0.21,0.55,1.6
Siala Siliga,185.4,,131.5,Orthodox,56.0,1.08,0.26,1.96,0.5,1.47,0.5,0.8,0.0
Assuerio Silva,177.8,,109.3,Orthodox,52.3,1.42,0.46,4.2,0.54,2.66,0.34,0.25,1.8
Xavier Siller,165.1,,56.7,,32.3,1.02,0.36,1.53,0.57,3.83,1.0,0.0,0.0
Thiago Silva,188.0,188.0,93.0,Orthodox,43.9,3.92,0.5,2.55,0.67,1.03,0.47,0.7,0.7
Jean Silva,167.6,,72.6,Orthodox,49.0,0.73,0.22,2.93,0.52,0.0,0.0,0.0,0.0
Paulo Cesar Silva,226.1,,174.6,Orthodox,63.2,0.4,0.15,2.72,0.47,0.42,1.0,0.16,0.4
Edson Silva,,,93.0,Orthodox,,2.69,0.14,5.37,0.5,0.0,0.0,0.0,0.0
Anderson Silva,188.0,195.6,83.9,Southpaw,51.4,3.05,0.61,2.05,0.6,0.5,0.77,0.69,0.8
Wanderlei Silva,180.3,188.0,93.0,Orthodox,50.2,2.79,0.4,2.19,0.6,0.97,0.53,0.62,0.6
Sidney Silva,190.5,,77.1,Southpaw,54.6,2.86,0.65,3.3,0.34,3.3,1.0,0.0,0.0
Jay Silva,188.0,,83.9,Southpaw,,1.13,0.34,3.07,0.4,0.0,0.0,0.38,1.0
Fabio Silva,180.3,,93.0,Orthodox,44.5,0.09,0.11,5.9,0.38,0.0,0.0,0.0,0.0
Leandro Silva,175.3,182.9,70.3,Orthodox,40.9,2.39,0.48,2.08,0.63,1.76,0.37,0.65,0.4
Claudio Silva,180.3,180.3,77.1,Southpaw,44.0,3.14,0.42,3.12,0.43,3.01,0.28,0.66,1.6
Wagner Silva,182.9,,77.1,Orthodox,39.6,1.69,0.29,2.87,0.65,0.0,0.0,0.58,0.0
Antonio Silva,193.0,208.3,119.7,Orthodox,47.0,2.89,0.45,3.09,0.5,0.82,0.29,0.66,0.8
Erick Silva,182.9,188.0,77.1,Orthodox,42.3,2.5,0.48,4.18,0.49,0.85,0.35,0.56,1.4
Rafael Silva,170.2,,61.2,,41.5,0.67,0.5,0.73,0.67,0.0,0.0,0.25,1.0
Joaquim Silva,172.7,175.3,70.3,Southpaw,37.6,3.92,0.37,4.43,0.56,0.24,0.5,0.64,0.7
Felipe Silva,182.9,195.6,70.3,Orthodox,42.4,5.4,0.5,1.8,0.59,1.0,1.0,0.71,0.0
Dayana Silva,170.2,,61.2,Orthodox,36.1,6.33,0.51,5.93,0.57,0.0,0.0,0.42,0.0
Jacob Silva,165.1,170.2,56.7,Orthodox,38.6,4.17,0.44,4.92,0.56,1.51,1.0,0.66,0.0
Gabriel Silva,167.6,180.3,61.2,Orthodox,32.1,1.3,0.34,3.47,0.45,1.5,0.25,0.38,0.5
Bruno Silva,182.9,,83.9,,37.2,0.0,0.0,0.0,0.0,0.0,0.0,0.0,0.0
Natalia Silva,162.6,,56.7,,29.6,0.0,0.0,0.0,0.0,0.0,0.0,0.0,0.0
Douglas Silva de Andrade,170.2,172.7,65.8,Orthodox,41.3,3.77,0.38,4.26,0.58,0.7,0.5,0.66,0.0
Leonardo Silva de Oliveira,188.0,,83.9,Orthodox,34.4,1.07,0.4,0.54,0.5,24.11,0.5,0.0,0.0
Marcus Silveira,190.5,,109.8,Orthodox,,0.0,0.0,0.0,0.0,0.0,0.0,0.0,0.0
Jamey Simmons,167.6,177.8,65.8,Orthodox,34.0,0.52,0.5,2.08,0.5,0.0,0.0,1.0,0.0
Elias Silverio,180.3,185.4,70.3,Orthodox,40.0,3.67,0.49,2.97,0.51,1.62,0.38,0.85,0.2
Aaron Simpson,182.9,185.4,77.1,Orthodox,52.2,3.6,0.52,2.53,0.56,3.78,0.34,0.83,0.5
Ricky Simon,167.6,175.3,61.2,Orthodox,34.1,3.08,0.42,3.13,0.64,6.93,0.54,0.72,0.4
Wes Sims,208.3,,117.9,Orthodox,47.1,0.98,0.51,2.95,0.37,0.0,0.0,0.4,2.3
Marlon Sims,,,77.1,,,0.0,0.0,0.0,0.0,0.0,0.0,0.0,0.0
Tony Sims,180.3,177.8,70.3,Southpaw,40.9,1.81,0.63,0.76,0.65,0.71,0.5,0.5,0.7
Lodune Sincaid,175.3,,83.9,Orthodox,53.4,2.72,0.42,6.17,0.57,0.0,0.0,0.75,0.0
Everett Sims,195.6,195.6,117.9,Southpaw,38.1,0.81,0.66,2.19,0.3,0.0,0.0,0.42,1.2
Rob Sinclair,172.7,,70.3,,46.6,1.2,0.33,1.73,0.73,0.0,0.0,0.5,0.0
Elvis Sinosic,190.5,195.6,93.0,Orthodox,55.6,1.13,0.37,4.6,0.53,0.0,0.0,0.0,1.2
Mitchell Sipe,188.0,,111.1,Orthodox,30.5,5.5,0.56,9.98,0.46,1.53,0.2,0.0,0.0
Rory Singer,188.0,195.6,83.9,Orthodox,50.3,2.55,0.39,2.42,0.63,0.39,0.25,0.64,0.8
AJ Siscoe,170.2,,61.2,,,0.0,0.0,0.0,0.0,0.0,0.0,0.0,0.0
Yokthai Sithoar,170.2,,64.9,,51.7,0.0,0.0,0.0,0.0,0.0,0.0,0.0,0.0
Jeri Sitzes,165.1,,56.7,,,0.0,0.0,0.0,0.0,0.0,0.0,0.0,0.0
Dennis Siver,167.6,177.8,65.8,Orthodox,47.7,3.87,0.32,2.67,0.65,0.87,0.32,0.65,0.3
Chas Skelly,180.3,182.9,65.8,Orthodox,41.4,2.02,0.4,3.35,0.48,1.71,0.34,0.33,2.4
Matt Skelton,190.5,,120.2,Orthodox,59.7,0.0,0.0,0.54,0.0,0.0,0.0,0.66,0.0
Zach Skinner,167.6,,65.8,Orthodox,,0.53,0.5,2.4,0.32,5.0,0.27,1.0,1.0
Joe Slick,182.9,,90.3,Orthodox,48.9,0.0,0.0,0.0,0.0,0.0,0.0,0.0,0.0
Patrick Smith,188.0,,102.1,Orthodox,63.1,0.0,0.0,0.0,0.0,0.0,0.0,0.0,0.0
Kestutis Smirnovas,177.8,,90.7,Orthodox,,4.95,0.52,5.05,0.54,1.55,0.5,1.0,1.6
Maurice Smith,188.0,,100.2,Orthodox,64.8,0.41,0.46,0.47,0.6,0.89,0.5,0.2,0.9
Scott Smith,182.9,177.8,83.9,Orthodox,47.3,1.9,0.27,5.87,0.5,0.12,0.06,0.58,0.5
Eric Smith,,,,Southpaw,,0.0,0.0,0.0,0.0,0.0,0.0,0.0,0.0
Josh Smith,182.9,,70.3,Orthodox,44.2,0.73,0.28,1.4,0.54,0.0,0.0,0.57,2.0
Adam Smith,,,,,,0.0,0.0,0.0,0.0,0.0,0.0,0.0,0.0
Dillon Smith,182.9,,77.1,,,0.0,0.0,0.0,0.0,0.0,0.0,0.0,0.0
David Smith,,,70.3,,,0.0,0.0,0.0,0.0,0.0,0.0,0.0,0.0
Brian Sleeman,172.7,,83.9,,,4.0,0.48,1.85,0.7,9.23,1.0,1.0,0.0
Trevor Smith,190.5,190.5,83.9,Orthodox,45.7,3.29,0.55,3.31,0.51,1.7,0.32,0.6,0.7
Anthony Smith,193.0,193.0,93.0,Orthodox,38.2,2.94,0.46,4.38,0.42,0.49,0.28,0.51,0.7
Colton Smith,182.9,180.3,70.3,Orthodox,39.1,1.64,0.41,2.3,0.51,4.09,0.36,0.25,1.4
Ray Sloan,185.4,,93.0,,41.2,0.0,0.0,0.0,0.0,0.0,0.0,0.0,0.0
Gilbert Smith,175.3,,83.9,Southpaw,44.9,1.09,0.41,2.73,0.35,3.51,0.6,0.0,1.2
Devonte Smith,175.3,193.0,70.3,Orthodox,33.1,5.64,0.55,2.65,0.59,0.74,1.0,1.0,0.7
Leslie Smith,175.3,167.6,61.2,Orthodox,44.1,7.56,0.4,8.41,0.51,0.0,0.0,0.62,0.0
Cole Smith,180.3,170.2,61.2,Orthodox,37.5,1.78,0.35,1.96,0.49,1.67,0.33,0.45,1.7
Justin Smitley,,,65.8,,,0.0,0.0,0.0,0.0,0.0,0.0,0.0,0.0
Walter Smith-Cotito,172.7,,61.2,,,2.95,0.36,3.53,0.68,2.16,0.33,0.57,0.0
Nate Smith,167.6,175.3,56.7,Switch,31.5,1.28,0.38,2.04,0.35,0.0,0.0,0.33,2.3
Dmitrii Smoliakov,188.0,188.0,114.8,Switch,44.1,1.44,0.42,3.81,0.55,0.0,0.0,0.75,0.0
Louis Smolka,175.3,172.7,61.2,Orthodox,35.2,4.44,0.46,3.74,0.53,1.84,0.37,0.31,1.9
Richie Smullen,175.3,172.7,70.3,Orthodox,35.1,1.98,0.77,2.26,0.65,8.49,0.66,0.0,0.0
Devin Smyth,177.8,182.9,77.1,Switch,31.2,2.6,0.68,6.73,0.25,4.0,0.26,1.0,0.0
Denis Sobolev,190.5,,98.0,Orthodox,,0.0,0.0,5.45,0.33,0.0,0.0,0.0,0.0
Renato Sobral,185.4,190.5,93.0,Orthodox,51.0,2.23,0.45,1.53,0.57,2.48,0.42,0.65,2.6
Peter Sobotta,182.9,190.5,77.1,Southpaw,39.7,2.14,0.4,2.9,0.58,1.53,0.32,0.77,0.5
Rameau Thierry Sokoudjou,177.8,198.1,93.0,Orthodox,42.4,2.26,0.45,2.61,0.56,1.93,0.47,0.78,0.9
Joe Solecki,175.3,177.8,70.3,Orthodox,33.1,3.62,0.74,0.93,0.51,3.31,0.62,0.0,1.3
Chris Solomon,180.3,,70.3,,,0.0,0.0,2.8,0.37,0.0,0.0,0.33,0.0
Paul Song,,,83.9,,,0.0,0.0,0.0,0.0,0.0,0.0,0.0,0.0
Joe Son,162.6,,107.0,Orthodox,55.8,0.0,0.0,0.0,0.0,0.0,0.0,0.0,0.0
Chael Sonnen,185.4,185.4,93.0,Southpaw,49.5,3.08,0.43,1.1,0.62,3.81,0.59,0.66,0.4
Song Kenan,182.9,180.3,77.1,Orthodox,36.5,4.39,0.46,4.37,0.54,0.0,0.0,0.5,0.0
Song Yadong,172.7,170.2,65.8,Orthodox,28.8,4.35,0.42,3.64,0.57,0.59,0.75,0.56,0.4
Cody Sons,175.3,,93.0,,,0.0,0.0,0.0,0.0,0.0,0.0,0.0,0.0
Jin Soo Son,167.6,175.3,61.2,Orthodox,33.5,5.1,0.36,7.63,0.52,1.5,0.25,1.0,0.0
Emiliano Sordi,188.0,,93.0,Orthodox,35.6,4.79,0.5,4.79,0.48,0.0,0.0,1.0,8.3
Punahele Soriano,180.3,182.9,83.9,Southpaw,33.8,4.46,0.43,2.86,0.52,2.6,0.66,0.0,0.0
Sean Soriano,175.3,,65.8,Orthodox,37.0,3.15,0.61,2.31,0.52,1.27,0.42,0.55,0.0
Dmitry Sosnovskiy,190.5,195.6,108.9,Orthodox,37.2,2.95,0.7,2.53,0.35,3.16,0.66,1.0,3.2
Ben Sosoli,182.9,182.9,120.2,Southpaw,36.8,2.31,0.31,4.3,0.47,0.0,0.0,0.0,0.0
Greg Soto,180.3,185.4,77.1,Orthodox,40.3,3.21,0.63,2.61,0.52,1.49,0.27,0.44,1.0
George Sotiropoulos,177.8,180.3,70.3,Orthodox,49.2,2.61,0.27,2.52,0.67,2.32,0.31,0.53,1.6
Alex Soto,172.7,,61.2,Southpaw,42.6,2.95,0.25,5.02,0.59,2.82,0.3,0.0,0.0
Krzysztof Soszynski,185.4,195.6,93.0,Open Stance,49.1,3.37,0.39,3.13,0.58,0.52,0.25,0.71,1.0
Mario Soto,182.9,,65.8,,,1.43,0.23,5.23,0.42,0.0,0.0,0.0,0.0
Joe Soto,167.6,165.1,61.2,Orthodox,39.5,3.36,0.41,5.37,0.67,0.85,0.21,0.7,1.9
Bobby Southworth,188.0,,93.0,Orthodox,56.8,0.99,0.39,1.38,0.65,3.98,0.78,0.64,1.3
Andre Soukhamthath,175.3,177.8,61.2,Orthodox,37.9,2.77,0.44,4.31,0.49,1.25,0.53,0.58,0.2
Edimilson Souza,182.9,188.0,65.8,Orthodox,41.9,4.65,0.44,2.91,0.58,0.0,0.0,0.5,0.0
Chris Spang,188.0,,77.1,Orthodox,38.8,1.83,0.36,1.95,0.6,0.0,0.0,0.5,0.9
Mario Souza,190.5,200.7,83.9,Orthodox,29.9,3.4,0.6,0.93,0.54,0.0,0.0,0.0,1.0
Livinha Souza,160.0,160.0,52.2,Orthodox,35.5,2.06,0.45,3.38,0.62,2.4,0.44,0.4,1.2
Jacare Souza,185.4,182.9,83.9,Orthodox,46.8,2.53,0.46,2.85,0.62,2.55,0.39,0.6,1.4
Charon Spain,175.3,,70.3,,38.5,0.0,0.0,0.0,0.0,0.0,0.0,0.0,0.0
Andreas Spang,185.4,,83.9,,47.9,0.0,0.0,0.0,0.0,0.0,0.0,0.0,0.0
Ryan Spann,195.6,200.7,93.0,Orthodox,35.1,3.55,0.45,3.45,0.47,1.72,0.41,0.6,1.7
Tommy Speer,177.8,180.3,77.1,Orthodox,42.1,2.56,0.51,5.12,0.35,2.02,0.33,0.33,0.0
Patrick Speight,185.4,,77.1,Orthodox,,0.0,0.0,0.0,0.0,0.0,0.0,0.0,0.0
Ron Sparks,195.6,,120.2,,,0.0,0.0,0.0,0.0,0.0,0.0,0.0,0.0
Sean Spencer,177.8,188.0,77.1,Orthodox,39.2,4.24,0.32,4.02,0.6,0.14,0.33,0.68,0.0
Felicia Spencer,167.6,172.7,65.8,Orthodox,35.8,3.02,0.45,5.57,0.43,0.64,0.1,0.14,0.3
Sam Spengler,180.3,,83.9,Orthodox,,3.27,0.62,3.27,0.54,1.75,0.11,0.75,1.8
Nick Sperling,,,61.2,,,1.4,0.25,1.4,0.66,0.0,0.0,0.0,0.0
Mario Sperry,188.0,,93.0,Orthodox,60.0,2.81,0.52,1.53,0.47,2.09,0.42,0.71,1.4
Waachiim Spiritwolf,172.7,,77.1,,,10.0,1.0,10.0,0.0,0.0,0.0,0.0,0.0
Daniel Spitz,200.7,208.3,111.1,Orthodox,36.1,2.6,0.35,5.3,0.46,0.74,0.66,0.0,0.0
Eric Spicely,185.4,185.4,83.9,Orthodox,40.0,3.71,0.45,5.72,0.55,1.31,0.2,0.75,1.0
Serghei Spivac,190.5,198.1,117.9,Orthodox,31.7,3.58,0.49,2.84,0.58,3.7,0.63,0.75,0.3
Daniel Spohn,193.0,200.7,93.0,Southpaw,41.9,2.42,0.49,1.6,0.53,0.0,0.0,0.28,2.5
Pete Spratt,175.3,,77.1,Orthodox,55.7,1.63,0.48,1.33,0.55,0.3,1.0,0.46,0.3
Austin Springer,172.7,180.3,65.8,Orthodox,39.4,3.54,0.57,3.15,0.41,3.37,0.4,1.0,0.8
Georges St-Pierre,180.3,193.0,83.9,Orthodox,45.3,3.78,0.53,1.4,0.72,4.16,0.74,0.83,1.1
Andreas Stahl,180.3,,77.1,Orthodox,38.3,2.83,0.37,4.74,0.57,1.55,0.66,0.8,0.0
Ron Stallings,188.0,190.5,77.1,Southpaw,43.7,3.22,0.6,3.26,0.51,0.0,0.0,0.71,0.0
Bobby Stack,175.3,,70.3,Orthodox,,1.0,0.2,2.89,0.34,7.48,0.45,1.0,0.0
Cristina Stanciu,160.0,,52.2,Orthodox,32.5,2.5,0.5,3.07,0.52,0.85,1.0,0.4,1.7
Cody Stamann,167.6,162.6,65.8,Orthodox,36.9,4.14,0.48,3.18,0.63,3.03,0.46,0.8,0.0
Brian Stann,185.4,188.0,93.0,Orthodox,46.0,3.28,0.42,2.65,0.59,0.12,0.12,0.6,0.3
Josh Stansbury,188.0,188.0,93.0,Orthodox,41.8,3.22,0.54,3.54,0.54,0.0,0.0,0.87,1.0
Dion Staring,185.4,,106.6,Orthodox,48.3,1.09,0.37,5.0,0.47,0.0,0.0,0.33,0.0
Lucas Stark,,,70.3,,,1.6,0.25,3.2,0.66,12.0,1.0,0.0,0.0
Kalib Starnes,190.5,188.0,83.9,Orthodox,51.7,2.71,0.48,4.43,0.53,1.46,0.33,0.25,0.6
Clifford Starks,182.9,198.1,83.9,Orthodox,45.4,1.94,0.33,2.49,0.58,1.94,1.0,0.6,0.0
Damian Stasiak,165.1,177.8,61.2,Orthodox,36.6,1.86,0.36,3.1,0.52,2.64,0.35,0.43,0.6
Adam Steele,,,77.1,,,0.0,0.0,0.0,0.0,0.0,0.0,0.0,0.0
Laureano Staropoli,185.4,180.3,77.1,Orthodox,33.6,4.4,0.34,4.58,0.53,0.25,0.2,0.57,0.0
Ricky Steele,175.3,188.0,61.2,Orthodox,38.3,4.07,0.7,2.93,0.5,0.0,0.0,0.91,0.0
Dominique Steele,177.8,188.0,77.1,Orthodox,38.7,2.32,0.49,2.42,0.5,2.95,0.42,0.76,0.0
Ray Steinbeiss,180.3,,77.1,Orthodox,47.0,0.0,0.0,0.0,1.0,0.0,0.0,0.0,0.0
Eric Steenberg,,,70.3,,43.3,0.0,0.0,0.0,0.0,0.0,0.0,0.0,0.0
Steve Steinbeiss,190.5,190.5,83.9,Orthodox,45.4,3.92,0.55,1.86,0.49,0.44,0.5,0.58,0.0
Dmitri Stepanov,190.5,,98.4,Orthodox,,0.0,0.0,0.0,0.0,0.0,0.0,0.0,0.0
Marc Stevens,175.3,,70.3,,,0.45,0.26,1.79,0.46,0.0,0.0,0.0,0.0
Aljamain Sterling,170.2,180.3,61.2,Orthodox,37.1,4.84,0.49,2.2,0.63,1.77,0.24,0.41,0.9
Jeremy Stephens,175.3,180.3,65.8,Orthodox,40.3,3.18,0.4,3.06,0.58,1.16,0.38,0.65,0.4
Joe Stevenson,170.2,177.8,65.8,Orthodox,44.3,2.05,0.44,2.44,0.6,2.75,0.44,0.39,2.2
Maia Stevenson,162.6,157.5,52.2,Orthodox,44.5,1.57,0.54,3.13,0.33,3.91,1.0,0.5,0.0
Luke Stewart,180.3,,77.1,Orthodox,,3.75,0.56,2.34,0.53,3.75,0.33,0.5,1.9
Darren Stewart,182.9,188.0,83.9,Orthodox,35.7,3.09,0.44,3.09,0.5,1.5,0.4,0.65,0.1
Alex Stiebling,188.0,,93.0,Southpaw,,1.77,0.42,1.45,0.52,0.35,0.66,0.66,0.7
Kyle Stewart,182.9,193.0,77.1,Orthodox,37.6,1.41,0.35,2.42,0.43,1.32,0.2,0.6,0.0
Tyler Stinson,190.5,,77.1,,40.7,2.8,0.23,4.6,0.56,0.5,1.0,0.0,0.5
Dan Stittgen,185.4,,77.1,Orthodox,45.8,2.97,0.46,4.42,0.37,0.78,1.0,1.0,0.0
Lazar Stojadinovic,170.2,172.7,65.8,Southpaw,37.5,1.82,0.29,1.97,0.59,0.0,0.0,0.0,0.0
Denis Stojnic,182.9,,111.1,Orthodox,46.6,1.51,0.23,6.06,0.36,0.0,0.0,0.8,1.0
Julija Stoliarenko,170.2,167.6,61.2,,33.5,2.1,0.34,3.87,0.5,0.0,0.0,0.66,0.5
Dustin Stoltzfus,182.9,190.5,83.9,Orthodox,34.9,2.48,0.57,3.93,0.48,0.78,0.12,0.62,0.8
Niklas Stolze,185.4,188.0,77.1,Switch,33.7,2.0,0.41,1.93,0.56,1.0,1.0,0.66,0.0
Ken Stone,172.7,180.3,61.2,Southpaw,44.0,3.85,0.49,2.9,0.48,1.24,0.33,0.6,0.6
Ryan Stonitsch,175.3,,77.1,Southpaw,49.6,2.53,0.36,2.53,0.71,0.0,0.0,0.0,0.0
George Stork,177.8,,83.9,,,0.0,0.0,0.0,0.0,0.0,0.0,0.0,0.0
Darko Stosic,182.9,193.0,93.0,Orthodox,34.6,2.61,0.45,4.04,0.58,3.42,0.5,0.83,0.0
Rick Story,175.3,180.3,77.1,Southpaw,42.1,3.8,0.41,2.17,0.62,2.53,0.48,0.63,0.9
Greg Stott,170.2,,99.8,Southpaw,,0.0,0.0,0.0,0.0,0.0,0.0,0.0,0.0
Curtis Stout,185.4,,83.9,Southpaw,52.9,0.69,0.67,3.2,0.29,0.0,0.0,0.2,0.0
Tim Stout,180.3,,83.9,,47.6,0.0,0.0,0.0,0.0,0.0,0.0,0.0,0.0
Sam Stout,175.3,177.8,70.3,Orthodox,42.4,4.17,0.28,4.08,0.57,0.63,0.38,0.77,0.1
Jesse Strader,170.2,177.8,61.2,Orthodox,35.3,7.12,0.56,7.63,0.42,0.0,0.0,0.0,0.0
Gennaro Strangis,,,,,,0.0,0.0,0.0,0.0,0.0,0.0,0.0,0.0
Gerald Strebendt,175.3,,70.3,Orthodox,47.6,0.0,0.0,4.0,0.38,0.0,0.0,0.0,16.4
Dave Strasser,177.8,,77.1,Orthodox,57.2,3.04,0.45,1.88,0.59,0.72,0.33,0.33,0.0
Daniel Straus,170.2,180.3,65.8,,42.2,4.76,0.43,2.99,0.57,0.84,0.15,0.81,1.1
Sean Strickland,185.4,193.0,83.9,Orthodox,35.6,5.09,0.38,3.77,0.66,1.26,0.6,0.81,0.4
Hans Stringer,190.5,,93.0,Orthodox,39.2,3.16,0.61,2.84,0.41,2.4,0.36,0.62,0.0
Mark Striegl,172.7,177.8,61.2,Southpaw,38.3,3.53,0.42,21.18,0.25,0.0,0.0,0.0,0.0
Josh Stuart,175.3,,72.6,,,0.0,0.0,0.0,0.0,0.0,0.0,0.0,0.0
Stefan Struve,210.8,213.4,120.2,Orthodox,38.6,3.12,0.47,4.04,0.46,0.56,0.46,0.55,1.7
Mike Stumpf,177.8,,77.1,,40.1,3.34,0.43,8.85,0.47,1.59,0.25,0.33,0.8
Kyle Sturgeon,190.5,,102.1,Switch,,0.0,0.0,0.0,0.0,0.0,0.0,0.0,0.0
Masanori Suda,175.3,,83.0,Orthodox,,1.8,0.5,1.2,0.63,0.0,0.0,0.6,0.0
Tatiana Suarez,165.1,167.6,52.2,Southpaw,35.8,4.82,0.65,1.45,0.48,6.47,0.62,1.0,0.6
Genki Sudo,175.3,,70.3,Orthodox,48.5,1.55,0.39,2.23,0.33,3.58,0.6,0.5,4.2
Daisuke Sugie,167.6,,72.6,Orthodox,,0.0,0.0,0.22,0.8,3.27,0.5,0.0,3.3
Takashi Sugiura,180.3,,102.1,Southpaw,56.3,1.37,0.4,2.08,0.53,1.33,0.66,0.0,0.0
Justin Sumter,188.0,203.2,83.9,Southpaw,36.9,2.68,0.48,7.64,0.34,2.87,1.0,0.0,0.0
Magomed Sultanakhmedov,188.0,,83.9,Southpaw,,0.0,0.0,2.4,0.42,9.0,1.0,0.0,9.0
George Sullivan,182.9,185.4,77.1,Orthodox,45.5,3.53,0.39,2.42,0.57,1.37,0.2,0.38,0.7
Amar Suloev,175.3,,83.0,Orthodox,50.2,1.98,0.37,2.19,0.7,0.27,1.0,0.88,0.3
Aji Susilo,177.8,,70.3,,,0.0,0.0,0.0,0.0,0.0,0.0,0.0,0.0
Martin Svensson,185.4,,70.3,,41.4,2.02,0.38,5.91,0.38,0.0,0.0,0.0,0.0
Daniel Swain,175.3,177.8,65.8,Orthodox,35.6,0.8,0.44,3.2,0.4,0.0,0.0,0.0,6.0
Naho Sugiyuma,154.9,,47.6,,48.6,2.59,0.48,2.45,0.71,2.05,1.0,0.66,0.0
Jason Suttie,182.9,,95.3,Orthodox,53.1,2.07,0.83,4.97,0.36,0.0,0.0,0.0,0.0
Joel Sutton,180.3,,93.0,Orthodox,,0.0,0.0,0.0,0.0,0.0,0.0,0.0,0.0
Cub Swanson,172.7,177.8,65.8,Orthodox,42.9,4.64,0.5,3.64,0.6,1.09,0.51,0.6,0.5
Chad Sutton,185.4,,83.9,,44.1,0.0,0.0,0.0,0.0,0.0,0.0,0.0,0.0
Kevin Syler,175.3,180.3,70.3,Switch,33.2,5.6,0.69,4.03,0.48,1.0,0.4,0.77,2.0
Floyd Sword,182.9,,83.9,Orthodox,50.1,0.78,0.42,1.57,0.4,0.0,0.0,0.33,0.0
Bentley Syler,162.6,,56.7,Orthodox,43.8,1.3,0.18,1.73,0.79,0.0,0.0,0.75,0.0
Tony Sylvester,185.4,,102.1,Southpaw,48.7,0.0,0.0,10.12,0.12,0.0,0.0,0.0,0.0
Mike Swick,185.4,195.6,77.1,Orthodox,47.3,2.36,0.37,2.29,0.54,1.06,0.5,0.61,0.6
Leo Sylvest,180.3,,93.0,Orthodox,53.1,0.0,0.0,6.58,0.27,0.0,0.0,0.0,0.0
Tim Sylvia,203.2,203.2,120.2,Orthodox,50.6,4.23,0.41,2.61,0.61,0.11,1.0,0.75,0.1
Osamu Tachihikari,195.6,,136.1,Orthodox,,0.0,0.0,0.0,0.0,0.0,0.0,0.0,0.0
Justin Tafa,182.9,188.0,119.7,Southpaw,32.8,5.33,0.59,4.6,0.46,0.0,0.0,1.0,0.0
Eugenio Tadeu,172.7,,72.6,Orthodox,,0.0,0.0,0.0,0.0,0.0,0.0,0.0,0.0
Amber Tackett,,,52.2,,,0.0,0.0,0.0,0.0,0.0,0.0,0.0,0.0
Joe Taimanglo,162.6,,61.2,,42.2,4.18,0.42,4.55,0.59,5.45,0.4,1.0,1.4
Khalid Taha,165.1,175.3,61.2,Orthodox,34.6,2.86,0.35,4.26,0.43,0.0,0.0,0.61,0.3
Mairbek Taisumov,175.3,185.4,70.3,Orthodox,38.1,2.98,0.39,3.03,0.64,1.34,0.63,0.88,0.0
Nobuhiko Takada,182.9,,99.8,Southpaw,64.4,0.31,0.24,1.92,0.39,1.15,0.2,0.0,0.0
Yoshiki Takahashi,180.3,,90.3,Southpaw,57.5,2.26,0.51,6.47,0.44,0.0,0.0,0.66,2.3
Yoko Takahashi,172.7,,68.0,,53.4,5.11,0.54,8.78,0.48,0.0,0.0,0.0,0.0
Yoshihiro Takayama,195.6,,127.0,Orthodox,58.0,3.4,0.54,5.69,0.29,0.67,0.33,0.55,0.0
Daiju Takase,182.9,,77.1,Southpaw,48.4,0.49,0.3,1.64,0.47,0.84,0.17,0.21,1.2
Makoto Takimoto,170.2,,93.0,Southpaw,46.8,1.37,0.39,1.71,0.55,1.48,0.5,0.25,1.1
Hiroyuki Takaya,167.6,,63.0,Orthodox,49.3,3.18,0.33,3.16,0.6,0.9,0.45,0.66,0.0
Nordine Taleb,185.4,188.0,77.1,Orthodox,45.3,3.66,0.51,2.62,0.66,1.94,0.76,0.73,0.0
Oleg Taktarov,182.9,,95.3,Orthodox,59.1,0.0,0.0,0.0,0.0,0.0,0.0,0.0,0.0
Tsuyoshi Tamakairiki,182.9,,99.8,Orthodox,,0.0,0.0,26.67,0.5,0.0,0.0,0.0,0.0
Akitoshi Tamura,175.3,177.8,61.2,Orthodox,46.3,3.73,0.43,1.94,0.78,0.0,0.0,0.2,1.0
Akihito Tanaka,,,,Southpaw,,0.19,0.5,2.05,0.38,5.59,0.66,0.0,0.0
Jason Tan,177.8,,77.1,Orthodox,44.8,0.69,0.29,7.37,0.18,0.0,0.0,0.0,0.0
Michinori Tanaka,165.1,170.2,61.2,Orthodox,36.0,1.97,0.37,1.99,0.5,2.4,0.38,0.43,0.2
Eli Tamez,170.2,,61.2,,41.1,0.0,0.0,0.0,0.0,0.0,0.0,0.0,0.0
Kiyoshi Tamura,180.3,,83.9,Southpaw,56.8,2.44,0.53,1.44,0.6,0.58,0.6,0.45,0.2
Issei Tamura,165.1,160.0,61.2,Orthodox,42.5,1.89,0.53,4.58,0.44,0.92,0.25,0.33,0.0
Evan Tanner,182.9,188.0,83.9,Orthodox,55.6,3.05,0.59,2.64,0.56,2.55,0.43,0.25,1.3
Deividas Taurosevicius,175.3,172.7,65.8,Southpaw,49.1,2.13,0.43,1.82,0.59,2.0,0.28,0.5,0.3
Jeremy Tavares,,,61.2,,,0.0,0.0,0.0,0.0,0.0,0.0,0.0,0.0
Gary Tapusoa,170.2,,83.9,,,0.0,0.0,0.0,0.0,0.0,0.0,0.0,0.0
Manny Tapia,165.1,170.2,61.2,Orthodox,45.5,2.69,0.21,4.74,0.58,0.49,0.4,0.66,0.2
Miesha Tate,167.6,167.6,61.2,Orthodox,40.1,1.93,0.41,2.71,0.5,2.06,0.31,0.52,1.6
Thiago Tavares,170.2,177.8,65.8,Orthodox,41.9,2.0,0.4,2.31,0.62,3.83,0.42,0.62,1.5
Paul Taylor,182.9,182.9,70.3,Orthodox,46.8,4.44,0.47,4.47,0.55,0.27,0.25,0.56,0.5
Brad Tavares,185.4,188.0,83.9,Orthodox,38.8,3.04,0.41,2.73,0.56,0.97,0.27,0.79,0.0
Anthony Taylor,170.2,,65.8,,,0.0,0.0,0.0,0.0,0.0,0.0,0.0,0.0
Jesse Taylor,182.9,185.4,77.1,Orthodox,43.7,1.94,0.65,0.55,0.38,7.28,0.5,1.0,3.1
Louis Taylor,180.3,,83.9,Orthodox,47.4,2.06,0.32,1.24,0.68,2.48,0.28,1.0,0.0
Torrance Taylor,170.2,,70.3,,,0.0,0.0,0.0,0.0,0.0,0.0,0.0,0.0
Danielle Taylor,152.4,152.4,52.2,Orthodox,36.9,2.75,0.29,3.31,0.71,0.2,0.2,0.7,0.2
Shawn Teed,195.6,,120.2,Orthodox,34.6,1.4,0.42,13.31,0.21,0.0,0.0,0.0,0.0
J.T Taylor,177.8,,,,,3.17,0.8,3.7,0.26,3.96,1.0,0.0,7.9
James Te Huna,188.0,190.5,83.9,Orthodox,45.0,4.04,0.51,2.99,0.62,2.75,0.37,0.58,0.2
John Teixeira,170.2,,65.8,Orthodox,39.8,3.36,0.35,3.2,0.63,1.0,0.27,0.71,0.7
Tra Telligman,188.0,,105.7,Orthodox,61.6,1.83,0.35,3.02,0.56,0.87,1.0,0.8,0.0
Ewerton Teixeira,185.4,,109.8,,44.6,2.0,0.39,3.22,0.35,0.0,0.0,0.33,0.0
Taneisha Tennant,170.2,177.8,65.8,Orthodox,37.3,5.67,0.55,3.4,0.71,0.0,0.0,1.0,0.0
Glover Teixeira,188.0,193.0,93.0,Orthodox,46.9,3.75,0.47,3.84,0.54,2.04,0.4,0.6,1.0
Herman Terrado,,,77.1,,,0.0,0.0,0.0,0.0,0.0,0.0,0.0,0.0
Dave Terrel,172.7,,77.1,Southpaw,48.4,2.62,0.43,2.8,0.48,3.28,0.38,1.0,0.0
David Terrell,185.4,,83.9,Southpaw,48.7,2.34,0.63,2.71,0.37,5.54,0.5,0.0,5.5
Jeff Terry,188.0,,93.0,,,1.09,0.5,9.27,0.19,0.0,0.0,1.0,0.0
Daniel Teymur,165.1,175.3,65.8,Orthodox,38.6,3.08,0.46,3.93,0.56,0.56,0.18,0.6,0.3
David Teymur,175.3,185.4,70.3,Southpaw,37.4,4.69,0.43,3.53,0.55,0.94,0.33,0.77,0.0
James Terry,177.8,,77.1,Orthodox,45.5,3.23,0.32,4.77,0.64,3.31,0.36,0.75,0.0
Motonobu Tezuka,170.2,,61.2,Southpaw,39.1,0.87,0.23,2.8,0.51,1.5,0.11,0.0,0.5
Jason Thacker,177.8,,83.9,Orthodox,51.1,0.63,0.33,17.05,0.32,0.0,0.0,0.0,0.0
Brandon Thatch,188.0,188.0,77.1,Switch,41.2,2.7,0.42,3.63,0.52,1.36,0.66,0.5,0.7
Elias Theodorou,185.4,190.5,83.9,Orthodox,38.3,4.19,0.42,2.39,0.53,1.27,0.28,0.59,0.0
Nik Theotikos,,,83.9,Orthodox,,0.0,0.0,5.48,0.19,0.0,0.0,0.0,4.8
Din Thomas,175.3,,70.3,Orthodox,50.0,1.85,0.37,2.6,0.59,1.38,0.52,0.76,1.2
Ryan Thomas,182.9,,77.1,Orthodox,41.9,2.01,0.36,4.17,0.3,5.59,0.33,0.0,2.2
Joel Thomas ,177.8,,77.1,,,0.0,0.0,0.0,0.0,0.0,0.0,0.0,0.0
Noah Thomas,175.3,,61.2,Orthodox,45.5,0.44,0.13,4.99,0.33,0.0,0.0,0.0,1.3
Paulo Thiago,180.3,188.0,77.1,Orthodox,45.7,1.71,0.39,1.99,0.63,1.42,0.31,0.63,1.2
Treston Thomison,172.7,,65.8,,,0.0,0.0,0.0,0.0,0.0,0.0,0.0,0.0
Nick Thompson,185.4,188.0,77.1,Orthodox,45.3,1.87,0.42,1.8,0.49,1.06,1.0,0.35,2.6
Josh Thomson,177.8,180.3,70.3,Orthodox,48.0,2.59,0.47,2.12,0.64,1.92,0.39,0.54,1.3
James Thompson,195.6,,120.2,Orthodox,47.8,5.13,0.52,3.19,0.41,3.14,0.36,0.53,1.3
Oli Thompson,185.4,,109.8,Orthodox,46.7,1.66,0.46,5.31,0.46,0.0,0.0,0.5,0.5
Josh Thornburg,182.9,,77.1,,42.3,1.2,0.5,3.13,0.38,2.0,0.66,0.42,2.0
Stephen Thompson,182.9,190.5,77.1,Orthodox,43.6,4.24,0.43,2.8,0.58,0.32,0.45,0.78,0.0
Simeon Thoresen,185.4,200.7,77.1,Orthodox,42.5,3.85,0.43,3.85,0.64,1.12,0.4,0.5,1.7
Gleison Tibau,177.8,180.3,70.3,Southpaw,43.0,1.95,0.31,2.51,0.63,4.08,0.53,0.92,0.8
Chris Tickle,175.3,,70.3,,44.6,1.07,0.4,1.13,0.43,1.0,0.25,0.2,2.0
Nolan Ticman,167.6,,56.7,Orthodox,38.4,2.57,0.47,2.53,0.67,0.0,0.0,0.6,0.0
Ryan Tobar,,,70.3,,,0.0,0.0,0.0,0.0,0.0,0.0,0.0,0.0
Brett Tillis,,,65.8,,,0.0,0.0,0.0,0.0,0.0,0.0,0.0,0.0
Andrew Todhunter,182.9,,83.9,Switch,38.8,0.0,0.0,0.0,0.0,0.0,0.0,0.0,0.0
Darren Till,182.9,188.0,83.9,Southpaw,33.7,2.27,0.46,2.99,0.58,0.54,0.41,0.82,0.0
Dusko Todorovic,185.4,188.0,83.9,Orthodox,32.3,7.45,0.62,5.42,0.46,0.53,0.06,1.0,0.0
Hideo Tokoro,170.2,,61.2,Orthodox,49.1,1.78,0.37,2.01,0.65,0.87,0.34,0.44,2.3
Anatoly Tokov,177.8,,83.9,,36.6,3.51,0.72,0.54,0.66,2.03,1.0,1.0,0.0
Tyler Toner,172.7,177.8,65.8,Orthodox,43.5,2.95,0.52,2.13,0.62,0.0,0.0,0.54,0.4
Kazuki Tokudome,180.3,185.4,70.3,Southpaw,39.6,2.26,0.41,3.63,0.53,2.0,0.38,0.78,0.0
Masanori Tonooka,172.7,,83.9,Orthodox,,0.16,0.05,1.09,0.36,0.0,0.0,0.0,0.0
James Toney,175.3,,99.8,Orthodox,58.1,0.0,0.0,2.41,0.27,0.0,0.0,0.0,0.0
Ilia Topuria,170.2,175.3,65.8,Orthodox,29.7,2.5,0.45,1.87,0.68,4.25,0.55,1.0,4.2
Carl Toomey,,,,,,0.0,0.0,0.0,0.0,0.0,0.0,0.0,0.0
Anthony Torres,172.7,,77.1,Orthodox,48.1,3.54,0.48,7.52,0.45,0.0,0.0,1.0,2.2
Ronys Torres,170.2,,70.3,Orthodox,51.1,0.87,0.26,1.93,0.57,4.0,0.47,0.16,0.5
Miguel Torres,175.3,193.0,61.2,Orthodox,45.7,3.98,0.43,1.86,0.74,0.0,0.0,0.17,1.6
Haven Torres,,,56.7,,,0.0,0.0,0.0,0.0,0.0,0.0,0.0,0.0
Abram Torres,177.8,,77.1,,43.9,0.0,0.0,0.0,0.0,0.0,0.0,0.0,0.0
Jose Torres,162.6,165.1,56.7,Orthodox,34.1,4.37,0.36,9.84,0.5,1.28,0.33,0.75,0.0
Alex Torres,177.8,,65.8,Orthodox,38.3,2.47,0.37,2.73,0.69,2.0,0.22,0.5,0.0
Tecia Torres,154.9,152.4,52.2,Orthodox,37.1,4.3,0.47,3.37,0.62,0.68,0.15,0.56,0.1
Desmond Torres,167.6,175.3,61.2,Orthodox,29.7,4.8,0.64,11.78,0.48,0.0,0.0,1.0,0.0
Salim Touahri,177.8,182.9,77.1,Orthodox,37.0,2.6,0.46,2.87,0.58,0.0,0.0,0.83,0.0
Roberto Traven,190.5,,103.0,Orthodox,58.0,0.92,0.5,2.77,0.57,0.0,0.0,0.0,0.0
Minoru Toyonaga,180.3,,88.5,Southpaw,,0.0,0.0,0.0,0.0,0.0,0.0,0.0,0.0
Alexander Trevino,,,77.1,,,0.0,0.0,0.0,0.0,0.0,0.0,0.0,0.0
Dequan Townsend,190.5,200.7,93.0,Orthodox,40.4,1.23,0.34,3.92,0.38,0.0,0.0,0.46,0.0
Bryan Travers,,,70.3,,43.5,2.33,0.48,3.93,0.55,2.0,0.28,0.63,0.0
Francisco Trevino,175.3,177.8,70.3,Orthodox,44.8,2.65,0.42,2.42,0.64,0.97,0.22,0.41,0.0
Angelo Trevino,180.3,,77.1,Switch,33.3,5.19,0.54,3.9,0.47,0.0,0.0,1.0,0.0
Damien Trites,180.3,,74.8,,47.1,0.0,0.0,0.0,0.0,0.0,0.0,0.0,0.0
Frank Trigg,175.3,180.3,77.1,Southpaw,54.4,2.79,0.46,1.9,0.56,2.35,0.47,0.75,0.8
Michael Trizano,180.3,180.3,70.3,Orthodox,34.7,3.02,0.53,2.11,0.63,0.4,0.5,0.8,0.8
Tor Troeng,188.0,,83.9,Orthodox,43.7,1.16,0.46,3.26,0.32,0.62,0.07,0.66,0.3
Antonio Trocoli,195.6,208.3,93.0,Orthodox,35.8,1.27,0.71,4.56,0.25,3.8,1.0,1.0,3.8
Aaron Trujillo,165.1,,56.7,,,0.0,0.0,0.0,0.0,0.0,0.0,0.0,0.0
Francisco Trinaldo,175.3,177.8,70.3,Southpaw,48.1,3.11,0.44,2.56,0.6,1.09,0.46,0.61,0.6
Reynaldo Trujillo,175.3,,70.3,,44.7,0.0,0.0,0.0,0.0,0.0,0.0,0.0,0.0
Jon Tuck,180.3,185.4,70.3,Orthodox,42.1,3.0,0.4,3.74,0.6,0.42,0.33,0.5,1.0
Arman Tsarukyan,170.2,182.9,70.3,Orthodox,29.9,3.35,0.44,1.43,0.62,3.5,0.35,0.78,0.0
Chris Tuchscherer,188.0,193.0,117.0,Orthodox,51.0,1.35,0.31,3.17,0.47,1.19,0.18,0.0,0.6
Abel Trujillo,172.7,177.8,70.3,Orthodox,43.0,2.65,0.41,2.31,0.59,2.18,0.45,0.4,0.4
Gavin Tucker,167.6,167.6,65.8,Southpaw,40.3,4.39,0.45,4.28,0.57,2.98,0.42,0.53,1.5
Tom Tuggle,188.0,,113.4,Orthodox,,0.0,0.0,2.14,0.0,32.14,1.0,0.0,0.0
Jumabieke Tuerxun,170.2,,61.2,Orthodox,40.4,1.6,0.28,3.08,0.59,0.47,0.11,0.66,0.9
Blair Tugman,182.9,,61.2,,,2.25,0.53,0.93,0.5,7.5,0.6,0.0,0.0
Tai Tuivasa,188.0,190.5,119.7,Southpaw,33.5,4.38,0.5,3.44,0.5,0.0,0.0,0.46,0.0
Teila Tuli,182.9,,195.0,Orthodox,57.3,0.0,0.0,0.0,0.0,0.0,0.0,0.0,0.0
Zubaira Tukhugov,172.7,172.7,65.8,Orthodox,35.7,2.54,0.38,2.53,0.63,2.54,0.46,1.0,0.0
Albert Tumenov,180.3,185.4,77.1,Orthodox,34.7,3.76,0.42,3.34,0.58,0.2,0.2,0.75,0.0
Ricky Turcios,175.3,180.3,61.2,Orthodox,33.3,7.33,0.37,4.07,0.64,0.0,0.0,0.0,0.0
Wellington Turman,182.9,182.9,83.9,Orthodox,30.2,2.75,0.42,3.71,0.45,2.63,0.35,1.0,0.9
Jalin Turner,190.5,195.6,70.3,Southpaw,31.4,6.2,0.47,4.37,0.45,0.71,0.66,0.78,1.8
Courtney Turner,188.0,,77.1,,,0.0,0.0,0.0,0.0,0.0,0.0,0.0,0.0
Alberto Uda,190.5,,83.9,Orthodox,42.1,1.79,0.52,3.49,0.45,2.83,0.5,0.66,0.0
Marcin Tybura,190.5,198.1,112.9,Orthodox,40.9,3.7,0.5,3.25,0.56,1.62,0.45,0.82,0.1
Austin Tweedy,175.3,,70.3,Orthodox,36.0,4.29,0.66,6.43,0.0,0.0,0.0,0.0,0.0
Ryuki Ueyama,180.3,,81.6,Southpaw,50.4,0.13,0.21,1.4,0.46,0.5,1.0,0.0,1.5
Christian Uflacker,180.3,,77.1,,41.1,0.0,0.0,0.0,0.0,0.0,0.0,0.0,0.0
Andy Uhrich,182.9,,77.1,,,0.0,0.0,0.0,0.0,0.0,0.0,0.0,0.0
Carlos Ulberg,193.0,195.6,93.0,Orthodox,35.9,15.07,0.62,8.6,0.47,0.0,0.0,1.0,0.0
Tagir Ulanbekov,170.2,177.8,56.7,Southpaw,35.1,3.07,0.37,3.13,0.58,5.0,0.45,0.5,0.0
Zach Underwood,188.0,,83.9,,,0.0,0.0,0.0,0.0,0.0,0.0,0.0,0.0
Gasan Umalatov,180.3,180.3,77.1,Orthodox,44.0,2.23,0.39,4.1,0.59,0.75,0.17,0.9,0.0
Jeremy Umphries,,,72.6,,,0.0,0.0,0.0,0.0,0.0,0.0,0.0,0.0
Caol Uno,170.2,177.8,70.3,Southpaw,51.4,1.91,0.49,1.9,0.5,1.95,0.31,0.37,0.5
Kengo Ura,175.3,,74.8,,45.3,1.05,0.37,2.38,0.48,2.85,0.28,0.5,1.4
Hector Urbina,180.3,185.4,77.1,Orthodox,39.0,0.97,0.38,2.44,0.39,0.0,0.0,0.38,3.8
Elias Urbina,190.5,195.6,83.9,Southpaw,33.0,3.85,0.37,6.17,0.5,0.0,0.0,0.0,0.0
Nick Urso,167.6,167.6,56.7,Southpaw,41.0,3.61,0.45,5.06,0.36,0.0,0.0,0.0,0.0
Yasuhiro Urushitani,165.1,,56.7,Southpaw,50.0,3.47,0.39,4.71,0.65,0.0,0.0,0.8,0.0
Kamaru Usman,182.9,193.0,77.1,Switch,39.4,4.66,0.54,2.33,0.58,3.22,0.47,1.0,0.1
Darren Uyenoyama,167.6,165.1,56.7,Orthodox,46.9,1.34,0.39,2.21,0.66,1.42,0.33,0.35,0.7
Charlie Valencia,160.0,162.6,61.2,Orthodox,51.9,2.58,0.37,2.61,0.77,1.4,0.53,0.75,0.5
Richie Vaculik,167.6,175.3,56.7,Orthodox,43.3,3.69,0.46,4.09,0.57,3.0,0.45,0.31,1.0
Victor Valenzuela,177.8,,70.3,,,1.28,1.0,2.55,0.0,0.0,0.0,0.0,0.0
Egidijus Valavicius,182.9,,90.7,Orthodox,,0.0,0.0,0.0,0.0,0.0,0.0,0.0,0.0
Timur Valiev,167.6,170.2,65.8,Orthodox,36.7,5.5,0.71,1.55,0.56,2.73,0.66,0.5,0.0
Victor Valimaki,182.9,,93.0,Orthodox,,3.94,0.3,2.99,0.67,0.9,0.14,0.0,0.0
Andrew Valladerez,,,61.2,,,0.0,0.0,0.0,0.0,0.0,0.0,0.0,0.0
Isaac Vallie-Flagg,172.7,177.8,70.3,Orthodox,48.5,5.56,0.47,5.6,0.45,0.2,0.12,0.58,0.0
Matt Van Buren,195.6,,93.0,,40.3,7.73,0.45,6.82,0.49,0.0,0.0,0.5,0.0
Mike van Arsdale,188.0,,93.0,Switch,61.3,1.52,0.41,1.91,0.41,1.06,0.14,0.37,0.0
Brianna Van Buren,152.4,157.5,52.2,Southpaw,33.1,3.53,0.41,3.23,0.57,2.5,0.45,0.66,0.0
Ron van Clief,177.8,,86.2,Orthodox,83.7,0.0,0.0,0.0,0.0,0.0,0.0,0.0,0.0
Lloyd Van Dams,185.4,,108.9,Southpaw,54.6,0.0,0.0,3.01,0.15,0.0,0.0,0.0,0.0
Chad Vance,182.9,,83.9,Orthodox,,0.0,0.0,0.0,0.0,0.0,0.0,0.0,0.0
Jared Vanderaa,193.0,203.2,117.9,Orthodox,34.4,2.75,0.52,5.19,0.33,1.15,1.0,0.0,0.0
Austin Vanderford,180.3,,77.1,Orthodox,36.5,3.9,0.52,5.19,0.45,0.0,0.0,1.0,1.9
Lando Vannata,175.3,180.3,70.3,Orthodox,34.5,4.58,0.44,5.1,0.54,1.13,0.37,0.58,0.4
Paul Varelans,203.2,,136.1,Orthodox,,0.0,0.0,0.0,0.0,0.0,0.0,0.0,0.0
Paige VanZant,162.6,165.1,52.2,Orthodox,32.5,3.35,0.52,2.62,0.42,1.27,0.33,0.34,1.0
Kazula Vargas,172.7,180.3,70.3,Southpaw,41.1,1.84,0.49,1.16,0.54,0.79,0.33,0.25,0.0
Jamie Varner,172.7,180.3,70.3,Orthodox,41.9,2.92,0.34,2.55,0.58,3.49,0.53,0.66,0.8
Linton Vassell,193.0,,93.0,,43.3,3.39,0.37,2.13,0.54,2.46,0.5,0.5,0.0
Guilherme Vasconcelos,182.9,,83.9,Orthodox,40.5,3.27,0.29,4.4,0.7,0.0,0.0,0.0,0.0
Yuri Vaulin,193.0,,89.4,Southpaw,,0.0,0.0,0.0,0.0,0.0,0.0,0.0,0.0
Billy Vaughan,167.6,,70.3,,42.8,0.0,0.0,1.36,0.5,0.0,0.0,0.0,0.0
Javier Vazquez,170.2,175.3,65.8,Southpaw,49.2,2.43,0.36,1.99,0.72,2.56,0.52,0.57,1.5
Manny Vazquez,177.8,182.9,56.7,Orthodox,32.8,1.47,0.41,2.67,0.48,1.0,0.33,0.0,1.0
Matt Veach,180.3,,70.3,Orthodox,45.3,1.12,0.28,4.91,0.44,3.64,0.38,1.0,1.5
Joe Vedepo,182.9,,83.9,Orthodox,,1.43,0.42,5.71,0.38,1.07,0.2,0.0,0.0
Kelly Velasco,175.3,,61.2,Orthodox,31.3,2.27,0.35,5.67,0.47,0.0,0.0,1.0,0.0
David Velasquez,165.1,,65.8,Orthodox,,0.0,0.0,0.0,0.0,0.0,0.0,0.0,0.0
Luigi Vendramini,172.7,185.4,77.1,Orthodox,30.7,2.26,0.42,2.26,0.59,0.0,0.0,0.0,2.0
Bojan Velickovic,182.9,193.0,77.1,Southpaw,37.8,2.18,0.34,2.31,0.57,0.67,0.25,0.55,0.5
Cain Velasquez,185.4,195.6,108.9,Orthodox,44.2,6.37,0.57,2.33,0.57,5.13,0.45,0.85,0.4
Karlos Vemola,182.9,190.5,83.9,Orthodox,41.2,1.67,0.44,2.13,0.37,1.93,0.25,0.31,1.7
Jerrel Venetiaan,185.4,,88.5,Orthodox,55.5,0.81,0.33,1.51,0.67,0.0,0.0,0.6,0.0
Scott Ventimiglia,180.3,,83.9,,53.8,0.0,0.0,0.0,0.0,0.0,0.0,0.0,0.0
Kerry Vera,170.2,,61.2,Orthodox,,0.0,0.0,0.0,0.0,0.0,0.0,0.0,0.0
Brandon Vera,190.5,198.1,104.3,Orthodox,49.0,3.03,0.56,2.81,0.52,0.7,0.53,0.59,0.2
Joe Veres,170.2,,70.3,Orthodox,48.9,0.0,0.0,5.55,0.27,0.0,0.0,0.0,0.0
Ernie Verdicia,180.3,,90.3,Orthodox,,0.0,0.0,0.0,0.0,0.0,0.0,0.0,0.0
Marlon Vera,172.7,177.8,61.2,Switch,33.8,3.65,0.49,3.95,0.52,0.78,0.37,0.7,1.1
Renato Verissimo,185.4,,77.1,Orthodox,53.1,0.92,0.48,1.87,0.47,1.46,0.3,0.5,2.5
Bryan Vetell,190.5,,120.2,Southpaw,49.2,2.74,0.6,2.13,0.41,0.0,0.0,0.0,0.0
Marvin Vettori,182.9,188.0,83.9,Southpaw,33.0,4.78,0.45,3.19,0.66,1.33,0.45,0.78,0.8
Hugo Viana,167.6,170.2,61.2,Orthodox,44.0,3.05,0.38,3.2,0.57,0.22,0.06,0.5,0.0
Guilherme Viana,193.0,,93.0,,,2.92,0.4,2.72,0.59,1.2,0.66,0.77,0.0
Vitor Vianna,,,93.0,Orthodox,,3.1,0.3,8.28,0.52,0.0,0.0,0.0,0.0
Polyana Viana,165.1,170.2,52.2,Orthodox,34.3,3.71,0.41,3.01,0.54,1.12,0.33,0.5,3.4
James Vick,190.5,193.0,70.3,Orthodox,39.6,4.13,0.39,3.31,0.6,0.26,0.33,0.57,0.7
Ketlen Vieira,172.7,172.7,61.2,Orthodox,35.1,2.66,0.36,3.84,0.53,2.19,0.48,0.92,0.5
Milton Vieira,182.9,,65.8,Orthodox,48.0,1.13,0.35,2.36,0.48,2.67,0.53,0.12,0.7
Reginaldo Vieira,170.2,165.1,61.2,Orthodox,43.8,3.76,0.4,2.89,0.59,1.97,0.27,0.25,0.8
Steve Vigneault,177.8,,83.9,Orthodox,48.6,2.19,0.28,5.75,0.44,0.0,0.0,1.0,0.0
Rodolfo Vieira,182.9,185.4,83.9,Orthodox,37.0,1.66,0.42,3.06,0.42,7.0,0.47,0.0,1.6
DeMarco Villalona,175.3,,83.9,,,0.0,0.0,0.0,0.0,0.0,0.0,0.0,0.0
Alejandro Villalobos,170.2,,65.8,,46.9,3.93,0.46,4.07,0.67,1.0,0.5,0.0,0.0
Ruben Villareal,193.0,,120.2,Orthodox,56.4,5.18,0.53,4.86,0.35,0.0,0.0,0.0,0.0
Gian Villante,190.5,193.0,104.3,Orthodox,41.1,4.39,0.43,5.48,0.55,0.46,0.23,0.83,0.0
Ike Villanueva,185.4,185.4,102.1,Orthodox,42.5,3.62,0.4,6.93,0.37,0.0,0.0,0.0,0.0
Armando Villarreal,170.2,167.6,61.2,Southpaw,37.1,3.23,0.55,4.3,0.52,3.23,0.25,0.0,0.0
Pablo Villaseca,170.2,,70.3,,39.7,2.79,0.42,3.25,0.65,2.5,0.5,0.33,0.0
Joey Villasenor,182.9,,83.9,Orthodox,50.9,2.05,0.38,3.26,0.52,0.71,0.4,0.53,1.1
Yuri Villefort,182.9,185.4,77.1,Orthodox,35.5,3.18,0.43,5.42,0.55,2.0,0.35,0.4,0.3
Danillo Villefort,185.4,,83.9,Orthodox,43.4,2.86,0.37,2.4,0.68,1.71,0.66,0.33,1.7
Marcos Vinicius,175.3,,56.7,Orthodox,46.8,1.93,0.49,2.91,0.47,0.0,0.0,0.25,0.5
Brandon Visher,167.6,172.7,61.2,Orthodox,42.4,2.55,0.45,3.76,0.42,0.67,0.2,0.0,0.0
Falaniko Vitale,177.8,,83.9,Orthodox,52.2,1.88,0.49,3.68,0.47,0.72,0.33,0.86,0.0
Bobby Voelker,182.9,188.0,77.1,Orthodox,47.4,4.01,0.35,5.84,0.42,1.04,0.5,0.66,0.0
Alexander Volkanovski,167.6,180.3,65.8,Orthodox,38.0,6.02,0.55,3.31,0.6,2.09,0.34,0.72,0.3
Jacob Volkmann,175.3,180.3,70.3,Southpaw,46.0,1.19,0.34,1.78,0.52,3.19,0.48,0.52,2.0
Alexander Volkov,200.7,203.2,113.4,Orthodox,37.9,4.88,0.59,2.48,0.56,0.66,0.7,0.66,0.2
Jason Von Flue,182.9,,77.1,Orthodox,51.1,1.89,0.36,3.23,0.52,0.62,0.16,0.58,1.5
Milco Voorn,,,99.8,Orthodox,,0.0,0.0,0.0,1.0,0.0,0.0,0.0,0.0
Mark Vorgeas,177.8,,61.2,,,3.87,0.32,4.19,0.51,0.0,0.0,0.5,0.8
James Wade,177.8,,93.0,,,0.0,0.0,0.0,0.0,0.0,0.0,0.0,0.0
Neil Wain,177.8,,109.8,Orthodox,,2.64,0.5,8.57,0.43,0.0,0.0,0.5,0.0
Igor Vovchanchyn,172.7,,93.0,Orthodox,53.1,1.59,0.49,0.97,0.63,1.19,0.66,0.5,0.5
Chris Wade,177.8,177.8,70.3,Orthodox,39.0,1.7,0.53,1.75,0.51,2.6,0.51,0.55,1.1
TJ Waldburger,180.3,190.5,77.1,Orthodox,38.4,2.02,0.51,2.39,0.4,3.03,0.46,0.4,4.8
Chase Waldon,185.4,190.5,83.9,Orthodox,40.0,1.03,0.28,6.72,0.38,7.76,0.33,0.0,0.0
Andre Walker,180.3,,93.0,Southpaw,,2.28,0.31,4.36,0.34,0.0,0.0,0.0,0.0
Herschel Walker,185.4,,97.5,Orthodox,64.6,3.42,0.67,0.45,0.46,1.94,1.0,1.0,0.0
Donny Walker,175.3,,61.2,,46.7,1.81,0.37,3.85,0.46,0.0,0.0,0.57,1.7
Rodney Wallace,175.3,182.9,93.0,Switch,44.8,1.13,0.46,3.44,0.45,6.0,0.54,0.28,1.0
Ben Wall,177.8,,70.3,Orthodox,37.5,1.47,0.29,8.53,0.29,0.0,0.0,1.0,0.0
Crafton Wallace,182.9,,83.9,Orthodox,50.9,1.55,0.44,2.36,0.47,0.0,0.0,0.42,0.0
Johnny Walker,198.1,208.3,93.0,Orthodox,34.5,4.41,0.72,3.51,0.31,0.4,1.0,0.6,1.2
Jeremy Wallace,175.3,,,,,0.0,0.0,0.0,0.0,0.0,0.0,0.0,0.0
James Wallace,177.8,175.3,70.3,Orthodox,33.8,0.52,0.28,3.41,0.35,0.0,0.0,0.0,0.0
Randall Wallace,180.3,185.4,83.9,Orthodox,37.6,1.13,0.38,4.11,0.45,2.13,0.5,0.0,0.0
Jim Wallhead,177.8,,77.1,Orthodox,42.5,3.19,0.26,6.65,0.49,0.0,0.0,1.0,0.0
Cory Walmsley,182.9,,93.0,Orthodox,,0.79,1.0,1.18,0.5,0.0,0.0,0.0,0.0
Richard Walsh,182.9,185.4,77.1,Orthodox,37.8,3.84,0.46,2.72,0.58,1.55,0.4,0.66,0.2
Erick Wanderlei,185.4,,93.0,Orthodox,,0.63,0.41,2.66,0.4,3.8,0.66,0.0,1.9
Patrick Walsh,180.3,,83.9,,37.8,2.03,0.19,2.83,0.64,3.0,0.54,1.0,1.5
Dimitiri Wanderley,,,93.0,Orthodox,,0.92,0.25,4.31,0.3,1.16,0.2,0.0,0.0
Andy Wang,167.6,,70.3,Orthodox,49.3,3.43,0.36,10.29,0.62,0.0,0.0,0.0,0.0
Sai Wang,182.9,,77.1,Southpaw,40.7,3.17,0.46,2.27,0.53,0.0,0.0,0.77,0.0
Anying Wang,182.9,,77.1,Orthodox,35.5,1.32,0.26,1.63,0.44,0.0,0.0,0.33,0.0
Curt Warburton,182.9,185.4,70.3,Orthodox,,2.13,0.42,3.44,0.43,2.35,0.5,0.83,0.9
Brennan Ward,177.8,180.3,77.1,,38.2,7.2,0.6,2.76,0.52,0.0,0.0,1.0,3.6
Charlie Ward,180.3,,77.1,Orthodox,45.8,1.64,0.19,7.21,0.53,0.0,0.0,0.0,0.0
Terrion Ware,172.7,180.3,61.2,Orthodox,40.5,4.02,0.32,6.07,0.5,0.5,0.22,0.44,0.0
Joe Warren,167.6,,61.2,Orthodox,49.9,2.15,0.46,2.39,0.52,6.14,0.46,0.6,0.0
Brian Warren,182.9,,83.9,Orthodox,,1.16,0.21,4.63,0.57,0.0,0.0,0.0,0.0
Merritt Warren,177.8,,70.3,Southpaw,,0.0,0.0,0.0,0.0,0.0,0.0,0.0,0.0
Idris Wasi,182.9,,84.4,,36.8,0.4,0.31,3.53,0.46,0.0,0.0,0.2,0.0
Kengo Watanabe,193.0,,99.8,Orthodox,50.6,0.6,0.4,3.4,0.35,1.0,1.0,0.37,0.0
Andy Waters,182.9,,77.1,,,0.0,0.0,0.0,0.0,0.0,0.0,0.0,0.0
Ron Waterman,188.0,,127.0,Orthodox,60.8,0.84,0.5,1.37,0.42,4.19,0.69,0.5,2.8
Dominic Waters,185.4,200.7,77.1,Orthodox,37.5,0.48,0.23,2.53,0.39,4.07,0.52,0.28,0.0
Sam Watford,,,70.3,,,0.13,0.18,0.73,0.62,2.0,0.4,0.6,1.0
Michelle Waterson,160.0,157.5,52.2,Orthodox,40.7,3.58,0.49,4.0,0.49,1.52,0.34,0.67,0.9
Blake Watkins,,,83.9,,,5.45,0.62,7.64,0.61,0.0,0.0,0.0,0.0
Kyle Watson,182.9,,70.3,Southpaw,47.1,3.67,0.35,3.25,0.62,0.0,0.0,1.0,0.0
Maka Watson,,,70.3,,42.0,0.93,0.37,1.6,0.22,2.0,1.0,0.33,0.0
Walel Watson,180.3,190.5,61.2,Orthodox,42.2,2.1,0.29,3.79,0.43,0.0,0.0,0.61,1.4
Tom Watson,185.4,185.4,83.9,Orthodox,44.2,4.01,0.44,4.41,0.5,0.15,0.07,0.43,0.0
Enrique Watson,,,83.9,,,0.0,0.0,0.0,0.0,0.0,0.0,0.0,0.0
Brok Weaver,182.9,185.4,70.3,Southpaw,34.8,4.78,0.64,4.35,0.46,0.41,0.1,0.66,0.4
Stephanie Webber,167.6,,61.2,,,0.91,0.8,3.85,0.15,6.79,0.4,0.0,0.0
Jonavin Webb,177.8,,77.1,Orthodox,37.4,1.47,0.3,2.27,0.64,2.5,0.31,0.4,1.0
Kazuhisa Watanabe,167.6,,63.0,,43.4,0.62,0.5,0.94,0.0,0.0,0.0,0.14,0.0
Royston Wee,170.2,170.2,61.2,Orthodox,39.9,1.1,0.6,2.45,0.49,3.38,0.81,0.0,0.0
Daniel Weichel,177.8,177.8,65.8,,41.8,5.71,0.42,4.05,0.61,0.84,0.5,0.83,0.0
Chris Weidman,188.0,198.1,83.9,Orthodox,42.3,3.03,0.43,3.15,0.52,3.93,0.47,0.65,0.9
Mark Weir,188.0,,83.9,Southpaw,59.0,1.54,0.56,2.5,0.38,0.8,0.5,0.25,2.4
Christian Wellisch,188.0,195.6,106.1,Orthodox,51.0,3.12,0.27,3.04,0.56,1.22,0.42,0.45,1.2
Jeremiah Wells,175.3,,77.1,,39.9,0.0,0.0,0.0,0.0,0.0,0.0,0.0,0.0
Mike Wessel,182.9,,117.9,Orthodox,48.8,1.82,0.56,6.43,0.22,6.29,0.5,0.0,0.0
Dustin West,180.3,,77.1,,,0.0,0.0,0.0,0.0,0.0,0.0,0.0,0.0
Fabricio Werdum,193.0,195.6,104.8,Orthodox,49.1,3.59,0.52,2.64,0.55,1.75,0.31,0.31,1.2
Sheldon Westcott,185.4,180.3,77.1,Southpaw,42.1,2.26,0.4,3.73,0.37,3.23,0.37,0.14,0.0
Aaron Wetherspoon,,,77.1,,,2.27,0.32,4.33,0.45,0.0,0.0,0.77,0.0
Coty Wheeler,167.6,170.2,61.2,Orthodox,48.0,1.88,0.22,3.16,0.59,0.87,0.37,0.33,2.6
Vernon White,182.9,,93.0,Southpaw,54.8,2.11,0.38,2.2,0.54,0.88,0.28,0.44,0.0
Steve White,180.3,,79.4,,,0.0,0.0,0.0,0.0,0.0,0.0,0.0,0.0
Alex White,182.9,180.3,70.3,Southpaw,37.9,3.76,0.42,3.07,0.6,0.92,0.28,0.71,0.5
Mike Whitehead,185.4,,93.0,Orthodox,45.2,1.62,0.33,2.36,0.59,3.59,0.43,0.77,0.3
Robert Whiteford,175.3,175.3,65.8,Southpaw,43.4,2.33,0.46,1.99,0.62,1.9,0.3,0.45,0.0
Craig White,188.0,193.0,77.1,Orthodox,36.2,1.23,0.4,3.28,0.39,0.0,0.0,0.5,0.8
Garett Whiteley,182.9,182.9,70.3,Orthodox,45.8,3.72,0.48,4.04,0.46,0.0,0.0,0.27,0.9
Mitch Whitesel,175.3,,83.9,,45.2,0.0,0.0,0.0,0.0,0.0,0.0,0.0,0.0
Emily Whitmire,165.1,160.0,52.2,Orthodox,35.3,2.71,0.3,3.08,0.54,1.1,0.5,0.7,0.6
Robert Whittaker,182.9,185.4,83.9,Orthodox,35.8,4.52,0.4,3.44,0.6,0.43,0.27,0.84,0.0
Adam Wieczorek,195.6,205.7,113.4,Orthodox,34.6,1.68,0.38,1.87,0.48,0.41,0.33,0.58,0.4
Jonathan Wiezorek,190.5,,113.4,Southpaw,48.6,1.27,0.58,5.47,0.31,1.91,0.2,0.0,0.0
Orlando Wiet,177.8,,77.1,Southpaw,,0.0,0.0,0.0,0.0,0.0,0.0,0.0,0.0
Justin Wilcox,167.6,,70.3,Orthodox,47.5,3.82,0.28,2.63,0.71,1.43,0.16,1.0,0.0
Aaron Wilkinson,177.8,,70.3,,39.6,0.0,0.0,0.0,1.0,7.32,1.0,0.0,0.0
Joe Wilk,175.3,,65.8,,44.4,1.0,0.54,2.0,0.72,0.0,0.0,0.0,0.0
Mike Wilkinson,170.2,167.6,65.8,Orthodox,39.0,2.35,0.38,3.7,0.35,0.92,0.14,0.55,0.9
Rob Wilkinson,190.5,203.2,83.9,Orthodox,34.6,2.74,0.5,5.66,0.39,4.47,0.25,0.0,0.0
James Wilks,185.4,190.5,77.1,Orthodox,48.4,1.82,0.45,2.03,0.5,1.27,0.22,0.66,3.8
Tedd Williams,185.4,,124.7,Orthodox,56.8,0.0,0.0,0.0,0.0,0.0,0.0,0.0,0.0
Pete Williams,190.5,,106.6,Orthodox,51.2,0.61,0.62,2.77,0.4,1.84,0.4,0.16,0.9
Carter Williams,185.4,,120.2,Orthodox,,1.55,0.36,2.32,0.58,2.9,0.33,1.0,0.0
Patrick Williams,172.7,185.4,61.2,Orthodox,45.0,4.12,0.51,4.12,0.52,2.71,0.41,1.0,0.5
Tim Williams,188.0,193.0,83.9,Orthodox,40.2,3.07,0.38,3.55,0.48,1.81,0.4,1.0,0.0
Jordan Williams,185.4,190.5,83.9,Southpaw,35.9,6.07,0.51,5.77,0.35,0.98,0.5,0.88,0.0
Cole Williams,182.9,185.4,77.1,Orthodox,42.8,0.31,0.27,5.34,0.23,0.0,0.0,0.25,0.0
Khaos Williams,182.9,195.6,77.1,Orthodox,32.5,4.39,0.45,2.95,0.44,0.0,0.0,0.0,0.0
Karl Willis,,,,,,0.0,0.0,0.0,0.0,0.0,0.0,0.0,0.0
Justin Willis,185.4,198.1,119.7,Southpaw,39.2,3.37,0.59,2.57,0.57,0.96,0.66,0.36,0.0
Chris Wilson,185.4,190.5,77.1,Orthodox,49.3,2.32,0.5,1.36,0.55,1.31,0.5,0.6,1.6
Greg Wilson,,,70.3,,38.0,0.0,0.0,0.0,0.0,0.0,0.0,0.0,0.0
Jonathan Wilson,188.0,190.5,93.0,Southpaw,39.2,2.92,0.48,5.65,0.56,0.37,1.0,0.8,0.0
Sean Wilson,172.7,,65.8,,43.9,1.01,0.31,5.88,0.62,0.0,0.0,0.0,0.0
Matt Wiman,177.8,172.7,70.3,Orthodox,43.0,3.17,0.5,3.57,0.51,2.13,0.37,0.56,1.5
Eddie Wineland,170.2,175.3,61.2,Orthodox,42.2,3.4,0.29,3.66,0.69,0.34,0.33,0.86,0.1
Rubin Williams,185.4,,83.9,Orthodox,50.5,0.0,0.0,1.39,0.6,0.0,0.0,0.0,0.0
Deron Winn,167.6,177.8,83.9,Orthodox,37.3,4.74,0.47,5.17,0.5,4.98,0.52,0.0,0.0
Andre Winner,180.3,185.4,70.3,Orthodox,44.9,2.52,0.33,4.57,0.51,0.0,0.0,0.74,0.0
Jason Witt,177.8,177.8,77.1,Orthodox,39.9,3.16,0.65,2.68,0.29,3.65,0.5,0.0,1.8
Eric Wisely,172.7,,65.8,Southpaw,42.2,1.42,0.47,2.08,0.56,0.0,0.0,0.27,0.9
Keith Wisniewski,182.9,,77.1,Orthodox,44.9,2.32,0.52,4.86,0.42,1.57,0.4,0.78,0.3
Travis Wiuff,190.5,,93.0,Orthodox,48.5,0.48,0.3,4.03,0.41,4.84,0.57,0.44,1.2
Ray Wizard,,,,,,0.0,0.0,0.0,0.0,0.0,0.0,0.0,0.0
Brandon Wolff,175.3,,77.1,Orthodox,50.9,0.47,0.33,10.91,0.19,0.0,0.0,0.0,0.0
Xue Do Won,170.2,,74.8,,,0.0,0.0,0.0,0.0,0.0,0.0,0.0,0.0
Nathaniel Wood,167.6,175.3,63.5,Orthodox,33.4,6.28,0.46,4.36,0.53,1.29,0.46,0.75,0.9
Salvador Woods,180.3,,77.1,,41.6,0.0,0.0,0.0,0.0,0.0,0.0,0.0,0.0
Tyron Woodley,175.3,188.0,77.1,Orthodox,44.5,2.33,0.48,2.72,0.55,1.08,0.4,0.87,0.4
Sean Woodson,188.0,198.1,65.8,Orthodox,34.3,6.4,0.45,4.43,0.58,0.0,0.0,0.77,0.0
Cal Worsham,180.3,,104.3,Orthodox,,0.0,0.0,0.0,0.0,0.0,0.0,0.0,0.0
Hunter Worsham,,,83.9,,,0.0,0.0,0.0,0.0,0.0,0.0,0.0,0.0
Khama Worthy,180.3,188.0,70.3,Orthodox,39.9,4.12,0.47,3.69,0.45,0.0,0.0,0.57,0.8
Eric Wray,182.9,,77.1,Orthodox,,1.76,0.48,3.12,0.28,4.07,0.66,0.0,2.0
JW Wright,,,59.0,,50.7,0.0,0.0,0.0,0.0,0.0,0.0,0.0,0.0
Justin Wren,188.0,,120.2,Orthodox,39.4,3.43,0.35,2.07,0.64,0.0,0.0,1.0,0.0
Chris Wright,,,,,,0.0,0.0,0.0,0.0,0.0,0.0,0.0,0.0
Danyelle Wolf,180.3,177.8,65.8,Orthodox,43.0,3.4,0.28,5.67,0.44,0.0,0.0,1.0,1.0
Jordan Wright,188.0,195.6,93.0,Orthodox,35.0,4.68,0.5,8.02,0.4,0.0,0.0,1.0,0.0
Marcin Wrzosek,175.3,,70.3,,38.9,3.47,0.43,4.07,0.43,3.0,0.25,0.33,0.0
Jamie Yager,185.4,,83.9,Orthodox,42.8,3.08,0.39,2.55,0.63,0.0,0.0,0.66,0.0
Wu Yanan,172.7,167.6,56.7,Orthodox,30.4,4.51,0.45,4.82,0.51,0.61,0.22,0.66,0.3
Rubens Xavier,190.5,,99.8,Orthodox,,0.77,0.42,1.82,0.21,2.1,0.4,0.25,1.1
Eddie Yagin,170.2,,65.8,Orthodox,47.5,3.13,0.3,5.77,0.42,0.0,0.0,0.62,1.0
Rani Yahya,167.6,170.2,61.2,Orthodox,42.0,1.57,0.37,1.7,0.5,2.89,0.33,0.24,2.0
Alexander Yakovlev,190.5,188.0,70.3,Southpaw,42.2,1.74,0.47,2.41,0.58,1.66,0.35,0.72,0.1
Kenichi Yamamoto,182.9,,77.1,Orthodox,50.2,0.3,0.46,1.93,0.38,0.0,0.0,0.1,0.3
Keiichiro Yamamiya,180.3,,83.9,Southpaw,54.2,0.0,0.0,0.0,0.0,0.0,0.0,0.0,0.0
Atsushi Yamamoto,167.6,,63.0,Orthodox,46.0,1.97,0.39,1.27,0.7,1.12,0.33,1.0,0.0
Yoshihisa Yamamoto,188.0,,99.8,Southpaw,56.2,1.65,0.38,3.05,0.53,1.0,0.2,0.5,0.6
Norifumi Yamamoto,162.6,167.6,61.2,Southpaw,49.5,2.09,0.45,2.01,0.57,0.41,0.22,0.45,0.0
Hiroko Yamanaka,180.3,,61.2,,47.9,2.1,0.26,3.54,0.63,0.0,0.0,1.0,0.0
Goiti Yamauchi,177.8,,65.8,,33.7,1.66,0.54,1.01,0.66,0.0,0.0,0.0,4.3
Yan Xiaonan,165.1,160.0,52.2,Orthodox,37.3,6.42,0.42,3.63,0.63,1.0,0.75,0.75,0.0
Takeshi Yamazaki,172.7,,63.0,Southpaw,,0.57,0.25,1.57,0.47,4.5,0.5,1.0,1.0
Petr Yan,170.2,170.2,61.2,Switch,33.6,5.99,0.52,3.55,0.62,2.14,0.66,0.9,0.1
Jianping Yang,170.2,,65.8,Orthodox,37.8,1.4,0.26,2.07,0.65,1.0,0.25,0.33,0.0
Dongi Yang,177.8,185.4,83.9,Southpaw,41.8,3.55,0.51,3.21,0.63,1.7,0.41,0.61,0.5
Adam Yandiev,175.3,188.0,83.9,Orthodox,38.1,0.18,0.08,6.14,0.36,0.0,0.0,0.25,0.0
Hu Yaozong,190.5,182.9,93.0,Orthodox,31.5,4.43,0.52,5.23,0.38,0.0,0.0,0.0,0.7
Emmanuel Yarborough,203.2,,349.3,Open Stance,66.0,0.0,0.0,0.0,0.0,0.0,0.0,0.0,0.0
Masutatsu Yano,175.3,,89.8,Orthodox,51.2,0.0,0.0,0.0,0.0,0.0,0.0,0.0,0.0
Cale Yarbrough,185.4,,83.9,Orthodox,39.7,3.16,0.27,10.0,0.72,0.0,0.0,0.0,0.0
Tadao Yasuda,193.0,,140.6,Orthodox,63.0,2.7,0.73,0.85,0.6,0.75,0.14,0.0,0.0
Yoshiaki Yatsu,185.4,,74.8,Orthodox,70.2,0.0,0.0,5.57,0.48,0.0,0.0,0.0,0.0
Chris Yee,175.3,,83.9,,,0.0,0.0,0.0,0.0,0.0,0.0,0.0,0.0
Hirotaka Yokoi,180.3,,93.0,Orthodox,48.3,1.52,0.33,3.42,0.38,1.87,0.41,0.66,0.4
Kazunori Yokota,172.7,,69.9,Orthodox,48.5,0.67,0.31,1.13,0.57,0.0,0.0,0.0,0.0
Ashley Yoder,170.2,175.3,52.2,Southpaw,38.9,2.75,0.39,3.53,0.46,1.33,0.37,0.68,0.7
John Yoo,,,61.2,,,0.0,0.0,0.0,0.0,0.0,0.0,0.0,0.0
Sanghoon Yoo,182.9,188.0,70.3,Orthodox,36.7,5.0,0.66,7.27,0.27,1.0,1.0,0.75,1.0
Dong Sik Yoon,182.9,,83.9,Orthodox,54.1,0.99,0.36,2.33,0.51,1.6,0.29,0.33,1.3
Yoshiyuki Yoshida,180.3,177.8,77.1,Southpaw,52.4,0.85,0.36,3.67,0.36,1.41,0.28,0.25,2.8
Adrian Yanez,170.2,177.8,61.2,Orthodox,32.8,4.69,0.44,2.31,0.55,0.0,0.0,1.0,0.0
Kaitlin Young,175.3,,61.2,Orthodox,41.0,2.83,0.26,6.33,0.51,2.5,1.0,0.0,0.0
Artenus Young,,,93.0,,46.2,0.0,0.0,0.0,0.0,0.0,0.0,0.0,0.0
Trenell Young,167.6,,65.8,Orthodox,50.3,1.43,0.22,5.13,0.5,1.13,0.2,0.0,1.1
Hidehiko Yoshida,180.3,,102.1,Orthodox,57.1,1.05,0.36,1.89,0.62,1.09,0.33,0.71,2.2
Shane Young,172.7,182.9,65.8,Orthodox,33.1,6.01,0.4,5.15,0.56,0.73,0.25,0.64,0.0
Shanna Young,170.2,165.1,61.2,Orthodox,35.6,3.05,0.57,5.28,0.45,0.0,0.0,0.54,0.0
Jason Young,175.3,185.4,65.8,Orthodox,40.2,2.97,0.37,3.2,0.5,1.98,0.66,0.55,0.0
Besam Yousef,180.3,,77.1,Orthodox,41.5,3.14,0.53,3.98,0.38,1.33,0.66,0.5,0.0
Han Ten Yun,180.3,,99.8,,,0.0,0.0,0.0,0.0,0.0,0.0,0.0,0.0
Rob Yundt,185.4,,83.9,Orthodox,46.4,1.37,0.41,2.55,0.31,2.94,1.0,0.0,0.0
Sodiq Yusuff,175.3,180.3,65.8,Orthodox,33.3,6.1,0.49,4.06,0.58,0.0,0.0,0.72,0.3
Gilbert Yvel,188.0,195.6,102.1,Orthodox,50.2,1.05,0.47,1.78,0.5,0.0,0.0,0.25,1.0
Joao Zaiden,,,93.0,,33.5,0.0,0.0,0.0,0.0,0.0,0.0,0.0,0.0
Luke Zachrich,188.0,188.0,83.9,Orthodox,44.8,4.56,0.32,4.46,0.62,0.74,0.33,0.8,0.0
Aiemann Zahabi,172.7,172.7,61.2,Orthodox,38.8,2.82,0.4,3.91,0.65,0.33,0.16,0.72,0.0
Anton Zafir,180.3,,77.1,Orthodox,39.4,2.99,0.64,2.31,0.52,6.11,0.6,0.0,0.0
Elizeu Zaleski dos Santos,180.3,185.4,77.1,Orthodox,39.8,4.05,0.39,3.07,0.59,0.57,0.17,0.52,0.5
Youssef Zalal,177.8,182.9,65.8,Switch,30.1,2.45,0.51,1.56,0.64,2.4,0.4,0.56,1.4
Roger Zapata,180.3,,77.1,Southpaw,40.4,2.6,0.51,2.13,0.36,0.0,0.0,0.81,1.4
Zach Zane,170.2,175.3,65.8,Southpaw,36.8,0.87,0.56,6.67,0.2,0.0,0.0,0.26,0.0
David Zawada,182.9,190.5,77.1,Orthodox,36.1,3.24,0.4,4.07,0.54,0.96,0.3,0.57,2.2
Marius Zaromskis,175.3,,77.1,Orthodox,46.1,5.02,0.34,5.93,0.5,0.73,0.42,0.73,0.0
Craig Zellner,188.0,,93.0,Orthodox,50.0,0.61,0.09,4.65,0.61,0.0,0.0,0.0,0.0
Roman Zentsov,185.4,,104.3,Orthodox,53.0,1.18,0.36,0.53,0.7,1.6,1.0,0.33,3.2
Zhang Lipeng,180.3,180.3,70.3,Southpaw,36.5,1.28,0.48,1.88,0.53,1.75,0.3,0.69,0.8
Yao Zhikui,165.1,162.6,56.7,Orthodox,35.6,1.44,0.21,2.82,0.48,0.66,0.16,0.58,0.0
Zhang Weili,162.6,160.0,52.2,Switch,37.1,6.38,0.45,4.43,0.53,1.26,0.23,1.0,0.5
Zhalgas Zhumagulov,162.6,167.6,56.7,Switch,38.1,4.17,0.49,4.0,0.58,1.5,0.21,0.33,0.0
Fares Ziam,185.4,190.5,70.3,Orthodox,29.5,1.9,0.47,1.37,0.66,0.5,0.11,0.65,0.0
Mike Zichelle,,,93.0,,,0.87,0.35,0.87,0.4,0.0,0.0,0.0,2.0
James Zikic,188.0,,93.0,Orthodox,49.6,1.47,0.35,1.6,0.44,0.5,0.25,0.74,0.5
Errol Zimmerman,190.5,,83.9,Orthodox,40.4,2.95,0.42,0.0,0.0,0.0,0.0,0.0,0.0
Cat Zingano,167.6,172.7,65.8,Southpaw,44.2,2.57,0.61,1.63,0.47,2.77,0.65,0.42,0.8
Joao Zeferino,180.3,,77.1,Orthodox,40.7,0.83,0.36,2.6,0.48,0.5,0.05,0.5,1.0
Igor Zinoviev,185.4,,90.3,Orthodox,,0.0,0.0,0.0,0.0,0.0,0.0,0.0,0.0
Dave Zitanick,,,77.1,,46.6,0.0,0.0,0.0,0.0,0.0,0.0,0.0,0.0
Carlos Zevallos,182.9,,93.0,Orthodox,,4.36,0.65,2.28,0.68,0.0,0.0,1.0,0.0
Zhang Tiequan,172.7,175.3,70.3,Orthodox,48.2,1.23,0.36,2.14,0.51,1.95,0.58,0.75,3.4
Alex Zuniga,,,65.8,,,0.0,0.0,0.0,0.0,0.0,0.0,0.0,0.0
George Zuniga,175.3,,83.9,,,7.64,0.38,5.45,0.37,0.0,0.0,1.0,0.0
Allan Zuniga,170.2,177.8,70.3,Orthodox,34.5,3.93,0.52,1.8,0.61,0.0,0.0,0.57,1.0
Virgil Zwicker,188.0,188.0,93.0,,44.2,3.34,0.48,4.87,0.39,1.31,0.3,0.5,0.0
